id,engine,class,kind,dtype,memory_space,file,line_start,line_end,function,default_path,direction,phase,moe,quant,attention_backend,parallelism,gate_flag,gate_default,confidence,path_description,evidence,downstream_order_invariant,opaque_library,default_path_condition,definition_only,provenance,candidate_ids,entry_points,cross_checked,runtime_evidence,notes,sha
DeepEP-0001,DeepEP,B-indirect,atomicAdd,int32,global,csrc/kernels/legacy/internode_ll.cu,254,260,"dispatch (low-latency, legacy)",True,forward,both,moe,any,,EP,,,high,Low-latency dispatch: each token takes a slot in the destination expert's receive buffer from an integer ticket (atomicAdd on atomic_counter_per_expert) before its IBGDA send. The slot order within an expert's buffer is therefore arrival order.,"csrc/kernels/legacy/internode_ll.cu:255: slot_idx = atomicAdd(atomic_counter_per_expert + dst_expert_idx, 1) | csrc/kernels/legacy/internode_ll.cu:1082-1088: for (int i = 0; i < num_topk; ++i) ... topk_weight = topk_weights[i]; accumulate in i order",True,,,False,scanner,DeepEP-c00011,deep_ep/buffers/legacy.py:553,False,,"Recv-count counters (line 408), stats counters (415, 417) and the clean/finish flags (277-317, 785, 930) are exact integer counters. Callers outside this repository: vLLM vllm/distributed/device_communicators/all2all.py:307-340 and SGLang's layers/moe/token_dispatcher call Buffer.low_latency_dispatch.",01dc3aaac82068020353dce2c302e38153c0bfaa
DeepEP-0002,DeepEP,B,atomicAdd,int32,global,csrc/kernels/legacy/internode_ll.cu,406,410,dispatch (recv count),True,forward,both,moe,any,,EP,,,high,Per-expert received-token count on the receiver.,"csrc/kernels/legacy/internode_ll.cu:408: atomicAdd(packed_recv_count + local_expert_idx, num_recv_tokens) | csrc/kernels/legacy/internode_ll.cu:404: Additional scanner location for this site: atomicExch( in dispatch; the compact snippet omits this line.",,,,False,scanner,DeepEP-c00015;DeepEP-c00016,,False,,Exact.,01dc3aaac82068020353dce2c302e38153c0bfaa
DeepEP-0003,DeepEP,B,atomicAdd,int32,global,csrc/kernels/legacy/internode_ll.cu,34,38,barrier,True,forward,both,moe,any,,EP,,,high,"Cross-rank barrier counters and timeout masks (atomicExch at 64, 404, 968, 1262).","csrc/kernels/legacy/internode_ll.cu:36: atomicAdd(sync_buffer_ptr + rank, -1)",,,,False,scanner,DeepEP-c00009,,False,,Exact.,01dc3aaac82068020353dce2c302e38153c0bfaa
DeepEP-0004,DeepEP,B,atomicAdd,int32,global,csrc/kernels/legacy/utils.cuh,524,528,barrier_block,True,forward,both,moe,any,,EP,,,high,System-scope barrier over NVLink: atomicAdd_system / atomicSub_system on per-rank signal words; CTA-scope locks use atom.cas/exch on shared memory (548-566).,"csrc/kernels/legacy/utils.cuh:526-527: atomicAdd_system(barrier_signal_ptrs[rank] + thread_id, FINISHED_SUM_TAG); atomicSub_system(...)",,,,False,scanner,DeepEP-c00026;DeepEP-c00027;DeepEP-c00028;DeepEP-c00029,,False,,Exact.,01dc3aaac82068020353dce2c302e38153c0bfaa
DeepEP-0005,DeepEP,B,atomicAdd,uint64,global,csrc/kernels/legacy/ibgda_device.cuh,251,255,ibgda_reserve_wqe_slots,True,forward,both,moe,any,,EP,,,high,"GPU-initiated RDMA (IBGDA) work-queue bookkeeping: WQE slot reservation, producer index atomicMax (135), CAS locks (89, 159) and remote AMO adds (431).","csrc/kernels/legacy/ibgda_device.cuh:253: atomicAdd(&mvars->tx_wq.resv_head, num_wqes) | csrc/kernels/legacy/ibgda_device.cuh:431: atomicAdd((unsigned long long*)rptr, value) in nvshmemi_ibgda_amo_nonfetch_add",,,,False,scanner,DeepEP-c00007,,False,,Integer queue indices and counters; exact.,01dc3aaac82068020353dce2c302e38153c0bfaa
DeepEP-0006,DeepEP,B-indirect,atomicAdd,int32,shared,deep_ep/include/deep_ep/impls/dispatch.cuh,99,106,dispatch_impl (notify counts),True,forward,both,moe,any,,EP,,,medium,"New dispatch (deep_ep/include): per-expert and per-rank token counts in shared memory (atomicAdd_block), reduced grid-wide with red_add (line 114); sender-side scale-up counters (345). hybrid_dispatch.cuh:129-142 and 588 mirror this.","deep_ep/include/deep_ep/impls/dispatch.cuh:101: atomicAdd_block(expert_count + dst_expert_idx, 1) | deep_ep/include/deep_ep/impls/dispatch.cuh:114: ptx::red_add(notify_reduction_workspace + i, counter) | deep_ep/include/deep_ep/impls/combine_utils.cuh:75-90: combine_reduce reads values for slot_0 then slot_1 in top-k order",True,,,False,scanner,DeepEP-c00052;DeepEP-c00053;DeepEP-c00054;DeepEP-c00055,,False,,"The rank-layout variant (kUseRankLayout) exchanges slots through stored_dst_rank_idx; the order is still the top-k index order. Confidence medium because the non-bypass path of combine_reduce (more than 2 experts, with bias) was not read in full.",01dc3aaac82068020353dce2c302e38153c0bfaa
DeepEP-0007,DeepEP,B,atomicAdd,int32,global,deep_ep/include/deep_ep/impls/dispatch_copy_epilogue.cuh,119,123,dispatch_copy_epilogue_impl,True,forward,both,moe,any,,EP,,,high,Prefix-sum of received tokens per expert (expand mode).,"deep_ep/include/deep_ep/impls/dispatch_copy_epilogue.cuh:121: atomicAdd(psum_num_recv_tokens_per_expert + dst_expert_idx, 1)",,,,False,scanner,DeepEP-c00059,,False,,Exact.,01dc3aaac82068020353dce2c302e38153c0bfaa
DeepEP-0008,DeepEP,B,atomicAdd,int32,global,deep_ep/include/deep_ep/common/comm.cuh,103,110,nvlink_barrier_wo_local_sync,True,forward,both,moe,any,,EP,,,high,"NVLink barrier: red.release.sys.global.add on peer signal words (handle.cuh:104-106, ptx.cuh:282-296) plus a local counter.","deep_ep/include/deep_ep/common/comm.cuh:105: red_add_rel_sys(dst_ptr, sign ? -1 : 1) | deep_ep/include/deep_ep/common/comm.cuh:112: atomicAdd(workspace.get_nvl_barrier_counter_ptr(), 1)",,,,False,scanner,DeepEP-c00037;DeepEP-c00038,,False,,Exact.,01dc3aaac82068020353dce2c302e38153c0bfaa
DeepEP-0009,DeepEP,B,atomicAdd,int32,shared,deep_ep/include/deep_ep/impls/engram_fetch.cuh,67,71,engram_fetch_impl,True,forward,both,moe,any,,EP,,,high,Per-peer request counts for the Engram fetch path.,"deep_ep/include/deep_ep/impls/engram_fetch.cuh:69: atomicAdd_block(num_requests_per_peer + peer_idx, 1)",,,,False,scanner,DeepEP-c00060;DeepEP-c00061,,False,,Exact.,01dc3aaac82068020353dce2c302e38153c0bfaa
DeepEP-0010,DeepEP,B,torch-op,int64,global,deep_ep/buffers/elastic.py,181,185,deterministic_sort,True,forward,both,moe,any,,EP,,,medium,"Elastic buffer post-processing: scatter_add_ of source-token keys into per-slot sort keys. Every (token, slot) pair targets its own slot, so each destination is written once; the result feeds a stable sort that restores a source-index order.","deep_ep/buffers/elastic.py:184: sort_keys_for_expanded_tensors.scatter_add_(0, slots[valid_mask], ...) | deep_ep/buffers/elastic.py:186: torch.sort(..., stable=True) on the keys",,,,False,scanner,DeepEP-c00036,,False,,"Integer scatter_add_: exact regardless of order, so class B whether or not slots repeat. Integer keys; even with a duplicate slot the integer sum would be exact. A1 rests on slots being unique, which the routing guarantees when experts are distinct per token.",01dc3aaac82068020353dce2c302e38153c0bfaa
DeepEP-0011,DeepEP,B,torch-op,int32,global,deep_ep/utils/gate.py,110,113,generate_rank_count,False,forward,both,moe,any,,EP,,,high,Test/utility gate: integer scatter_add_ of ones (also utils/math.py:64 inplace_unique bin counts).,"deep_ep/utils/gate.py:112: rank_count.scatter_add_(dim=1, index=result, src=torch.ones_like(result, dtype=torch.int32)) | deep_ep/utils/math.py:64: bin_count.scatter_add_(1, x_padded, torch.ones_like(x_padded))",,,,False,scanner,DeepEP-c00070,,False,,Integer counts; exact.,01dc3aaac82068020353dce2c302e38153c0bfaa
DeepEP-0012,DeepEP,C,library-call,n/a,n/a,deep_ep/utils/refs.py,1,3,reference implementations (torch.distributed),False,forward,both,moe,any,,EP,,,high,Reference implementations and tests call torch.distributed collectives (NCCL); not part of the dispatch/combine kernels.,deep_ep/utils/refs.py:1: six torch.distributed collective calls in this file (candidates DeepEP-c00073 onward),,NCCL,,False,manual,,,False,nccl_allreduce_rank0_Tree: identical/identical (NVIDIA-H100-80GB-HBM3-580.126.09-torch2.13.0+cu130; relation=operator_example; evaluations=8; kernel_identity_verified=False) | nccl_allreduce_rank0_default: identical/identical (NVIDIA-H100-80GB-HBM3-580.126.09-torch2.13.0+cu130; relation=operator_example; evaluations=8; kernel_identity_verified=False) | nccl_allreduce_rank1_Tree: identical/identical (NVIDIA-H100-80GB-HBM3-580.126.09-torch2.13.0+cu130; relation=operator_example; evaluations=8; kernel_identity_verified=False) | nccl_allreduce_rank1_default: identical/identical (NVIDIA-H100-80GB-HBM3-580.126.09-torch2.13.0+cu130; relation=operator_example; evaluations=8; kernel_identity_verified=False) | nccl_allreduce_rank0_Tree_cancellation: identical/identical (NVIDIA-L40S-580.178.04-torch2.9.1+cu130; relation=operator_example; evaluations=8; kernel_identity_verified=False) | nccl_allreduce_rank0_Tree_random: identical/identical (NVIDIA-L40S-580.178.04-torch2.9.1+cu130; relation=operator_example; evaluations=8; kernel_identity_verified=False) | nccl_allreduce_rank0_default_cancellation: identical/identical (NVIDIA-L40S-580.178.04-torch2.9.1+cu130; relation=operator_example; evaluations=8; kernel_identity_verified=False) | nccl_allreduce_rank0_default_random: identical/identical (NVIDIA-L40S-580.178.04-torch2.9.1+cu130; relation=operator_example; evaluations=8; kernel_identity_verified=False) | nccl_allreduce_rank1_Tree_cancellation: identical/identical (NVIDIA-L40S-580.178.04-torch2.9.1+cu130; relation=operator_example; evaluations=8; kernel_identity_verified=False) | nccl_allreduce_rank1_Tree_random: identical/identical (NVIDIA-L40S-580.178.04-torch2.9.1+cu130; relation=operator_example; evaluations=8; kernel_identity_verified=False) | nccl_allreduce_rank1_default_cancellation: identical/identical (NVIDIA-L40S-580.178.04-torch2.9.1+cu130; relation=operator_example; evaluations=8; kernel_identity_verified=False) | nccl_allreduce_rank1_default_random: identical/identical (NVIDIA-L40S-580.178.04-torch2.9.1+cu130; relation=operator_example; evaluations=8; kernel_identity_verified=False) | nccl_allreduce_rank2_Tree_cancellation: identical/identical (NVIDIA-L40S-580.178.04-torch2.9.1+cu130; relation=operator_example; evaluations=8; kernel_identity_verified=False) | nccl_allreduce_rank2_Tree_random: identical/identical (NVIDIA-L40S-580.178.04-torch2.9.1+cu130; relation=operator_example; evaluations=8; kernel_identity_verified=False) | nccl_allreduce_rank2_default_cancellation: identical/identical (NVIDIA-L40S-580.178.04-torch2.9.1+cu130; relation=operator_example; evaluations=8; kernel_identity_verified=False) | nccl_allreduce_rank2_default_random: identical/identical (NVIDIA-L40S-580.178.04-torch2.9.1+cu130; relation=operator_example; evaluations=8; kernel_identity_verified=False),,01dc3aaac82068020353dce2c302e38153c0bfaa
DeepEP-0013,DeepEP,B-indirect,atomicAdd,int32,global,deep_ep/include/deep_ep/impls/hybrid_dispatch.cuh,587,588,hybrid dispatch (scale-up sender counter),unknown,forward,both,moe,any,,EP,,,medium,Hybrid dispatch: slot index in the destination NVLink rank's receive buffer by atomic ticket.,"deep_ep/include/deep_ep/impls/hybrid_dispatch.cuh:588: stored_dst_slot_idx = atomicAdd(get_scaleup_atomic_sender_counter() + rank, 1)",unknown,,,False,scanner,DeepEP-c00068,,False,,Same pattern as DeepEP-0006; the hybrid combine was not read.,01dc3aaac82068020353dce2c302e38153c0bfaa
DeepGEMM-0001,DeepGEMM,A,atomicAdd,float2,global,deep_gemm/include/deep_gemm/impls/sm90_bmk_bnk_mn.cuh,165,172,sm90_bmn_bnk_mn_gemm_impl,False,both,both,dense,fp8;bf16,,any,,,high,"einsum bmk,bnk->mn (batched reduction over the batch dimension): blocks are split over sk (batch) as well as MN (sk_block_idx = blockIdx.x / num_mn_blocks, sm90_bmk_bnk_mn.cuh:92) and every batch block atomically adds its fp32 partial into the same M x N output.","deep_gemm/include/deep_gemm/impls/sm90_bmk_bnk_mn.cuh:168-172: atomicAdd(reinterpret_cast<float2*>(d + ...), make_float2(accum...)) for both row halves | deep_gemm/include/deep_gemm/impls/sm90_bmk_bnk_mn.cuh:91-92: mn_block_idx = blockIdx.x % num_mn_blocks; sk_block_idx = blockIdx.x / num_mn_blocks: the batch axis is spread over blocks | csrc/apis/einsum.hpp:22-38: bmk_bnk_mn accumulates into an fp32 workspace (memset to 0) then casts to bf16 | csrc/jit_kernels/impls/sm90_bmk_bnk_mn.hpp:32-35: split_factor = ceil_div(num_sk_blocks, max(num_sms / num_mn_blocks, 1)): more sk blocks, hence more CTAs adding into each output tile, when the MN grid is smaller than the SM count | csrc/jit_kernels/impls/sm90_bmk_bnk_mn.hpp:93: grid_dim = num_mn_blocks * ceil_div(num_sk_blocks, split_factor)",,,,False,scanner,DeepGEMM-c00083;DeepGEMM-c00084,csrc/apis/einsum.hpp:22-52,False,deepgemm_bmk_bnk_mn: DIFFERS/DIFFERS (NVIDIA-B200-580.167.08-torch2.13.0+cu130; relation=operator_example; evaluations=8; kernel_identity_verified=False) | deepgemm_bmk_bnk_mn: DIFFERS/DIFFERS (NVIDIA-H100-80GB-HBM3-580.126.09-torch2.13.0+cu130; relation=operator_example; evaluations=8; kernel_identity_verified=False),"Exported as deep_gemm.einsum bmk_bnk_mn (csrc/apis/einsum.hpp:143-144, 266-268). Not called by vLLM or SGLang at their pinned shas, nor at vLLM v0.29.0 or SGLang v0.5.19 (no deep_gemm.einsum call outside tests), so default_path is false for inference; recorded because DeepGEMM is in scope. deep_gemm.use_deterministic_algorithms, new at this sha (csrc/apis/config.hpp:30-32), does not affect this expression: bmk_bnk_mn (einsum.hpp:22-58) never reads it, and the split factor grows with the SM count (csrc/jit_kernels/impls/sm90_bmk_bnk_mn.hpp:32-35).",78b69000794d0937b47ae3387eff7663410264d1
DeepGEMM-0002,DeepGEMM,A,tma-reduce,float32,global,deep_gemm/include/deep_gemm/impls/sm100_bmk_bnk_mn.cuh,252,258,sm100_bmn_bnk_mn_gemm_impl,False,both,both,dense,fp8;bf16,,any,,,high,sm100 version of the batched-K reduction: each sk block issues a TMA reduce-add (cp.reduce.async.bulk add) of its tile into the shared M x N output.,"deep_gemm/include/deep_gemm/impls/sm100_bmk_bnk_mn.cuh:255: cute::SM90_TMA_REDUCE_ADD_2D::copy(&tensor_map_d, smem_cd[...], n_idx, m_idx) | deep_gemm/include/deep_gemm/impls/sm100_bmk_bnk_mn.cuh:99-100: sk_block_idx = blockIdx.x / num_mn_blocks | csrc/jit_kernels/impls/sm100_bmk_bnk_mn.hpp:31-34: split_factor = ceil_div(num_sk_blocks, max(num_sms / num_mn_blocks, 1)) | csrc/jit_kernels/impls/sm100_bmk_bnk_mn.hpp:97: grid_dim = num_mn_blocks * ceil_div(num_sk_blocks, split_factor)",,,,False,scanner,DeepGEMM-c00069,csrc/apis/einsum.hpp:22-54,False,deepgemm_bmk_bnk_mn: DIFFERS/DIFFERS (NVIDIA-B200-580.167.08-torch2.13.0+cu130; relation=operator_example; evaluations=8; kernel_identity_verified=False) | deepgemm_bmk_bnk_mn: DIFFERS/DIFFERS (NVIDIA-H100-80GB-HBM3-580.126.09-torch2.13.0+cu130; relation=operator_example; evaluations=8; kernel_identity_verified=False),Same API and reachability as DeepGEMM-0001; deep_gemm.use_deterministic_algorithms does not reach this dispatch either (csrc/apis/einsum.hpp:50-54).,78b69000794d0937b47ae3387eff7663410264d1
DeepGEMM-0003,DeepGEMM,A1,tma-reduce,bfloat16,global,deep_gemm/include/deep_gemm/epilogue/sm100_store_cd.cuh,189,196,sm100_store_cd,True,forward,both,dense,bf16;fp8;fp4,,any,,,high,"GEMM epilogue with accumulation (c given, d += a @ b) in the SM100 bf16 and fp8/fp4 GEMMs: the output tile is written with SM90_TMA_REDUCE_ADD instead of a TMA store, 3D for batched and (new at this sha) k-grouped GEMMs, 2D otherwise. DeepGEMM does not split K across blocks in these kernels, so each output tile receives exactly one reduce-add per launch; the reduction is the add onto the existing D value. At this sha bf16_gemm_nt/nn/tn/tt call cuBLASLt instead unless deep_gemm.use_deterministic_algorithms(True) is set or set_num_sms has lowered the SM count (csrc/apis/gemm.hpp:498-501, csrc/runtime/runtime.hpp:82-84; see DeepGEMM-0011), so the plain bf16 GEMM reaches this epilogue only then; fp8_fp4_gemm_* with c, fp8_einsum with c and the k-grouped bf16/fp8/fp4 GEMMs with c still reach it by default.","deep_gemm/include/deep_gemm/epilogue/sm100_store_cd.cuh:195-198: cute::conditional_t<kWithAccumulation, SM90_TMA_REDUCE_ADD_2D, SM90_TMA_STORE_2D>::copy; the 3D form at 191-194 now also serves k-grouped contiguous GEMMs | csrc/jit_kernels/impls/sm100_fp8_fp4_gemm_1d1d.hpp:119: .with_accumulation = c.has_value() for fp8_fp4_gemm_nt (also 346 and 504 for the k-grouped fp8 and fp4 GEMMs, 417 for fp8_bmm) | csrc/jit_kernels/impls/sm100_bf16_gemm.hpp:97: .with_accumulation = c.has_value() for sm100_bf16_gemm (285 for the k-grouped bf16 GEMM) | csrc/apis/gemm.hpp:498-501: bf16_gemm_nt returns through cublaslt_gemm unless deterministic algorithms are requested or cuBLASLt is unavailable | deep_gemm/include/deep_gemm/scheduler/gemm.cuh:186: SM100 GEMM tiles come from sched::Scheduler::get_next_block: tile index (++current_iter) * kNumSMs + blockIdx.x (line 186), so each (group or batch, m block, n block) tile goes to one CTA (Normal 260-270, k-grouped 226-246, Batched 247-259), and that CTA loops over every K block of the tile (sm100_fp8_fp4_gemm_1d1d.cuh:225, sm100_bf16_gemm.cuh:181)",,,"SM100; a caller passes c to fp8_fp4_gemm_nt/nn/tn/tt, fp8_einsum, or a k-grouped GEMM (k_grouped_fp8_gemm_tn_contiguous, k_grouped_fp4_gemm_nt_contiguous, k_grouped_bf16_gemm_tn_contiguous). bf16_gemm_* with c reaches it only with deep_gemm.use_deterministic_algorithms(True) or a reduced SM count.",False,scanner,DeepGEMM-c00054;DeepGEMM-c00055,,False,,"Scheduler read at this sha: get_next_block hands each tile to one CTA and the CTA covers the tile's whole K (see the scheduler evidence). The M-grouped GEMMs, which the July note asked a second reader to confirm, pass with_accumulation = false (csrc/jit_kernels/impls/sm100_bf16_gemm.hpp:164, 223; sm100_fp8_fp4_gemm_1d1d.hpp:198, 270), so they never select the reduce-add. The only K splits in the impls directory are the bmk_bnk_mn kernels (DeepGEMM-0001, DeepGEMM-0002), sm90_tf32_hc_prenorm_gemm.cuh (kNumSplits, separate output slices) and the new sm100_bf16_mega_gate.cuh (kNumSplitK, partials summed in a fixed loop at line 312), none of which uses this epilogue. dtype is that of D, bf16 or fp32 (csrc/apis/gemm.hpp:105).",78b69000794d0937b47ae3387eff7663410264d1
DeepGEMM-0004,DeepGEMM,A1,tma-reduce,bfloat16,global,deep_gemm/include/deep_gemm/epilogue/sm100_store_cd_swap_ab.cuh,204,211,sm100_store_cd_swap_ab,True,forward,both,dense,bf16;fp8;fp4,,any,,,high,"GEMM epilogue with accumulation (c given, d += a @ b) in the SM100 bf16 and fp8/fp4 GEMMs: the output tile is written with SM90_TMA_REDUCE_ADD instead of a TMA store, 3D for batched and (new at this sha) k-grouped GEMMs, 2D otherwise. DeepGEMM does not split K across blocks in these kernels, so each output tile receives exactly one reduce-add per launch; the reduction is the add onto the existing D value. At this sha bf16_gemm_nt/nn/tn/tt call cuBLASLt instead unless deep_gemm.use_deterministic_algorithms(True) is set or set_num_sms has lowered the SM count (csrc/apis/gemm.hpp:498-501, csrc/runtime/runtime.hpp:82-84; see DeepGEMM-0011), so the plain bf16 GEMM reaches this epilogue only then; fp8_fp4_gemm_* with c, fp8_einsum with c and the k-grouped bf16/fp8/fp4 GEMMs with c still reach it by default.","deep_gemm/include/deep_gemm/epilogue/sm100_store_cd_swap_ab.cuh:210-213: cute::conditional_t<kWithAccumulation, SM90_TMA_REDUCE_ADD_2D, SM90_TMA_STORE_2D>::copy; the 3D form at 206-209 now also serves k-grouped contiguous GEMMs | csrc/jit_kernels/impls/sm100_fp8_fp4_gemm_1d1d.hpp:119: .with_accumulation = c.has_value() for fp8_fp4_gemm_nt (also 346 and 504 for the k-grouped fp8 and fp4 GEMMs, 417 for fp8_bmm) | csrc/jit_kernels/impls/sm100_bf16_gemm.hpp:97: .with_accumulation = c.has_value() for sm100_bf16_gemm (285 for the k-grouped bf16 GEMM) | csrc/apis/gemm.hpp:498-501: bf16_gemm_nt returns through cublaslt_gemm unless deterministic algorithms are requested or cuBLASLt is unavailable | deep_gemm/include/deep_gemm/scheduler/gemm.cuh:186: SM100 GEMM tiles come from sched::Scheduler::get_next_block: tile index (++current_iter) * kNumSMs + blockIdx.x (line 186), so each (group or batch, m block, n block) tile goes to one CTA (Normal 260-270, k-grouped 226-246, Batched 247-259), and that CTA loops over every K block of the tile (sm100_fp8_fp4_gemm_1d1d.cuh:225, sm100_bf16_gemm.cuh:181)",,,"SM100; a caller passes c to fp8_fp4_gemm_nt/nn/tn/tt, fp8_einsum, or a k-grouped GEMM (k_grouped_fp8_gemm_tn_contiguous, k_grouped_fp4_gemm_nt_contiguous, k_grouped_bf16_gemm_tn_contiguous). bf16_gemm_* with c reaches it only with deep_gemm.use_deterministic_algorithms(True) or a reduced SM count.",False,scanner,DeepGEMM-c00056;DeepGEMM-c00057,,False,,"Scheduler read at this sha: get_next_block hands each tile to one CTA and the CTA covers the tile's whole K (see the scheduler evidence). The M-grouped GEMMs, which the July note asked a second reader to confirm, pass with_accumulation = false (csrc/jit_kernels/impls/sm100_bf16_gemm.hpp:164, 223; sm100_fp8_fp4_gemm_1d1d.hpp:198, 270), so they never select the reduce-add. The only K splits in the impls directory are the bmk_bnk_mn kernels (DeepGEMM-0001, DeepGEMM-0002), sm90_tf32_hc_prenorm_gemm.cuh (kNumSplits, separate output slices) and the new sm100_bf16_mega_gate.cuh (kNumSplitK, partials summed in a fixed loop at line 312), none of which uses this epilogue. dtype is that of D, bf16 or fp32 (csrc/apis/gemm.hpp:105).",78b69000794d0937b47ae3387eff7663410264d1
DeepGEMM-0005,DeepGEMM,A1,tma-reduce,bfloat16,global,deep_gemm/include/deep_gemm/impls/sm90_bf16_gemm.cuh,375,382,sm90_bf16_gemm_impl,False,backward,both,dense,bf16,,any,,,high,"GEMM epilogue with accumulation (c given, d += a @ b) in the SM90 bf16 GEMM: the output tile is written with SM90_TMA_REDUCE_ADD instead of a TMA store. DeepGEMM does not split K across blocks in this kernel, so each output tile receives exactly one reduce-add per launch; the reduction is the add onto the existing D value. At this sha bf16_gemm_nt/nn/tn/tt call cuBLASLt instead unless deep_gemm.use_deterministic_algorithms(True) is set or set_num_sms has lowered the SM count (csrc/apis/gemm.hpp:498-501; see DeepGEMM-0011); the only route left to this epilogue is k_grouped_bf16_gemm_tn_contiguous on SM90, which requires c (gemm.hpp:674-679), the bf16 weight-gradient GEMM. That is a training-side API, like its FP8 counterpart k_grouped_fp8_gemm_nt_contiguous (DeepGEMM-0006), so the site is no longer on a stock inference path.","deep_gemm/include/deep_gemm/impls/sm90_bf16_gemm.cuh:381-384: cute::conditional_t<kWithAccumulation, SM90_TMA_REDUCE_ADD_*, SM90_TMA_STORE_*>::copy | csrc/jit_kernels/impls/sm90_bf16_gemm.hpp:290: .with_accumulation = c.has_value() for sm90_bf16_k_grouped_gemm (91 for sm90_bf16_gemm) | csrc/apis/gemm.hpp:498-501: bf16_gemm_nt returns through cublaslt_gemm unless deterministic algorithms are requested or cuBLASLt is unavailable | deep_gemm/include/deep_gemm/scheduler/gemm.cuh:186: tile index (++current_iter) * kNumSMs + blockIdx.x: each tile goes to one CTA (Normal 260-270, k-grouped 226-246, Batched 247-259)",,,,False,scanner,DeepGEMM-c00081;DeepGEMM-c00082,,False,,"Scheduler read at this sha (see the scheduler evidence). The M-grouped bf16 GEMMs pass with_accumulation = false (csrc/jit_kernels/impls/sm90_bf16_gemm.hpp:159, 222). The only K splits in the impls directory are the bmk_bnk_mn kernels, sm90_tf32_hc_prenorm_gemm.cuh and sm100_bf16_mega_gate.cuh, none of which uses this epilogue. default_path was true in July, when bf16_gemm_* with c reached this kernel; it is false at this sha, and direction is backward, matching DeepGEMM-0006. bf16_gemm_* still reaches the kernel with deep_gemm.use_deterministic_algorithms(True) or a reduced SM count, which are not defaults.",78b69000794d0937b47ae3387eff7663410264d1
DeepGEMM-0006,DeepGEMM,A1,tma-reduce,float32,global,deep_gemm/include/deep_gemm/impls/sm90_fp8_gemm_1d1d.cuh,345,351,sm90_fp8_gemm_1d1d_impl,False,backward,both,dense,fp8 blockwise,,any,,,high,"K-grouped FP8 GEMM (k_grouped_fp8_gemm_nt_contiguous, used for weight gradients): each CTA loops over all K blocks of its group (sm90_fp8_gemm_1d1d.cuh:220-237) and reduce-adds its finished tile onto the fp32 output rows of that group; groups own disjoint output rows (current_group_idx * shape_m offset). Groups with K = 0 are now skipped (sm90_fp8_gemm_1d1d.cuh:180-181, 260-261), leaving their rows at c.","deep_gemm/include/deep_gemm/impls/sm90_fp8_gemm_1d1d.cuh:347-349: cute::SM90_TMA_REDUCE_ADD_2D::copy(&tensor_map_cd, smem_d_0, n_block_idx * BLOCK_N, current_group_idx * shape_m + m_block_idx * BLOCK_M + r_0) | deep_gemm/include/deep_gemm/impls/sm90_fp8_gemm_1d1d.cuh:220-237: for k_block_idx in 0..num_k_blocks inside one CTA | deep_gemm/include/deep_gemm/scheduler/gemm.cuh:226-246: k-grouped scheduling: block index -> (group, tile); a tile is never shared between CTAs",,,,False,scanner,DeepGEMM-c00085,csrc/apis/gemm.hpp:360-412,False,,"Training-side API (SM90 only, csrc/apis/gemm.hpp:405-410; c is required, 388). A1 depends on one CTA per (group, tile): read at this sha in sched::Scheduler, where the k-grouped branch maps each block index to one (group, m block, n block) tile and advances the group only when the index passes it (deep_gemm/include/deep_gemm/scheduler/gemm.cuh:226-246).",78b69000794d0937b47ae3387eff7663410264d1
DeepGEMM-0007,DeepGEMM,B-indirect,atomicAdd,int32,shared,deep_gemm/include/deep_gemm/impls/sm100_bf16_mega_moe.cuh,317,321,sm100_bf16_mega_moe_impl (dispatch counters),True,forward,both,moe,fp8 blockwise;bf16,,EP,,,medium,"Mega-MoE kernel (dispatch + grouped GEMM + combine in one persistent kernel): per-expert token counts and slot tickets in shared memory (atomicAdd_block, sm100_bf16_mega_moe.cuh:319 and 335), cross-rank send/recv counts (atomic_add / atomic_add_sys at 328, 363), ring-buffer full/empty counters (red_add_rel at 543, red_add_rel / red_add at 1009-1026) and integer receive statistics (red_add at 591). The fp8/fp4 twin has the same structure (sm100_fp8_fp4_mega_moe.cuh:361-1202; DeepGEMM-0010).","deep_gemm/include/deep_gemm/impls/sm100_bf16_mega_moe.cuh:319: atomicAdd_block(shared_storage.expert_token_count + expert_idx, 1) | deep_gemm/include/deep_gemm/impls/sm100_bf16_mega_moe.cuh:328: ptx::atomic_add(workspace.get_expert_send_count_ptr(i), send_value) | deep_gemm/include/deep_gemm/impls/sm100_bf16_mega_moe.cuh:335: dst_slot_idx = atomicAdd_block(shared_storage.expert_token_count + expert_idx, 1): slot ticket | deep_gemm/include/deep_gemm/impls/sm100_bf16_mega_moe.cuh:363: ptx::atomic_add_sys on the peer's expert_recv_count_sum | deep_gemm/include/deep_gemm/impls/sm100_bf16_mega_moe.cuh:543: red_add_rel(workspace.get_l1_full_count_ptr(...), ...) | deep_gemm/include/deep_gemm/impls/sm100_bf16_mega_moe.cuh:591: ptx::red_add(cumulative_local_expert_recv_stats + i, num_recv_tokens): integer receive statistics | deep_gemm/include/deep_gemm/impls/sm100_bf16_mega_moe.cuh:1009-1026: red_add_rel / red_add on the L2 full, L1 empty and L2 empty counters | deep_gemm/include/deep_gemm/impls/sm100_bf16_mega_moe.cuh:1124-1129: L2 output written to combine_token_buffer.get_rank_buffer(dst_topk_idx).get_data_buffer(dst_token_idx) on the source rank | deep_gemm/include/deep_gemm/impls/sm100_bf16_mega_moe.cuh:1229-1230: slot_idx = __ffs(mask) - 1: top-k slots are visited in ascending order | deep_gemm/include/deep_gemm/impls/sm100_bf16_mega_moe.cuh:1250-1269: float2 reduced[...] accumulated with ptx::accumulate over the slots, one at a time | deep_gemm/include/deep_gemm/impls/sm100_fp8_fp4_mega_moe.cuh:361: same counters in the fp8/fp4 variant",True,,,False,scanner,DeepGEMM-c00058;DeepGEMM-c00059;DeepGEMM-c00060;DeepGEMM-c00061;DeepGEMM-c00062;DeepGEMM-c00063;DeepGEMM-c00064;DeepGEMM-c00065;DeepGEMM-c00066;DeepGEMM-c00067;DeepGEMM-c00068,deep_gemm/mega/__init__.py:193-203,False,,"deep_gemm.bf16_mega_moe is not called by vLLM or SGLang at their pinned shas, nor at vLLM v0.29.0 or SGLang v0.5.19; both call the fp8/fp4 twin behind opt-in backends (DeepGEMM-0010). Flagged for the runtime probe list. The combine side was read at this sha, so downstream is no longer unknown; it rests on each pool row's GEMM result being independent of the row's position in its tile, which holds for a tensor-core tile computed over the whole K but was not measured.",78b69000794d0937b47ae3387eff7663410264d1
DeepGEMM-0008,DeepGEMM,B,other,uint32,global,deep_gemm/include/deep_gemm/comm/barrier.cuh,40,44,grid_sync,True,forward,both,moe,fp8 blockwise;bf16,,EP,,,high,"Grid-wide and NVLink barriers built on atom.release.gpu.global.add.u32 / red.release.sys.global.add.s32 (ptx/ld_st.cuh:282-286, 324-326).","deep_gemm/include/deep_gemm/comm/barrier.cuh:42: atomic_add_rel(count_ptr, ...) | deep_gemm/include/deep_gemm/ptx/ld_st.cuh:284: atom.release.gpu.global.add.u32 (now with a memory clobber) | deep_gemm/include/deep_gemm/comm/barrier.cuh:75-80: nvlink_barrier: red_add_rel_sys on peer signal words and red_add on the local counter",,,,False,scanner,DeepGEMM-c00049;DeepGEMM-c00050;DeepGEMM-c00051,,False,,Exact counters. The grid-sync counter is uint32 (ld_st.cuh:282); the NVLink signal words are int32 (324).,78b69000794d0937b47ae3387eff7663410264d1
DeepGEMM-0009,DeepGEMM,C,library-call,n/a,n/a,csrc/apis/gemm.hpp,687,691,cublaslt_gemm_nt,False,forward,both,dense,bf16,,any,,,high,"DeepGEMM exports cuBLASLt-backed GEMMs (cublaslt_gemm_nt/nn/tn/tt, and cublaslt_nvfp4_gemm_nt new at this sha) implemented in csrc/jit_kernels/impls/smxx_cublaslt.hpp. This row is the explicit API; the default cuBLASLt route from bf16_gemm_* is DeepGEMM-0011.","csrc/apis/gemm.hpp:703: cublaslt_gemm(a, b, d, m, n, k, major_a, major_b, c.has_value()) | csrc/jit_kernels/impls/smxx_cublaslt.hpp:83-89: algorithm chosen by cublasLtMatmulAlgoGetHeuristic with reduction scheme mask NONE | COMPUTE_TYPE and a 16 MiB workspace (csrc/runtime/runtime.hpp:24); the file holds 29 scanner candidates at this sha",,cuBLASLt,,False,scanner,DeepGEMM-c00005,,False,cuBLASLt linear bf16: identical/identical (NVIDIA-B200-580.167.08-torch2.13.0+cu130; relation=operator_example; evaluations=240; kernel_identity_verified=False) | cuBLASLt mm bf16: identical/identical (NVIDIA-B200-580.167.08-torch2.13.0+cu130; relation=operator_example; evaluations=240; kernel_identity_verified=False) | cuBLASLt linear bf16: identical/identical (NVIDIA-H100-80GB-HBM3-580.126.09-torch2.13.0+cu130; relation=operator_example; evaluations=480; kernel_identity_verified=False) | cuBLASLt linear fp16: identical/identical (NVIDIA-H100-80GB-HBM3-580.126.09-torch2.13.0+cu130; relation=operator_example; evaluations=240; kernel_identity_verified=False) | cuBLASLt mm bf16: identical/identical (NVIDIA-H100-80GB-HBM3-580.126.09-torch2.13.0+cu130; relation=operator_example; evaluations=480; kernel_identity_verified=False) | cuBLASLt mm fp16: identical/identical (NVIDIA-H100-80GB-HBM3-580.126.09-torch2.13.0+cu130; relation=operator_example; evaluations=240; kernel_identity_verified=False) | cuBLASLt linear bf16: identical/identical (NVIDIA-RTX-PRO-6000-Blackwell-Server-Edition-595.91.07-torch2.14.0+cu130; relation=operator_example; evaluations=240; kernel_identity_verified=False) | cuBLASLt mm bf16: identical/identical (NVIDIA-RTX-PRO-6000-Blackwell-Server-Edition-595.91.07-torch2.14.0+cu130; relation=operator_example; evaluations=240; kernel_identity_verified=False),,78b69000794d0937b47ae3387eff7663410264d1
DeepGEMM-0010,DeepGEMM,B-indirect,atomicAdd,int32,shared,deep_gemm/include/deep_gemm/impls/sm100_fp8_fp4_mega_moe.cuh,376,380,sm100_fp8_fp4_mega_moe_impl (dispatch counters),True,forward,both,moe,any,,EP,,,medium,"Mega-MoE FP8/FP4 dispatch: per-expert token counts and slot tickets (atomicAdd_block on shared counters, ptx::atomic_add on the send count).","deep_gemm/include/deep_gemm/impls/sm100_fp8_fp4_mega_moe.cuh:361: atomicAdd_block(shared_storage.expert_token_count + expert_idx, 1) | deep_gemm/include/deep_gemm/impls/sm100_fp8_fp4_mega_moe.cuh:369-370: ptx::atomic_add(workspace.get_expert_send_count_ptr(i), send_value) | deep_gemm/include/deep_gemm/impls/sm100_fp8_fp4_mega_moe.cuh:377: dst_slot_idx = atomicAdd_block(...)",True,,,False,scanner,DeepGEMM-c00073;DeepGEMM-c00074,,False,,"Same counters as DeepGEMM-0007 in the FP8/FP4 variant. Called by vLLM v0.29.0 (moe_backend deep_gemm_mega_moe, vllm/models/deepseek_v4/nvidia/model.py) and SGLang v0.5.19 (--moe-a2a-backend megamoe, python/sglang/srt/layers/moe/mega_moe.py), both opt-in. Evidence 2 was cited at line 367 in July and carried to 369; the ptx::atomic_add it names is on the next line, so the reference now spans 369-370.",78b69000794d0937b47ae3387eff7663410264d1
DeepGEMM-0011,DeepGEMM,C,library-call,n/a,n/a,csrc/apis/gemm.hpp,497,501,bf16_gemm_nt,True,both,both,dense,bf16,,any,deep_gemm.use_deterministic_algorithms,False,high,"New at this sha: deep_gemm.bf16_gemm_nt (and nn/tn/tt, which call it) runs cuBLASLt through cublaslt_gemm instead of the DeepGEMM bf16 kernels unless deep_gemm.use_deterministic_algorithms(True) has been called or set_num_sms has lowered the SM count below the device's (cuBLASLt counts as available only at the full SM count).","csrc/apis/gemm.hpp:498-501: if (not heuristics_runtime->get_deterministic_algorithms() and runtime->is_cublaslt_available()) { cublaslt_gemm(...); return; } | csrc/runtime/runtime.hpp:82-84: is_cublaslt_available() is get_num_sms() == device SM count | csrc/jit_kernels/heuristics/runtime.hpp:15: deterministic_algorithms = false by default | csrc/apis/config.hpp:30-32: use_deterministic_algorithms exported to Python | csrc/apis/einsum.hpp:72-73: einsum bhr,hdr->bhd takes the same cuBLASLt branch (bhd,hdr->bhr at 95-96)",,cuBLASLt,"SM90 or SM100, deep_gemm.use_deterministic_algorithms not called (default False) and set_num_sms not lowered.",False,scanner,DeepGEMM-c00004,csrc/apis/gemm.hpp:471-512,False,,"At the July sha bf16_gemm_nt always ran the DeepGEMM kernels. SGLang v0.5.19's batch-invariant matmul calls deep_gemm.bf16_gemm_nn by default (python/sglang/srt/batch_invariant_ops/batch_invariant_ops.py, SGLANG_BATCH_INVARIANT_OPS_ENABLE_MM_DEEPGEMM defaults to 1) and does not call deep_gemm.use_deterministic_algorithms; whether SGLang's DeepGEMM build (sgl-deep-gemm 0.1.7) contains this dispatch was not checked.",78b69000794d0937b47ae3387eff7663410264d1
cutlass-0001,cutlass,A3,other,float32,global,include/cutlass/gemm/kernel/sm90_tile_scheduler_stream_k.hpp,511,518,PersistentTileSchedulerSm90StreamK::fixup_helper (peer accumulation),True,forward,both,n/a,any,,none,PersistentTileSchedulerSm90StreamKParams::ReductionMode (scheduler argument reduction_mode),ReductionMode::Deterministic (include/cutlass/gemm/kernel/tile_scheduler_params.h:458 and sm90_tile_scheduler_stream_k.hpp:200),high,"CUTLASS 3.x stream-K (sm90 and, through the same params, sm100): stream-K units that do not own the final split write their partial accumulator to a per-tile workspace and later units add onto it (BlockStripedReduce::reduce, an ordinary load-add-store). ReductionMode::Deterministic makes unit K_idx wait until exactly K_idx peers have arrived (wait_eq), so the additions happen in K order; ReductionMode::Nondeterministic waits only for the first peer (wait_lt) so partials accumulate in arrival order.","include/cutlass/gemm/kernel/sm90_tile_scheduler_stream_k.hpp:513-519: if reduction_mode_ == Deterministic: wait_eq(lock, K_idx) else wait_lt(lock, 1); then BlockStripedReduceT::reduce(workspace, accumulators) | include/cutlass/gemm/kernel/sm90_tile_scheduler_stream_k.hpp:521-523: arrive_inc after the reduce increments the lock by k_tile_count (or 1 with separate reduction) | include/cutlass/gemm/kernel/tile_scheduler_params.h:458: ReductionMode reduction_mode_ = ReductionMode::Deterministic | include/cutlass/gemm/kernel/sm90_tile_scheduler_stream_k.hpp:200: Arguments default: ReductionMode reduction_mode = ReductionMode::Deterministic | include/cutlass/gemm/kernel/sm90_tile_scheduler_stream_k.hpp:526-529: the unit that owns the final split waits for K_idx peers and load_adds the workspace (fixed order)",,,any caller that requests stream-K decomposition; the reduction mode is Deterministic unless the caller sets Nondeterministic,False,manual,,include/cutlass/gemm/kernel/sm90_gemm_tma_warpspecialized_cooperative.hpp:839,False,,No atomicAdd on floats: the RMW is plain and the barrier decides the order. The only atomics are the integer barrier operations (cutlass-0004).,147295a3d4b75f3aeff247c25b8927cea9a7006a
cutlass-0002,cutlass,A2,other,float32,global,include/cutlass/gemm/kernel/sm90_tile_scheduler_stream_k.hpp,500,504,PersistentTileSchedulerSm90StreamK::fixup_helper (separate reduction),True,forward,both,n/a,any,,none,,,high,"Stream-K with separate reduction units: a reduction unit waits until all num_peers partials are in the workspace, then sums them in peer index order (separate_reduction, lines 569-573).","include/cutlass/gemm/kernel/sm90_tile_scheduler_stream_k.hpp:501-503: wait_eq(lock, num_peers) then separate_reduction(...) | include/cutlass/gemm/kernel/sm90_tile_scheduler_stream_k.hpp:569-573: for (i = 0; i < num_peers; ++i) BlockStripedReduceT::load_add(accumulator, peer_workspace_i)",,,,False,manual,,,False,,Fixed order by construction.,147295a3d4b75f3aeff247c25b8927cea9a7006a
cutlass-0003,cutlass,A3,other,float32,global,include/cutlass/gemm/kernel/gemm_universal_streamk.h,774,781,GemmUniversalStreamk::share_accumulators,True,forward,both,n/a,any,,none,ThreadblockSwizzleStreamK::kReductionStrategy,kMixed (deterministic turnstile or separate reduction),high,"CUTLASS 2.x stream-K (GemmUniversalStreamk, ThreadblockSwizzleStreamK): the first peer stores its partial tile to the workspace and later peers add onto it. With ReductionStrategy kAtomic the peers wait only for initialisation (wait_lt, arrival order); with kMixed they wait for the previous peer (turnstile, fixed order) or use separate reduction.","include/cutlass/gemm/kernel/gemm_universal_streamk.h:776-786: kAtomic: wait_lt(first_block_idx, 1); otherwise wait_eq(first_block_idx, block_idx - first_block_idx); then BlockStripedReduceT::reduce | include/cutlass/gemm/threadblock/threadblock_swizzle_streamk.h:74-87: enum ReductionStrategy { kNone, kAtomic, kMixed }; static ReductionStrategy const kReductionStrategy = kMixed | include/cutlass/gemm/kernel/gemm_universal_streamk.h:880-889: separate_reduction waits wait_eq_reset(num_peers) then reduces the workspace",,,any caller of the 2.x GemmUniversalStreamk kernel; kMixed uses a turnstile or separate reduction,False,manual,,include/cutlass/gemm/kernel/gemm_universal_streamk.h:1070;include/cutlass/gemm/kernel/gemm_universal_streamk.h:1024,False,,"Default path is deterministic (A2). Class A only if a caller instantiates the swizzle with kAtomic, which is a compile-time constant at this sha.",147295a3d4b75f3aeff247c25b8927cea9a7006a
cutlass-0004,cutlass,B,ptx-red,int32,global,include/cutlass/barrier.h,122,129,GenericBarrier::red_release,True,forward,both,n/a,any,,none,,,high,"Barrier primitive used by stream-K fixup, split-K and FlashAttention-3's deterministic mode: red.relaxed.gpu.global.add.s32 (or atomicAdd) on the lock word; wait_eq/wait_lt spin with ld.acquire; wait_eq_reset uses atomicCAS (line 175).","include/cutlass/barrier.h:124: red.relaxed.gpu.global.add.s32 | include/cutlass/barrier.h:175: atomicCAS(flag_ptr, val, 0) in wait_eq_reset | include/cutlass/barrier.h:191: arrive_inc calls red_release",,,,False,scanner,cutlass-c00104;cutlass-c00105,,False,,Exact integer counter; it is what imposes the fixed order in the A2 rows above.,147295a3d4b75f3aeff247c25b8927cea9a7006a
cutlass-0005,cutlass,A2,other,float32,global,include/cutlass/reduction/kernel/reduce_split_k.h,193,200,ReduceSplitK::operator(),True,forward,both,n/a,any,,none,,,high,"Parallel split-K reduction kernel (GemmUniversalMode::kGemmSplitKParallel): each partition's partial tile is written to a workspace by the GEMM, and this kernel sums the partitions in index order k = 0..partitions-1 into the output.","include/cutlass/reduction/kernel/reduce_split_k.h:194-208: for (k = 0; k < partitions; k += kPartitionsPerStage) load workspace fragments then accumulator = reduction_op(accumulator, workspace_frag[i]) in order",,,,False,manual,,,False,,Fixed order; no atomics. This is the 'splitKreduce' design the taxonomy calls A3-by-design; recorded as A2 because the order is serial by construction rather than gated.,147295a3d4b75f3aeff247c25b8927cea9a7006a
cutlass-0006,cutlass,B-indirect,atomicAdd,int32,global,include/cutlass/epilogue/fusion/sm90_visitor_store_tma_warpspecialized.hpp,1509,1516,"Sm90ColReduction (tile counter, FinalReduction)",True,forward,both,n/a,any,,none,,,medium,"EVT column/row reduction fusion (sm90): each output tile writes its partial column (or row, line 1992) reduction to a workspace, increments an integer tile counter, and the tile that observes the last count performs the final reduction over the workspace.","include/cutlass/epilogue/fusion/sm90_visitor_store_tma_warpspecialized.hpp:1515: *prev_tile_count = atomicAdd(&params.tile_counters[n], 1) | include/cutlass/epilogue/fusion/sm90_visitor_store_tma_warpspecialized.hpp:1518: do_final_reduction = *prev_tile_count == size<2>(gBuf_ml) * size<3>(gBuf_ml) - 1 | include/cutlass/epilogue/fusion/sm90_visitor_store_tma_warpspecialized.hpp:1992: row-reduction twin of the same counter",True,,,False,scanner,cutlass-c00110,,False,,The IsAtomic template branch (atomic accumulation into the output) was not exercised by any engine kernel found in this census; confidence medium because the final-reduction loop body after line 1530 was not read line by line.,147295a3d4b75f3aeff247c25b8927cea9a7006a
flash-attention-0001,flash-attention,A3,atomicAdd,float32,global,csrc/flash_attn/src/flash_bwd_kernel.h,674,680,"compute_dq_dk_dv_1colblock<..., Seq_parallel=true>",False,backward,n/a,n/a,none,flash-attention,any,deterministic (Python kwarg) -> params.deterministic,False,high,"FlashAttention-2 backward. run_flash_bwd always dispatches the seq-k-parallel kernel; every K/V column block of one (batch, head) accumulates its dQ partial into the fp32 dq_accum buffer with atomicAdd.","csrc/flash_attn/src/flash_bwd_kernel.h:678: atomicAdd(&tdQgdQaccum(i), acc_dq(i)) on the Seq_parallel path | csrc/flash_attn/flash_api.cpp:926: dq_accum allocated as at::kFloat, so the operand is fp32 | csrc/flash_attn/src/flash_bwd_kernel.h:827-836: compute_dq_dk_dv_seqk_parallel loops n_block = blockIdx.x; n_block += gridDim.x, calling the 1colblock body with Seq_parallel=true | csrc/flash_attn/src/flash_bwd_launch_template.h:78-81: if params.deterministic, gridDimx = ceil(num_sm / (b*h)) instead of num_n_block | csrc/flash_attn/src/flash_bwd_kernel.h:124-125: row_offset_dq_accum adds blockIdx.x * dq_accum_split_stride only when deterministic, giving each block a private slice | csrc/flash_attn/flash_api.cpp:927-929: deterministic allocates dq_accum with a leading nsplits dimension | csrc/flash_attn/src/flash_bwd_preprocess_kernel.h:243-247: convert_dQ sums the nsplits slices in loop order s = 0..nsplits-1 | flash_attn/flash_attn_interface.py:1027: deterministic=False is the default at every public entry point",,,,False,scanner,flash-attention-c00004,csrc/flash_attn/src/flash_bwd_launch_template.h:131;csrc/flash_attn/src/flash_bwd_kernel.h:827,False,,Non-deterministic on the default path (deterministic=False). The gated path is deterministic: uncontended atomics plus a fixed-order reduce kernel. Training only; no inference engine in this census calls the FA2 backward.,008e63667e0f50c146689bc4c3fa1aa8e3bc4fbd
flash-attention-0002,flash-attention,A3,tma-reduce,float32,global,hopper/mainloop_bwd_sm90_tma_gmma_ws.hpp,644,650,CollectiveMainloopBwdSm90::store_dq,False,backward,n/a,n/a,none,flash-attention,any,deterministic -> template Deterministic,False,high,"FlashAttention-3 backward on sm90, head dim < 256. Each K/V block's dQ partial tile is reduced into the fp32 dQaccum buffer with a TMA bulk reduce-add (cp.reduce.async.bulk ... add.f32).","hopper/mainloop_bwd_sm90_tma_gmma_ws.hpp:647: SM90_BULK_REDUCE_ADD::copy(sdQ -> gdQaccum) | hopper/copy_sm90_bulk_reduce.hpp:22: SM90_BULK_REDUCE_ADD is cp.reduce.async.bulk.global.shared::cta.bulk_group.add.f32 | hopper/mainloop_bwd_sm90_tma_gmma_ws.hpp:264: dQacc_use_TMA = kHeadDim < 256 selects this path | hopper/mainloop_bwd_sm90_tma_gmma_ws.hpp:626-640: lock_ptr = dq_semaphore + bidb*num_head + bidh; Barrier::wait_eq(lock_ptr, ..., m_block*num_batch*num_head, n_block) under if constexpr (Deterministic) | hopper/mainloop_bwd_sm90_tma_gmma_ws.hpp:656-658: Barrier::arrive_inc after the reduce under if constexpr (Deterministic) | hopper/flash_bwd_launch_template.h:301-302: BOOL_SWITCH(params.deterministic, ...); Deterministic = Deterministic_ && kHeadDim < 256 | hopper/flash_attn_interface.py:280: deterministic: bool = False default",,,,False,scanner,flash-attention-c00095,hopper/flash_bwd_launch_template.h:302-304;hopper/flash_api.cpp:1370,False,,"This is the site Cankaya 2026 footnote 13 calls the non-TMA atomicAdd; at this sha the default sm90 path for head dim < 256 is the TMA reduce-add, which is equally order-dependent. Training only.",008e63667e0f50c146689bc4c3fa1aa8e3bc4fbd
flash-attention-0003,flash-attention,A,atomicAdd,float4,global,hopper/mainloop_bwd_sm90_tma_gmma_ws.hpp,961,964,CollectiveMainloopBwdSm90::mma,False,backward,n/a,n/a,none,flash-attention,any,,,high,FlashAttention-3 backward on sm90 with head dim 256 (dQacc_use_TMA false). dQ partials are added into dQaccum with atomicAdd on float4; non-sliced path: else branch of if constexpr (dQacc_use_TMA).,"hopper/mainloop_bwd_sm90_tma_gmma_ws.hpp:964: atomicAdd(&tdQgdQaccum_atomic(i), tdQrdQ_atomic(i)) with tensors recast<float4> from the fp32 dQ accumulator | hopper/mainloop_bwd_sm90_tma_gmma_ws.hpp:264: dQacc_use_TMA = kHeadDim < 256, so this branch is head dim 256 | hopper/flash_api.cpp:1370: TORCH_CHECK(!deterministic || head_size_rounded < 256): no deterministic mode for this path | hopper/flash_bwd_launch_template.h:302: Deterministic = Deterministic_ && kHeadDim < 256 forces the template parameter off | hopper/mainloop_bwd_sm90_tma_gmma_ws.hpp:268: static_assert(!(Deterministic && Slice_dQKV_Mma))",,,,False,scanner,flash-attention-c00096,hopper/flash_bwd_launch_template.h:302;hopper/flash_api.cpp:1370,True,,No sub-case applies: several K/V blocks add into the same dQ tile and there is no serialisation or gate for head dim 256. Training only.,008e63667e0f50c146689bc4c3fa1aa8e3bc4fbd
flash-attention-0004,flash-attention,A,atomicAdd,float4,global,hopper/mainloop_bwd_sm90_tma_gmma_ws.hpp,980,983,CollectiveMainloopBwdSm90::mma,False,backward,n/a,n/a,none,flash-attention,any,,,high,"FlashAttention-3 backward on sm90 with head dim 256 (dQacc_use_TMA false). dQ partials are added into dQaccum with atomicAdd on float4; Slice_dQKV_Mma path, first half of the tile.","hopper/mainloop_bwd_sm90_tma_gmma_ws.hpp:983: atomicAdd(&tdQgdQaccum_atomic(i), tdQrdQ_atomic(i)) with tensors recast<float4> from the fp32 dQ accumulator | hopper/mainloop_bwd_sm90_tma_gmma_ws.hpp:264: dQacc_use_TMA = kHeadDim < 256, so this branch is head dim 256 | hopper/flash_api.cpp:1370: TORCH_CHECK(!deterministic || head_size_rounded < 256): no deterministic mode for this path | hopper/flash_bwd_launch_template.h:302: Deterministic = Deterministic_ && kHeadDim < 256 forces the template parameter off | hopper/mainloop_bwd_sm90_tma_gmma_ws.hpp:268: static_assert(!(Deterministic && Slice_dQKV_Mma))",,,,False,scanner,flash-attention-c00097,hopper/flash_bwd_launch_template.h:302;hopper/flash_api.cpp:1370,True,,No sub-case applies: several K/V blocks add into the same dQ tile and there is no serialisation or gate for head dim 256. Training only.,008e63667e0f50c146689bc4c3fa1aa8e3bc4fbd
flash-attention-0005,flash-attention,A,atomicAdd,float4,global,hopper/mainloop_bwd_sm90_tma_gmma_ws.hpp,990,992,CollectiveMainloopBwdSm90::mma,False,backward,n/a,n/a,none,flash-attention,any,,,high,"FlashAttention-3 backward on sm90 with head dim 256 (dQacc_use_TMA false). dQ partials are added into dQaccum with atomicAdd on float4; Slice_dQKV_Mma path, second half of the tile.","hopper/mainloop_bwd_sm90_tma_gmma_ws.hpp:992: atomicAdd(&tdQgdQaccum_atomic(i), tdQrdQ_atomic(i)) with tensors recast<float4> from the fp32 dQ accumulator | hopper/mainloop_bwd_sm90_tma_gmma_ws.hpp:264: dQacc_use_TMA = kHeadDim < 256, so this branch is head dim 256 | hopper/flash_api.cpp:1370: TORCH_CHECK(!deterministic || head_size_rounded < 256): no deterministic mode for this path | hopper/flash_bwd_launch_template.h:302: Deterministic = Deterministic_ && kHeadDim < 256 forces the template parameter off | hopper/mainloop_bwd_sm90_tma_gmma_ws.hpp:268: static_assert(!(Deterministic && Slice_dQKV_Mma))",,,,False,scanner,flash-attention-c00098,hopper/flash_bwd_launch_template.h:302;hopper/flash_api.cpp:1370,True,,No sub-case applies: several K/V blocks add into the same dQ tile and there is no serialisation or gate for head dim 256. Training only.,008e63667e0f50c146689bc4c3fa1aa8e3bc4fbd
flash-attention-0006,flash-attention,A3,tma-reduce,float32,global,hopper/epilogue_bwd.hpp,468,473,CollectiveEpilogueBwdGQA::store,False,backward,n/a,n/a,none,flash-attention,any,deterministic -> template Deterministic,False,high,"FlashAttention-3 backward with grouped-query attention (h != h_k), sm90. The dV partial of each query head in the group is accumulated into the shared fp32 dVaccum tile of its K/V head with a TMA bulk reduce-add.","hopper/epilogue_bwd.hpp:471: SM90_BULK_REDUCE_ADD::copy(sdKV_flat -> gdVaccum) | hopper/epilogue_bwd.hpp:330: Use_TMA = ArchTag::kMinComputeCapability >= 90 picks the TMA branch on sm90 and the atomicAdd branch below it | hopper/epilogue_bwd.hpp:326: Element = ElementAccum (fp32) for the GQA epilogue | hopper/epilogue_bwd.hpp:463-464: if constexpr (Deterministic) Barrier::wait_eq(lock_ptr, thread_idx, n_block*num_batch*num_head_kv, bidh_idx_in_group) | hopper/epilogue_bwd.hpp:482-483: if constexpr (Deterministic) Barrier::arrive_inc(...) | hopper/flash_api.cpp:1539-1544: dk_semaphore/dv_semaphore allocated only when num_heads_k != num_heads && params.deterministic | hopper/flash_bwd_launch_template.h:92-95: CollectiveEpilogueBwdGQA is selected when GQA, i.e. params.h != params.h_k (line 299)",,,,False,scanner,flash-attention-c00088,hopper/flash_bwd_launch_template.h:92-95;hopper/flash_bwd_launch_template.h:299,False,,Only reached for GQA models in the backward pass. Training only.,008e63667e0f50c146689bc4c3fa1aa8e3bc4fbd
flash-attention-0007,flash-attention,A3,atomicAdd,float32,global,hopper/epilogue_bwd.hpp,478,481,CollectiveEpilogueBwdGQA::store,False,backward,n/a,n/a,none,flash-attention,any,deterministic -> template Deterministic,False,high,"FlashAttention-3 backward with grouped-query attention (h != h_k), sm80-89. The dV partial of each query head in the group is accumulated into the shared fp32 dVaccum tile of its K/V head with atomicAdd.","hopper/epilogue_bwd.hpp:480: atomicAdd(&tdVgdV_atomic(i), tdVrdV_atomic(i)) | hopper/epilogue_bwd.hpp:330: Use_TMA = ArchTag::kMinComputeCapability >= 90 picks the TMA branch on sm90 and the atomicAdd branch below it | hopper/epilogue_bwd.hpp:326: Element = ElementAccum (fp32) for the GQA epilogue | hopper/epilogue_bwd.hpp:463-464: if constexpr (Deterministic) Barrier::wait_eq(lock_ptr, thread_idx, n_block*num_batch*num_head_kv, bidh_idx_in_group) | hopper/epilogue_bwd.hpp:482-483: if constexpr (Deterministic) Barrier::arrive_inc(...) | hopper/flash_api.cpp:1539-1544: dk_semaphore/dv_semaphore allocated only when num_heads_k != num_heads && params.deterministic | hopper/flash_bwd_launch_template.h:92-95: CollectiveEpilogueBwdGQA is selected when GQA, i.e. params.h != params.h_k (line 299)",,,,False,scanner,flash-attention-c00089,hopper/flash_bwd_launch_template.h:92-95;hopper/flash_bwd_launch_template.h:299,False,,Only reached for GQA models in the backward pass. Training only.,008e63667e0f50c146689bc4c3fa1aa8e3bc4fbd
flash-attention-0008,flash-attention,A3,tma-reduce,float32,global,hopper/epilogue_bwd.hpp,499,504,CollectiveEpilogueBwdGQA::store,False,backward,n/a,n/a,none,flash-attention,any,deterministic -> template Deterministic,False,high,"FlashAttention-3 backward with grouped-query attention (h != h_k), sm90. The dK partial of each query head in the group is accumulated into the shared fp32 dKaccum tile of its K/V head with a TMA bulk reduce-add.","hopper/epilogue_bwd.hpp:502: SM90_BULK_REDUCE_ADD::copy(sdKV_flat -> gdKaccum) | hopper/epilogue_bwd.hpp:330: Use_TMA = ArchTag::kMinComputeCapability >= 90 picks the TMA branch on sm90 and the atomicAdd branch below it | hopper/epilogue_bwd.hpp:326: Element = ElementAccum (fp32) for the GQA epilogue | hopper/epilogue_bwd.hpp:494-495: if constexpr (Deterministic) Barrier::wait_eq(lock_ptr, thread_idx, n_block*num_batch*num_head_kv, bidh_idx_in_group) | hopper/epilogue_bwd.hpp:513-514: if constexpr (Deterministic) Barrier::arrive_inc(...) | hopper/flash_api.cpp:1539-1544: dk_semaphore/dv_semaphore allocated only when num_heads_k != num_heads && params.deterministic | hopper/flash_bwd_launch_template.h:92-95: CollectiveEpilogueBwdGQA is selected when GQA, i.e. params.h != params.h_k (line 299)",,,,False,scanner,flash-attention-c00090,hopper/flash_bwd_launch_template.h:92-95;hopper/flash_bwd_launch_template.h:299,False,,Only reached for GQA models in the backward pass. Training only.,008e63667e0f50c146689bc4c3fa1aa8e3bc4fbd
flash-attention-0009,flash-attention,A3,atomicAdd,float32,global,hopper/epilogue_bwd.hpp,509,512,CollectiveEpilogueBwdGQA::store,False,backward,n/a,n/a,none,flash-attention,any,deterministic -> template Deterministic,False,high,"FlashAttention-3 backward with grouped-query attention (h != h_k), sm80-89. The dK partial of each query head in the group is accumulated into the shared fp32 dKaccum tile of its K/V head with atomicAdd.","hopper/epilogue_bwd.hpp:511: atomicAdd(&tdKgdK_atomic(i), tdKrdK_atomic(i)) | hopper/epilogue_bwd.hpp:330: Use_TMA = ArchTag::kMinComputeCapability >= 90 picks the TMA branch on sm90 and the atomicAdd branch below it | hopper/epilogue_bwd.hpp:326: Element = ElementAccum (fp32) for the GQA epilogue | hopper/epilogue_bwd.hpp:494-495: if constexpr (Deterministic) Barrier::wait_eq(lock_ptr, thread_idx, n_block*num_batch*num_head_kv, bidh_idx_in_group) | hopper/epilogue_bwd.hpp:513-514: if constexpr (Deterministic) Barrier::arrive_inc(...) | hopper/flash_api.cpp:1539-1544: dk_semaphore/dv_semaphore allocated only when num_heads_k != num_heads && params.deterministic | hopper/flash_bwd_launch_template.h:92-95: CollectiveEpilogueBwdGQA is selected when GQA, i.e. params.h != params.h_k (line 299)",,,,False,scanner,flash-attention-c00091,hopper/flash_bwd_launch_template.h:92-95;hopper/flash_bwd_launch_template.h:299,False,,Only reached for GQA models in the backward pass. Training only.,008e63667e0f50c146689bc4c3fa1aa8e3bc4fbd
flash-attention-0010,flash-attention,A,atomicAdd,float32,global,hopper/mainloop_bwd_sm80.hpp,843,848,CollectiveMainloopBwdSm80::mma (do_mma_dQ lambda),False,backward,n/a,n/a,none,flash-attention,any,,,medium,FlashAttention-3 (hopper/ tree) backward compiled for sm80-sm89. dQ partials are atomically added into fp32 dQaccum by every K/V block.,"hopper/mainloop_bwd_sm80.hpp:848: atomicAdd(&tdQgdQaccum_atomic(i), tdQrdQ_atomic(i)) | hopper/mainloop_bwd_sm80.hpp:25: the class takes a Deterministic template parameter | hopper/mainloop_bwd_sm80.hpp:348: the only use of Deterministic in this file is an assert that dq_semaphore is non-null; there is no Barrier::wait_eq or arrive_inc around the atomicAdd | hopper/flash_bwd_launch_template.h:86-89: CollectiveMainloopBwdSm80 is instantiated with the same Deterministic flag for Arch < 90",,,,False,scanner,flash-attention-c00094,hopper/flash_bwd_launch_template.h:83-89;hopper/flash_bwd_launch_template.h:105-108,True,,"deterministic=True is accepted for this build but nothing in the sm80 mainloop serialises the dQ accumulation, so the flag does not make this path deterministic. Confidence medium because the sm80 build of the hopper tree may not be what binary wheels ship; the source at this sha is unambiguous. Training only.",008e63667e0f50c146689bc4c3fa1aa8e3bc4fbd
flash-attention-0011,flash-attention,B,atomicAdd,int32,global,hopper/tile_scheduler.hpp,336,340,DynamicPersistentTileScheduler::prefetch_next_work,True,both,both,n/a,none,flash-attention,any,,,high,FlashAttention-3 forward and backward persistent schedulers hand out the next tile index with an integer ticket counter (tile_count_semaphore). Also VarlenDynamicPersistentTileScheduler::prefetch_next_work at line 786.,"hopper/tile_scheduler.hpp:338: atomicAdd(params.tile_count_semaphore, 1) returns the next tile id | hopper/tile_scheduler.hpp:786: same pattern in the varlen scheduler | hopper/flash_fwd_combine_kernel.h:601-611: the split-KV combine kernel sums the scaled partial LSEs in loop order s = 0..num_splits-1 in a separate kernel; the scanner found no atomics in any hopper/*fwd* or combine file, so tile-to-CTA assignment does not change any float reduction order",,,,False,scanner,flash-attention-c00101,hopper/flash_fwd_kernel_sm90.h:353;hopper/flash_bwd_kernel_sm90.h:225,False,,"Exact integer counter. Tile-to-CTA assignment does not feed a float reduction: each tile's output is written once (forward) or serialised or already class A (backward), so not B-indirect.",008e63667e0f50c146689bc4c3fa1aa8e3bc4fbd
flash-attention-0012,flash-attention,B,atomicAdd,int32,shared,hopper/flash_prepare_scheduler.cu,150,154,prepare_varlen_num_blocks_kernel,True,forward,both,n/a,none,flash-attention,any,,,high,"FlashAttention-3 varlen forward: a block-wide integer sum of the number of tiles, used to pick a dynamic split count.","hopper/flash_prepare_scheduler.cu:152: atomicAdd(total_blocks_smem, total_blocks) on a __shared__ int, one add per warp",,,,False,scanner,flash-attention-c00093,,False,,"Exact integer sum. The resulting num_splits_dynamic changes how many KV splits the forward uses, and therefore the split-KV combine order, but the sum is order-invariant so the same inputs give the same split count. Not B-indirect.",008e63667e0f50c146689bc4c3fa1aa8e3bc4fbd
flash-attention-0013,flash-attention,B,ptx-red,int32,global,csrc/layer_norm/ln_utils.cuh,374,379,InterCTASync::spin_wait_,False,both,n/a,n/a,none,,any,,,high,"Fused layer-norm (training utility, outside the attention kernels): integer arrival counter for the multi-CTA-per-row barrier.","csrc/layer_norm/ln_utils.cuh:375: red.release.gpu.global.add.s32 on the barrier word, then ld.acquire spin until expected",,,,False,scanner,flash-attention-c00047,,False,,Barrier counter only. csrc/layer_norm is outside the scan_paths; the scanner walked it and found no floating-point atomics (the dgamma/dbeta partials are reduced by a separate finalize kernel). Recorded because Cankaya 2026 mentions fused-normalisation weight-gradient atomics; at this sha that is not what the code does.,008e63667e0f50c146689bc4c3fa1aa8e3bc4fbd
flash-attention-0014,flash-attention,C,library-call,n/a,n/a,csrc/fused_dense_lib/fused_dense_cuda.cu,209,212,gemm_bias_act_lt (and siblings),False,both,n/a,n/a,none,,any,,,high,"Fused dense training helpers call cuBLASLt matmul directly (40 cublasLt* calls in this file; first cublasLtMatmul at line 209, then 366 and 522). Not used by any inference engine in this census.","csrc/fused_dense_lib/fused_dense_cuda.cu:209: status = cublasLtMatmul(ltHandle, ...)",,cuBLASLt,,False,scanner,flash-attention-c00020,,False,cuBLASLt linear bf16: identical/identical (NVIDIA-B200-580.167.08-torch2.13.0+cu130; relation=operator_example; evaluations=240; kernel_identity_verified=False) | cuBLASLt mm bf16: identical/identical (NVIDIA-B200-580.167.08-torch2.13.0+cu130; relation=operator_example; evaluations=240; kernel_identity_verified=False) | cuBLASLt linear bf16: identical/identical (NVIDIA-H100-80GB-HBM3-580.126.09-torch2.13.0+cu130; relation=operator_example; evaluations=480; kernel_identity_verified=False) | cuBLASLt linear fp16: identical/identical (NVIDIA-H100-80GB-HBM3-580.126.09-torch2.13.0+cu130; relation=operator_example; evaluations=240; kernel_identity_verified=False) | cuBLASLt mm bf16: identical/identical (NVIDIA-H100-80GB-HBM3-580.126.09-torch2.13.0+cu130; relation=operator_example; evaluations=480; kernel_identity_verified=False) | cuBLASLt mm fp16: identical/identical (NVIDIA-H100-80GB-HBM3-580.126.09-torch2.13.0+cu130; relation=operator_example; evaluations=240; kernel_identity_verified=False) | cuBLASLt linear bf16: identical/identical (NVIDIA-RTX-PRO-6000-Blackwell-Server-Edition-595.91.07-torch2.14.0+cu130; relation=operator_example; evaluations=240; kernel_identity_verified=False) | cuBLASLt mm bf16: identical/identical (NVIDIA-RTX-PRO-6000-Blackwell-Server-Edition-595.91.07-torch2.14.0+cu130; relation=operator_example; evaluations=240; kernel_identity_verified=False),Recorded for completeness; out of scope for inference.,008e63667e0f50c146689bc4c3fa1aa8e3bc4fbd
flash-attention-0015,flash-attention,A,tl.atomic_add,float32,global,flash_attn/flash_attn_triton.py,598,604,_bwd_kernel_one_col_block,False,backward,n/a,n/a,none,flash-attention,any,,,high,"Triton FlashAttention backward (flash_attn_triton). With the SEQUENCE_PARALLEL autotune config, each K/V column block adds its dQ partial into the fp32 dq_accum with tl.atomic_add; with the other config one program loops over all column blocks and stores. The autotuner picks between the two by timing.","flash_attn/flash_attn_triton.py:599: tl.atomic_add(dq_ptrs, dq) on the SEQUENCE_PARALLEL branch | flash_attn/flash_attn_triton.py:910: dq_accum = torch.empty_like(q, dtype=torch.float32) | flash_attn/flash_attn_triton.py:637-651: @triton.autotune with SEQUENCE_PARALLEL False and True configs keyed on sequence lengths; the winner is chosen by measured time | flash_attn/flash_attn_triton.py:955-957: grid x = cdiv(seqlen_k, BLOCK_N) only when SEQUENCE_PARALLEL, otherwise 1 | flash_attn/flash_attn_triton.py:737-745: the non-parallel config loops start_n over all column blocks inside one program (no atomics)",,,,False,scanner,flash-attention-c00070;flash-attention-c00071;flash-attention-c00072,flash_attn/flash_attn_triton.py:955-957;flash_attn/flash_attn_triton.py:637-651,True,,"No flag selects the deterministic variant; the autotuner does, per process, based on timing. Two runs can therefore differ in whether atomics are used at all. Training only.",008e63667e0f50c146689bc4c3fa1aa8e3bc4fbd
flash-attention-0016,flash-attention,A,atomic_ref,float32,global,flash_attn/cute/flash_bwd.py,1039,1043,FlashAttentionBackwardSm80.dQ_mma,False,backward,n/a,n/a,none,flash-attention,any,,,high,"FlashAttention-4 (CuTe DSL) backward on sm120 through FlashAttentionBackwardSm120, which inherits this FlashAttentionBackwardSm80 code. Each K/V block adds its dQ partial into fp32 dQaccum with an nvvm atomicrmw FADD. The interface selects these classes for arch 8.x or 12.x (interface.py:2491-2492), but _flash_attn_bwd asserts arch 9.x to 12.x (interface.py:1917), so through flash_attn.cute.interface only sm120 reaches this site.","flash_attn/cute/flash_bwd.py:1043: utils.atomic_add_fp32(acc_dQ_atomic[i], utils.elem_pointer(tdQgdQaccum_atomic, i)) | flash_attn/cute/utils.py:478-495: atomic_add_fp32 is nvvm.atomicrmw(op=FADD) on an f32 global pointer | flash_attn/cute/flash_bwd.py:31: class FlashAttentionBackwardSm80 has no deterministic parameter (grep finds none in the file) | flash_attn/cute/flash_bwd_sm120.py:14: FlashAttentionBackwardSm120 inherits FlashAttentionBackwardSm80 | flash_attn/cute/interface.py:1980: assert deterministic is False for sm120 | flash_attn/cute/interface.py:1917: assert arch // 10 in [9, 10, 11, 12]: the backward interface rejects sm80-89 | flash_attn/cute/interface.py:2491-2493: arch // 10 in [8, 12] selects these classes",,,,False,scanner,flash-attention-c00058,flash_attn/cute/interface.py:2491-2493,True,,No serialised alternative exists for this architecture path at this sha. Training only.,008e63667e0f50c146689bc4c3fa1aa8e3bc4fbd
flash-attention-0017,flash-attention,A,atomic_ref,float32,global,flash_attn/cute/flash_bwd.py,1190,1197,FlashAttentionBackwardSm80.epilogue,False,backward,n/a,n/a,none,flash-attention,any,,,high,"FlashAttention-4 backward on sm120 with grouped-query attention, through FlashAttentionBackwardSm120 which inherits this FlashAttentionBackwardSm80 code: each query head of a group adds its dK and dV partials into the fp32 accumulators of the shared K/V head with atomic FADD. _flash_attn_bwd asserts arch 9.x to 12.x (interface.py:1917), so the arch 8.x arm of the dispatch is not reached through flash_attn.cute.interface.","flash_attn/cute/flash_bwd.py:1174: else branch: qhead_per_kvhead > 1, do atomic add | flash_attn/cute/flash_bwd.py:1195: utils.atomic_add_fp32 on tdVgdVaccum | flash_attn/cute/flash_bwd.py:1197: utils.atomic_add_fp32 on tdKgdKaccum | flash_attn/cute/interface.py:1917: assert arch // 10 in [9, 10, 11, 12]: the backward interface rejects sm80-89",,,,False,scanner,flash-attention-c00059;flash-attention-c00060,flash_attn/cute/interface.py:2491-2493,True,,GQA models only. Training only.,008e63667e0f50c146689bc4c3fa1aa8e3bc4fbd
flash-attention-0018,flash-attention,A3,tma-reduce,float32,global,flash_attn/cute/flash_bwd_sm90.py,1901,1908,FlashAttentionBackwardSm90 (dQ store in the mma loop),False,backward,n/a,n/a,none,flash-attention,any,deterministic (Python kwarg of flash_attn.cute.interface),False,high,FlashAttention-4 backward on sm90. dQ partial tiles are reduced into fp32 dQaccum with cp.reduce.async.bulk add.f32 (cpasync_reduce_bulk_add_f32).,"flash_attn/cute/flash_bwd_sm90.py:1903: copy_utils.cpasync_reduce_bulk_add_f32(sdQaccum -> gdQaccum) | flash_attn/cute/copy_utils.py:280: the helper is cp.reduce.async.bulk.global.shared::cta.bulk_group.add.f32 | flash_attn/cute/flash_bwd_sm90.py:1880-1894: if deterministic: barrier.wait_eq(mdQ_semaphore_cur[(m_block_safe, None)], ..., lock_value) before the reduce; lock_value is n_block, or its reverse under spt | flash_attn/cute/flash_bwd_sm90.py:1910-1918: if deterministic: cp_async_bulk_wait_group then barrier.arrive_inc | flash_attn/cute/flash_bwd_sm90.py:57: deterministic: bool = False default in the class | flash_attn/cute/interface.py:1901: deterministic: bool = False default at the API",,,,False,manual,,flash_attn/cute/interface.py:2517,False,,Training only.,008e63667e0f50c146689bc4c3fa1aa8e3bc4fbd
flash-attention-0019,flash-attention,A3,tma-reduce,float32,global,flash_attn/cute/flash_bwd_sm90.py,1770,1775,FlashAttentionBackwardSm90 (dK/dV epilogue),False,backward,n/a,n/a,none,flash-attention,any,deterministic (Python kwarg of flash_attn.cute.interface),False,high,FlashAttention-4 backward on sm90 with grouped-query attention: dK (line 1772) and dV (line 1791) partials of each query head are reduced into the shared K/V head accumulators with TMA bulk reduce-add.,"flash_attn/cute/flash_bwd_sm90.py:1772: cpasync_reduce_bulk_add_f32(sdKaccum -> gdKaccum) | flash_attn/cute/flash_bwd_sm90.py:1791: cpasync_reduce_bulk_add_f32(sdVaccum -> gdVaccum) | flash_attn/cute/flash_bwd_sm90.py:1725-1731: deterministic_KV gate | flash_attn/cute/flash_bwd_sm90.py:1780-1782: arrive_inc on dK semaphore, wait_eq on dV semaphore under deterministic_KV | flash_attn/cute/interface.py:2285-2287: dK_semaphore and dV_semaphore allocated only when deterministic and qhead_per_kvhead > 1",,,,False,manual,,flash_attn/cute/interface.py:2517,False,,GQA models only. Training only.,008e63667e0f50c146689bc4c3fa1aa8e3bc4fbd
flash-attention-0020,flash-attention,A3,tma-reduce,float32,global,flash_attn/cute/flash_bwd_sm100.py,3909,3916,FlashAttentionBackwardSm100 (dQ TMA store),False,backward,n/a,n/a,none,flash-attention,any,deterministic (Python kwarg of flash_attn.cute.interface),False,high,"FlashAttention-4 backward on sm100 (Blackwell). dQ partial tiles are reduced into fp32 dQaccum with cp.reduce.async.bulk add.f32 from a dedicated TMA warp. head_dim = head_dim_v = 256 uses the separate BlackwellFusedMultiHeadAttentionBackward class instead (interface.py:2032, 2546-2557).",flash_attn/cute/flash_bwd_sm100.py:3912: copy_utils.cpasync_reduce_bulk_add_f32(sdQaccum -> gdQaccum_cur) | flash_attn/cute/flash_bwd_sm100.py:3888-3907: semaphore acquire under const_expr(self.deterministic and stage == 0) | flash_attn/cute/flash_bwd_sm100.py:3925-3932: arrive_inc release under deterministic (delayed release; the other release points are at 3942-3955 and 3961-3968) | flash_attn/cute/flash_bwd_sm100.py:80: deterministic: bool = False default,,,,False,manual,,flash_attn/cute/interface.py:2578,False,,Training only.,008e63667e0f50c146689bc4c3fa1aa8e3bc4fbd
flash-attention-0021,flash-attention,A3,tma-reduce,float32,global,flash_attn/cute/flash_bwd_sm100.py,4311,4317,FlashAttentionBackwardSm100.epilogue_dK_or_dV_tma (dKV_postprocess),False,backward,n/a,n/a,none,flash-attention,any,deterministic (Python kwarg of flash_attn.cute.interface),False,medium,"FlashAttention-4 backward on sm100 with grouped-query attention: when dKV_postprocess (qhead_per_kvhead > 1) the dK/dV tiles of each query head are reduced into the shared fp32 accumulator of the K/V head with TMA bulk reduce-add. head_dim = head_dim_v = 256 uses the separate BlackwellFusedMultiHeadAttentionBackward class instead (interface.py:2032, 2546-2557).","flash_attn/cute/flash_bwd_sm100.py:4314: cpasync_reduce_bulk_add_f32(sdKV -> gdKV_epi) on the dKV_postprocess branch | flash_attn/cute/flash_bwd_sm100.py:534: dKV_postprocess = qhead_per_kvhead > 1 | flash_attn/cute/flash_bwd_sm100.py:4228-4231: deterministic_KV = self.deterministic and self.qhead_per_kvhead > 1 selects mdKV_semaphore_cur | flash_attn/cute/flash_bwd_sm100.py:4261-4266: semaphore acquire: barrier.wait_eq(mdKV_semaphore_cur, ..., head_idx % self.qhead_per_kvhead) before the epilogue stages | flash_attn/cute/flash_bwd_sm100.py:4332-4339: semaphore release: wait for the bulk reduce, then barrier.arrive_inc | flash_attn/cute/flash_bwd_sm100.py:3552-3590: the dV and dK epilogue calls pass mdV_semaphore and mdK_semaphore | flash_attn/cute/flash_bwd_sm100.py:577-586: mdK_semaphore and mdV_semaphore are kept when deterministic and qhead_per_kvhead > 1, else set to None | flash_attn/cute/flash_bwd_sm100.py:80: deterministic: bool = False default",,,,False,manual,,flash_attn/cute/interface.py:2578,False,,Reclassified from A to A3 at the September 2026 re-pin: the semaphore acquire and release at lines 4261-4266 and 4332-4339 serialise this reduce when deterministic=True. GQA models only. Training only.,008e63667e0f50c146689bc4c3fa1aa8e3bc4fbd
flash-attention-0022,flash-attention,A,ptx-red,float32,global,flash_attn/cute/flash_bwd_mla_sm100.py,2116,2122,dVacc_store (MLA backward sm100),False,backward,n/a,n/a,none,flash-attention,any,,,high,FlashAttention-4 sparse MLA backward on sm100: dV partials are added into global fp32 accumulators with red.global.add.v4.f32 (atomic_add_fp32x4). Top-k slots holding the -1 sentinel are skipped; every valid selected key receives adds from each query tile that selected it.,"flash_attn/cute/flash_bwd_mla_sm100.py:2122: atomic_add_fp32x4(a, b, c, d, dV_gmem_ptr) | flash_attn/cute/flash_bwd_mla_sm100.py:2105-2107: gmem_n_idx = rIdxTopK[j]; the add is skipped only for -1 sentinel slots | flash_attn/cute/copy_utils.py:110-125: atomic_add_fp32x4 is inline PTX red.global.add.v4.f32 | flash_attn/cute/interface.py:2884: dv = torch.zeros_like(v, dtype=torch.float32) | flash_attn/cute/interface.py:2825: assert deterministic is False, sparse MLA bwd: deterministic mode not yet supported",,,,False,scanner,flash-attention-c00062,flash_attn/cute/interface.py:2807-2825,True,,Training only.,008e63667e0f50c146689bc4c3fa1aa8e3bc4fbd
flash-attention-0023,flash-attention,A,other,float32,global,flash_attn/cute/flash_bwd_mla_dk_sm100.py,1121,1128,epilogue_scatter_reduce (MLA dK backward sm100),False,backward,n/a,n/a,none,flash-attention,any,,,medium,FlashAttention-4 sparse MLA backward on sm100: dK contributions for each selected key are scatter-reduced into the global fp32 dK accumulator with cute.arch.atomic_add; top-k slots holding the -1 sentinel are skipped.,"flash_attn/cute/flash_bwd_mla_dk_sm100.py:1125: cute.arch.atomic_add(ptr=elem_pointer(tCgC, ...), val=tCrC[i, j]) | flash_attn/cute/flash_bwd_mla_dk_sm100.py:1121: if seqlen_k_idx_in_batch >= 0: the add is skipped only for -1 sentinel slots | flash_attn/cute/interface.py:2882: dk = torch.zeros_like(k, dtype=torch.float32) | flash_attn/cute/interface.py:3020: _sparse_mla_dk(ds, gather_kv_indices, q, dk, ...) writes into that fp32 dk | flash_attn/cute/interface.py:2825: deterministic not supported for sparse MLA backward",,,,False,scanner,flash-attention-c00061,flash_attn/cute/interface.py:2807-2825,True,,dtype from the fp32 dk allocation and check at interface.py:2882 and 2894. Training only.,008e63667e0f50c146689bc4c3fa1aa8e3bc4fbd
flash-attention-0024,flash-attention,A3,tma-reduce,float32,global,flash_attn/cute/block_sparse_utils.py,1887,1893,_store_one_dQaccum_sm90 (called by dQaccum_store_block_sparse_bwd_sm90),False,backward,n/a,n/a,none,flash-attention,any,deterministic (Python kwarg of flash_attn.cute.interface),False,medium,FlashAttention-4 block-sparse backward on sm90: dQ tiles reduced into dQaccum with TMA bulk reduce-add from the block-sparse store helper.,"flash_attn/cute/block_sparse_utils.py:1889: cpasync_reduce_bulk_add_f32(sdQaccum -> gdQaccum) | flash_attn/cute/block_sparse_utils.py:1926-1955: dQaccum_store_block_sparse_bwd_sm90 calls _store_one_dQaccum_sm90 for each partial and each full m_block | flash_attn/cute/flash_bwd_sm90.py:1920-1922: assert not self.deterministic, Deterministic not implemented for block-sparse backward",,,,False,manual,,flash_attn/cute/flash_bwd_sm90.py:42;flash_attn/cute/interface.py:2350-2373,False,,Recorded as A3 because a deterministic path is designed (dq_write_order) but asserted off at this sha; effectively class A today. Training only.,008e63667e0f50c146689bc4c3fa1aa8e3bc4fbd
flash-attention-0025,flash-attention,B,ptx-red,int32,global,flash_attn/cute/barrier.py,44,50,red_release (used by arrive_inc),False,backward,n/a,n/a,none,flash-attention,any,,,high,Semaphore increment for the deterministic backward paths (arrive_inc at line 70); red_relaxed at line 31 is the relaxed variant.,flash_attn/cute/barrier.py:47: red.release.gpu.global.add.s32 on the lock word | flash_attn/cute/barrier.py:64-71: wait_eq spins with ld_acquire; arrive_inc calls red_release,,,,False,scanner,flash-attention-c00053,,False,,Exact integer counter that imposes a fixed order; not B-indirect.,008e63667e0f50c146689bc4c3fa1aa8e3bc4fbd
flash-attention-0026,flash-attention,A,torch-op,unknown,global,flash_attn/bert_padding.py,86,92,IndexPutFirstAxisResidual.backward,False,backward,n/a,n/a,none,,any,torch.use_deterministic_algorithms,False (PyTorch default),medium,"Padding utility backward: grad_input.scatter_add_(0, indices, grad_output). PyTorch's CUDA scatter_add_ accumulates with atomics unless deterministic algorithms are enabled.","flash_attn/bert_padding.py:91: grad_input.scatter_add_(0, indices, grad_output)",,,,False,scanner,flash-attention-c00049,,False,scatter_add_default: DIFFERS/DIFFERS (NVIDIA-B200-580.167.08-torch2.13.0+cu130; relation=operator_example; evaluations=8; kernel_identity_verified=False) | scatter_add_default: DIFFERS/DIFFERS (NVIDIA-H100-80GB-HBM3-580.126.09-torch2.13.0+cu130; relation=operator_example; evaluations=12; kernel_identity_verified=False) | scatter_add_default: DIFFERS/DIFFERS (NVIDIA-H100-80GB-HBM3-580.126.09-torch2.13.0+cu130; relation=operator_example; evaluations=8; kernel_identity_verified=False) | scatter_add_default: DIFFERS/DIFFERS (NVIDIA-RTX-PRO-6000-Blackwell-Server-Edition-595.91.07-torch2.14.0+cu130; relation=operator_example; evaluations=8; kernel_identity_verified=False),Library operator; the atomic is inside PyTorch. dtype follows grad_output. Training only. Not reached by the attention kernels themselves.,008e63667e0f50c146689bc4c3fa1aa8e3bc4fbd
flash-attention-0027,flash-attention,A,torch-op,float32,global,flash_attn/utils/generation.py,57,63,modify_logits_for_top_p_filtering,False,forward,decode,n/a,none,,none,torch.use_deterministic_algorithms,False (PyTorch default),low,Sampling utility in flash_attn.utils.generation: softmax(...).cumsum(dim=-1) on a CUDA float tensor. PyTorch documents CUDA float cumsum as non-deterministic unless deterministic algorithms are enabled.,"flash_attn/utils/generation.py:59: cumulative_probs = sorted_logits.softmax(dim=-1).cumsum(dim=-1) | flash_attn/utils/generation.py:63: the following scatter uses sorted_indices, a permutation, so its indices are unique (A1)",,,,False,scanner,flash-attention-c00081;flash-attention-c00082,,False,cumsum_float_default: identical/identical (NVIDIA-B200-580.167.08-torch2.13.0+cu130; relation=operator_example; evaluations=8; kernel_identity_verified=False) | cumsum_float_default: identical/identical (NVIDIA-H100-80GB-HBM3-580.126.09-torch2.13.0+cu130; relation=operator_example; evaluations=12; kernel_identity_verified=False) | cumsum_float_default: identical/identical (NVIDIA-H100-80GB-HBM3-580.126.09-torch2.13.0+cu130; relation=operator_example; evaluations=8; kernel_identity_verified=False) | cumsum_float_default: identical/identical (NVIDIA-RTX-PRO-6000-Blackwell-Server-Edition-595.91.07-torch2.14.0+cu130; relation=operator_example; evaluations=8; kernel_identity_verified=False),Whether the CUDA cumsum implementation in a given PyTorch build actually uses order-dependent accumulation cannot be settled from this repository; see the probe scripts under probes/. This helper is not used by the inference engines in the census.,008e63667e0f50c146689bc4c3fa1aa8e3bc4fbd
flashinfer-0001,flashinfer,A3,ptx-red,bfloat162,global,csrc/nv_internal/tensorrt_llm/cutlass_extensions/include/cutlass_extensions/epilogue/collective/epilogue_moe_finalize.hpp,459,462,EpilogueMoeFusedFinalizeBuilder (CopyAtomR2G),True,forward,both,moe,fp8;nvfp4;mxfp4;w4a8;bf16,,any,use_fused_finalize (cutlass_fused_moe keyword),True,high,"CUTLASS fused MoE (cutlass_fused_moe): with use_fused_finalize the GEMM2 epilogue scatters each expert's scaled output row directly into the token's output row with red.global.add (f16/bf16, vectorised), so a token's top-k experts accumulate in arrival order. With the flag off a separate finalize kernel sums per token in expert order.","csrc/nv_internal/tensorrt_llm/cutlass_extensions/include/cutlass_extensions/epilogue/collective/epilogue_moe_finalize.hpp:461: using CopyAtomR2G = decltype(detail::get_vectorized_atomic_add_op<ElementD, EpiTileN>()) | csrc/nv_internal/tensorrt_llm/cutlass_extensions/include/cutlass_extensions/epilogue/collective/epilogue_moe_finalize.hpp:406-433: get_vectorized_atomic_add_op returns SM90_RED_ADD_NOFTZ_F16x2_V4 / BF16x2_V4 ... or TypedAtomicAdd | csrc/nv_internal/tensorrt_llm/cutlass_extensions/include/cutlass_extensions/arch/copy_red_global.hpp:87-309: those ops are inline PTX red.global.add.noftz.{f16,f16x2,bf16,bf16x2} with v2/v4 variants | flashinfer/fused_moe/core.py:1362-1366: use_fused_finalize defaults to True and is documented as non-deterministic | csrc/fused_moe/cutlass_backend/cutlass_fused_moe_kernels.cuh:3747-3749: using_fused_finalize selects the FINALIZE epilogue fusion; otherwise finalizeMoeRoutingKernelLauncher runs | flashinfer/fused_moe/runners.py:402: _CutlassRunnerBase.__init__ sets self._use_fused_finalize = True; the only finalize setting the runner reads is do_finalize (line 374) | flashinfer/fused_moe/runners.py:690-706: _CutlassRunnerBase.forward calls cutlass_fused_moe(..., use_fused_finalize=self._use_fused_finalize)",,,cutlass_fused_moe called with the default use_fused_finalize=True: vLLM's flashinfer_cutlass MoE backend and SGLang's moe-runner-backend flashinfer_cutlass,False,manual,,flashinfer/fused_moe/core.py:922;flashinfer/fused_moe/core.py:1096;flashinfer/fused_moe/core.py:1225;csrc/fused_moe/cutlass_backend/flashinfer_cutlass_fused_moe_binding.cu:282;flashinfer/fused_moe/runners.py:690,True,fi_cutlass_fused_moe_autotuned_fused_finalize_False_topk8: identical/identical (NVIDIA-B200-580.167.08-torch2.13.0+cu130; relation=control; evaluations=8; kernel_identity_verified=False) | fi_cutlass_fused_moe_autotuned_fused_finalize_True_topk2: identical/identical (NVIDIA-B200-580.167.08-torch2.13.0+cu130; relation=operator_example; evaluations=8; kernel_identity_verified=False) | fi_cutlass_fused_moe_autotuned_fused_finalize_True_topk4: DIFFERS/DIFFERS (NVIDIA-B200-580.167.08-torch2.13.0+cu130; relation=operator_example; evaluations=8; kernel_identity_verified=False) | fi_cutlass_fused_moe_autotuned_fused_finalize_True_topk8: identical/identical (NVIDIA-B200-580.167.08-torch2.13.0+cu130; relation=operator_example; evaluations=8; kernel_identity_verified=False) | fi_cutlass_fused_moe_autotuned_fused_finalize_False_topk8: identical/identical (NVIDIA-H100-80GB-HBM3-580.126.09-torch2.13.0+cu130; relation=control; evaluations=8; kernel_identity_verified=False) | fi_cutlass_fused_moe_autotuned_fused_finalize_True_topk2: identical/identical (NVIDIA-H100-80GB-HBM3-580.126.09-torch2.13.0+cu130; relation=operator_example; evaluations=8; kernel_identity_verified=False) | fi_cutlass_fused_moe_autotuned_fused_finalize_True_topk4: DIFFERS/DIFFERS (NVIDIA-H100-80GB-HBM3-580.126.09-torch2.13.0+cu130; relation=operator_example; evaluations=8; kernel_identity_verified=False) | fi_cutlass_fused_moe_autotuned_fused_finalize_True_topk8: identical/identical (NVIDIA-H100-80GB-HBM3-580.126.09-torch2.13.0+cu130; relation=operator_example; evaluations=8; kernel_identity_verified=False),This is the kernel SGLang's later documentation calls the 'fused atomic CUTLASS MoE finalize'. Default-path class A for every engine configuration that selects the FlashInfer CUTLASS MoE backend.,8bc3b578027791336c6ae87db5c9d76f82cef8bc
flashinfer-0002,flashinfer,A,ptx-red,float16,global,csrc/nv_internal/tensorrt_llm/cutlass_extensions/include/cutlass_extensions/arch/copy_red_global.hpp,84,90,SM70_RED_ADD_NOFTZ_F16::copy (and siblings),True,forward,both,moe,any,,any,,,high,"Helper copy atoms wrapping red.global.add.noftz on f16/f16x2/bf16/bf16x2 scalars and vectors (lines 87, 116, 146, 178, 212, 243, 275, 309) plus a generic atomicAdd wrapper (line 60). Used by the fused MoE finalize epilogue and sm90_visitor_scatter.",csrc/nv_internal/tensorrt_llm/cutlass_extensions/include/cutlass_extensions/arch/copy_red_global.hpp:87: red.global.add.noftz.f16 | csrc/nv_internal/tensorrt_llm/cutlass_extensions/include/cutlass_extensions/epilogue/fusion/sm90_visitor_scatter.hpp:1: second includer of the header,,,,True,scanner,flashinfer-c00124,csrc/nv_internal/tensorrt_llm/cutlass_extensions/include/cutlass_extensions/epilogue/collective/epilogue_moe_finalize.hpp:459,True,fi_cutlass_fused_moe_autotuned_fused_finalize_True_topk4: DIFFERS/DIFFERS (NVIDIA-B200-580.167.08-torch2.13.0+cu130; relation=operator_example; evaluations=8; kernel_identity_verified=False) | fi_cutlass_fused_moe_autotuned_fused_finalize_True_topk4: DIFFERS/DIFFERS (NVIDIA-H100-80GB-HBM3-580.126.09-torch2.13.0+cu130; relation=operator_example; evaluations=8; kernel_identity_verified=False),Definition row; the reachable site is flashinfer-0001.,8bc3b578027791336c6ae87db5c9d76f82cef8bc
flashinfer-0003,flashinfer,A,tma-reduce,unknown,global,csrc/nv_internal/tensorrt_llm/cutlass_extensions/include/cutlass_extensions/epilogue/fusion/sm90_visitor_allreduce_tma_warpspecialized.hpp,69,74,get_TMA_store_op (OneShot all-reduce epilogue),False,forward,both,n/a,any,,TP,,,medium,"GEMM plus all-reduce fusion epilogue: in one-shot mode the output tile is TMA reduce-added into the peers' buffers, so contributions from ranks land in arrival order.",csrc/nv_internal/tensorrt_llm/cutlass_extensions/include/cutlass_extensions/epilogue/fusion/sm90_visitor_allreduce_tma_warpspecialized.hpp:72: return SM90_TMA_REDUCE_ADD{} under if constexpr (OneShot),,,,False,scanner,flashinfer-c00134,,False,,"No file under csrc, include or flashinfer includes this header at the pinned sha, so it is dead code here.",8bc3b578027791336c6ae87db5c9d76f82cef8bc
flashinfer-0004,flashinfer,A3,tma-reduce,bfloat16,global,flashinfer/fused_moe/cute_dsl/blackwell/blockscaled_contiguous_grouped_gemm_finalize_fusion.py,2206,2212,Sm100BlockScaledContiguousGroupedGemmFinalizeFusionKernel (epilogue),unknown,forward,both,moe,nvfp4,,any,"use_fused_finalize (kernel constructor argument, threaded from the wrapper keyword)",True,high,"CuTe DSL NVFP4 grouped GEMM with finalize fusion (Blackwell SM100): with use_fused_finalize true, the default, each valid expert row is bulk reduce-added (cp.reduce.async.bulk add) into the token's output row, so the k experts of a token accumulate in arrival order; with use_fused_finalize false the same epilogue takes the blk_copy branch and writes num_tokens * top_k expanded rows for a separate finalize.","flashinfer/fused_moe/cute_dsl/blackwell/blockscaled_contiguous_grouped_gemm_finalize_fusion.py:2200-2223: blk_copy when use_fused_finalize is false, otherwise blk_reduce_bf16 / blk_reduce_fp32 / blk_reduce_fp16 chosen by out_dtype, each into scatter_out_offset for the token row | flashinfer/fused_moe/cute_dsl/blackwell/blockscaled_contiguous_grouped_gemm_finalize_fusion.py:2188-2193: scatter_out_offset is the token row sMetaTokenIdx[reduce_row], so the k expert rows of one token land on the same destination | flashinfer/fused_moe/cute_dsl/blackwell/utils.py:186-216: blk_reduce_bf16 and blk_reduce_fp32 are cp.reduce.async.bulk.global.shared::cta.bulk_group.add.noftz.bf16 and .add.f32 | flashinfer/fused_moe/cute_dsl/blackwell/utils.py:228: blk_reduce_fp16 emits cp.reduce.async.bulk.global.shared::cta.bulk_group.noftz.f16 with no .add operator, unchanged from the July pin | flashinfer/fused_moe/cute_dsl/blackwell/blockscaled_contiguous_grouped_gemm_finalize_fusion.py:369: use_fused_finalize defaults to True on the kernel constructor",,,,False,manual,,flashinfer/fused_moe/cute_dsl/blockscaled_contiguous_grouped_gemm_finalize_fusion.py:727;flashinfer/fused_moe/cute_dsl/blockscaled_contiguous_grouped_gemm_finalize_fusion.py:355,False,,"Rewritten at this pin: the epilogue now computes reduce_row and reduce_permuted_row (a transposed thread-to-row map on partial tiles), clamps the copy to valid_columns, and gates the reduce on use_fused_finalize. Neither vLLM nor SGLang calls blockscaled_contiguous_grouped_gemm_finalize_fusion_nvfp4 at their pinned shas; default_path unknown for the engines, true for the FlashInfer API itself with its default keyword.",8bc3b578027791336c6ae87db5c9d76f82cef8bc
flashinfer-0005,flashinfer,A,ptx-red,float32,global,flashinfer/fused_moe/cute_dsl/common/kernel_utils.py,216,223,atomic_add_func,False,forward,both,moe,any,,any,,,medium,"Helper emitting red.global.add.f32 or red.add.noftz.bf16 for scatter-add epilogues. Moved at this pin from flashinfer/fused_moe/cute_dsl/blackwell/utils.py into the shared cute_dsl/common/kernel_utils.py, which blackwell/utils.py re-exports.","flashinfer/fused_moe/cute_dsl/common/kernel_utils.py:226: red.global.add.f32 | flashinfer/fused_moe/cute_dsl/common/kernel_utils.py:239: red.add.noftz.bf16 | flashinfer/fused_moe/cute_dsl/blackwell/utils.py:63-65: blackwell/utils.py re-exports atomic_add_func from common.kernel_utils, the only reference to the name outside its two definitions",,,,True,scanner,flashinfer-c00262;flashinfer-c00263,,False,,"Still definition only: the re-export in blackwell/utils.py:65 is the only reference to atomic_add_func anywhere in include/, csrc/ or flashinfer/ at this sha, and no kernel calls it. A byte-identical second copy of the helper was added at flashinfer/fused_moe/cute_dsl/rubin/utils.py:253 (candidates flashinfer-c00270 and flashinfer-c00271); it is likewise uncalled and is not given its own row.",8bc3b578027791336c6ae87db5c9d76f82cef8bc
flashinfer-0006,flashinfer,A,ptx-red,bfloat162,global,flashinfer/fused_moe/cute_dsl/blackwell_sm12x/_moe_dynamic/generic.py,2549,2556,dynamic MoE kernel epilogue (generic implementation),unknown,forward,both,moe,nvfp4;w4a16,,any,,,high,"CuTe DSL MoE kernels for sm120 and sm121 (Blackwell consumer parts): expert outputs scaled by the routing weight are scatter-added into the token row with red.global.add.noftz.v4.bf16x2 (scatter_add_v4_bf16x2 in moe_w4a16_fp4_helpers.py:2096-2127, mirrored in flashinfer/cute_dsl/fp4_common.py:1988-2017). The dynamic backend is selected when num_tokens times num_topk exceeds 640 (moe_dispatch.py:1779-1782, default moe_dispatch.py:87). At this pin the dynamic kernel body moved into the private package _moe_dynamic/, this generic implementation plus a new branch-paired gated one.","flashinfer/fused_moe/cute_dsl/blackwell_sm12x/_moe_dynamic/generic.py:2552: scatter_add_v4_bf16x2(...) into scatter_output at tok * scatter_N + global_col | flashinfer/fused_moe/cute_dsl/blackwell_sm12x/moe_w4a16_fp4_helpers.py:2122: red.global.add.noftz.v4.bf16x2 | flashinfer/fused_moe/cute_dsl/blackwell_sm12x/moe_dispatch.py:1779-1782: select_sm120_moe_backend returns dynamic when num_tokens * num_topk exceeds the static cutover, 640 by default | flashinfer/fused_moe/cute_dsl/blackwell_sm12x/moe_dynamic_kernel.py:58-108: MoEDynamicKernel.__new__ builds this generic implementation unless the gated shape test passes",,,,False,manual,,,False,fi_b12x_moe_nvfp4_tokens16_topk1: DIFFERS/n/a (NVIDIA-RTX-PRO-6000-Blackwell-Server-Edition-595.71.05-torch2.14.0+cu130; relation=operator_example; evaluations=8; kernel_identity_verified=False) | fi_b12x_moe_nvfp4_tokens16_topk2: DIFFERS/n/a (NVIDIA-RTX-PRO-6000-Blackwell-Server-Edition-595.71.05-torch2.14.0+cu130; relation=operator_example; evaluations=8; kernel_identity_verified=False) | fi_b12x_moe_nvfp4_tokens16_topk4: DIFFERS/n/a (NVIDIA-RTX-PRO-6000-Blackwell-Server-Edition-595.71.05-torch2.14.0+cu130; relation=operator_example; evaluations=8; kernel_identity_verified=False) | fi_b12x_moe_nvfp4_tokens16_topk8: DIFFERS/n/a (NVIDIA-RTX-PRO-6000-Blackwell-Server-Edition-595.71.05-torch2.14.0+cu130; relation=operator_example; evaluations=8; kernel_identity_verified=False) | fi_b12x_moe_nvfp4_tokens4096_topk1: DIFFERS/n/a (NVIDIA-RTX-PRO-6000-Blackwell-Server-Edition-595.71.05-torch2.14.0+cu130; relation=operator_example; evaluations=8; kernel_identity_verified=False) | fi_b12x_moe_nvfp4_tokens4096_topk2: DIFFERS/n/a (NVIDIA-RTX-PRO-6000-Blackwell-Server-Edition-595.71.05-torch2.14.0+cu130; relation=operator_example; evaluations=8; kernel_identity_verified=False) | fi_b12x_moe_nvfp4_tokens4096_topk4: DIFFERS/n/a (NVIDIA-RTX-PRO-6000-Blackwell-Server-Edition-595.71.05-torch2.14.0+cu130; relation=operator_example; evaluations=8; kernel_identity_verified=False) | fi_b12x_moe_nvfp4_tokens4096_topk8: DIFFERS/n/a (NVIDIA-RTX-PRO-6000-Blackwell-Server-Edition-595.71.05-torch2.14.0+cu130; relation=operator_example; evaluations=8; kernel_identity_verified=False) | fi_b12x_moe_nvfp4_tokens512_topk1: DIFFERS/n/a (NVIDIA-RTX-PRO-6000-Blackwell-Server-Edition-595.71.05-torch2.14.0+cu130; relation=operator_example; evaluations=8; kernel_identity_verified=False) | fi_b12x_moe_nvfp4_tokens512_topk2: DIFFERS/n/a (NVIDIA-RTX-PRO-6000-Blackwell-Server-Edition-595.71.05-torch2.14.0+cu130; relation=operator_example; evaluations=8; kernel_identity_verified=False) | fi_b12x_moe_nvfp4_tokens512_topk4: DIFFERS/n/a (NVIDIA-RTX-PRO-6000-Blackwell-Server-Edition-595.71.05-torch2.14.0+cu130; relation=operator_example; evaluations=8; kernel_identity_verified=False) | fi_b12x_moe_nvfp4_tokens512_topk8: DIFFERS/n/a (NVIDIA-RTX-PRO-6000-Blackwell-Server-Edition-595.71.05-torch2.14.0+cu130; relation=operator_example; evaluations=8; kernel_identity_verified=False) | fi_b12x_moe_nvfp4_tokens16_topk1: DIFFERS/DIFFERS (NVIDIA-RTX-PRO-6000-Blackwell-Server-Edition-595.91.07-torch2.14.0+cu130; relation=operator_example; evaluations=8; kernel_identity_verified=False) | fi_b12x_moe_nvfp4_tokens16_topk1: identical/identical (NVIDIA-RTX-PRO-6000-Blackwell-Server-Edition-595.91.07-torch2.14.0+cu130; relation=operator_example; evaluations=8; kernel_identity_verified=False) | fi_b12x_moe_nvfp4_tokens16_topk2: DIFFERS/DIFFERS (NVIDIA-RTX-PRO-6000-Blackwell-Server-Edition-595.91.07-torch2.14.0+cu130; relation=operator_example; evaluations=8; kernel_identity_verified=False) | fi_b12x_moe_nvfp4_tokens16_topk2: DIFFERS/DIFFERS (NVIDIA-RTX-PRO-6000-Blackwell-Server-Edition-595.91.07-torch2.14.0+cu130; relation=operator_example; evaluations=8; kernel_identity_verified=False) | fi_b12x_moe_nvfp4_tokens16_topk2: identical/identical (NVIDIA-RTX-PRO-6000-Blackwell-Server-Edition-595.91.07-torch2.14.0+cu130; relation=operator_example; evaluations=8; kernel_identity_verified=False) | fi_b12x_moe_nvfp4_tokens16_topk4: DIFFERS/DIFFERS (NVIDIA-RTX-PRO-6000-Blackwell-Server-Edition-595.91.07-torch2.14.0+cu130; relation=operator_example; evaluations=8; kernel_identity_verified=False) | fi_b12x_moe_nvfp4_tokens16_topk4: DIFFERS/DIFFERS (NVIDIA-RTX-PRO-6000-Blackwell-Server-Edition-595.91.07-torch2.14.0+cu130; relation=operator_example; evaluations=8; kernel_identity_verified=False) | fi_b12x_moe_nvfp4_tokens16_topk4: identical/identical (NVIDIA-RTX-PRO-6000-Blackwell-Server-Edition-595.91.07-torch2.14.0+cu130; relation=operator_example; evaluations=8; kernel_identity_verified=False) | fi_b12x_moe_nvfp4_tokens16_topk8: DIFFERS/DIFFERS (NVIDIA-RTX-PRO-6000-Blackwell-Server-Edition-595.91.07-torch2.14.0+cu130; relation=operator_example; evaluations=8; kernel_identity_verified=False) | fi_b12x_moe_nvfp4_tokens16_topk8: DIFFERS/DIFFERS (NVIDIA-RTX-PRO-6000-Blackwell-Server-Edition-595.91.07-torch2.14.0+cu130; relation=operator_example; evaluations=8; kernel_identity_verified=False) | fi_b12x_moe_nvfp4_tokens16_topk8: identical/identical (NVIDIA-RTX-PRO-6000-Blackwell-Server-Edition-595.91.07-torch2.14.0+cu130; relation=operator_example; evaluations=8; kernel_identity_verified=False) | fi_b12x_moe_nvfp4_tokens4096_topk1: DIFFERS/DIFFERS (NVIDIA-RTX-PRO-6000-Blackwell-Server-Edition-595.91.07-torch2.14.0+cu130; relation=operator_example; evaluations=8; kernel_identity_verified=False) | fi_b12x_moe_nvfp4_tokens4096_topk1: DIFFERS/DIFFERS (NVIDIA-RTX-PRO-6000-Blackwell-Server-Edition-595.91.07-torch2.14.0+cu130; relation=operator_example; evaluations=8; kernel_identity_verified=False) | fi_b12x_moe_nvfp4_tokens4096_topk2: DIFFERS/DIFFERS (NVIDIA-RTX-PRO-6000-Blackwell-Server-Edition-595.91.07-torch2.14.0+cu130; relation=operator_example; evaluations=8; kernel_identity_verified=False) | fi_b12x_moe_nvfp4_tokens4096_topk2: DIFFERS/DIFFERS (NVIDIA-RTX-PRO-6000-Blackwell-Server-Edition-595.91.07-torch2.14.0+cu130; relation=operator_example; evaluations=8; kernel_identity_verified=False) | fi_b12x_moe_nvfp4_tokens4096_topk2: DIFFERS/DIFFERS (NVIDIA-RTX-PRO-6000-Blackwell-Server-Edition-595.91.07-torch2.14.0+cu130; relation=operator_example; evaluations=8; kernel_identity_verified=False) | fi_b12x_moe_nvfp4_tokens4096_topk4: DIFFERS/DIFFERS (NVIDIA-RTX-PRO-6000-Blackwell-Server-Edition-595.91.07-torch2.14.0+cu130; relation=operator_example; evaluations=8; kernel_identity_verified=False) | fi_b12x_moe_nvfp4_tokens4096_topk4: DIFFERS/DIFFERS (NVIDIA-RTX-PRO-6000-Blackwell-Server-Edition-595.91.07-torch2.14.0+cu130; relation=operator_example; evaluations=8; kernel_identity_verified=False) | fi_b12x_moe_nvfp4_tokens4096_topk4: DIFFERS/DIFFERS (NVIDIA-RTX-PRO-6000-Blackwell-Server-Edition-595.91.07-torch2.14.0+cu130; relation=operator_example; evaluations=8; kernel_identity_verified=False) | fi_b12x_moe_nvfp4_tokens4096_topk8: DIFFERS/DIFFERS (NVIDIA-RTX-PRO-6000-Blackwell-Server-Edition-595.91.07-torch2.14.0+cu130; relation=operator_example; evaluations=8; kernel_identity_verified=False) | fi_b12x_moe_nvfp4_tokens4096_topk8: DIFFERS/DIFFERS (NVIDIA-RTX-PRO-6000-Blackwell-Server-Edition-595.91.07-torch2.14.0+cu130; relation=operator_example; evaluations=8; kernel_identity_verified=False) | fi_b12x_moe_nvfp4_tokens4096_topk8: DIFFERS/DIFFERS (NVIDIA-RTX-PRO-6000-Blackwell-Server-Edition-595.91.07-torch2.14.0+cu130; relation=operator_example; evaluations=8; kernel_identity_verified=False) | fi_b12x_moe_nvfp4_tokens512_topk1: DIFFERS/DIFFERS (NVIDIA-RTX-PRO-6000-Blackwell-Server-Edition-595.91.07-torch2.14.0+cu130; relation=operator_example; evaluations=8; kernel_identity_verified=False) | fi_b12x_moe_nvfp4_tokens512_topk1: identical/identical (NVIDIA-RTX-PRO-6000-Blackwell-Server-Edition-595.91.07-torch2.14.0+cu130; relation=operator_example; evaluations=8; kernel_identity_verified=False) | fi_b12x_moe_nvfp4_tokens512_topk2: DIFFERS/DIFFERS (NVIDIA-RTX-PRO-6000-Blackwell-Server-Edition-595.91.07-torch2.14.0+cu130; relation=operator_example; evaluations=8; kernel_identity_verified=False) | fi_b12x_moe_nvfp4_tokens512_topk2: DIFFERS/DIFFERS (NVIDIA-RTX-PRO-6000-Blackwell-Server-Edition-595.91.07-torch2.14.0+cu130; relation=operator_example; evaluations=8; kernel_identity_verified=False) | fi_b12x_moe_nvfp4_tokens512_topk2: identical/identical (NVIDIA-RTX-PRO-6000-Blackwell-Server-Edition-595.91.07-torch2.14.0+cu130; relation=operator_example; evaluations=8; kernel_identity_verified=False) | fi_b12x_moe_nvfp4_tokens512_topk4: DIFFERS/DIFFERS (NVIDIA-RTX-PRO-6000-Blackwell-Server-Edition-595.91.07-torch2.14.0+cu130; relation=operator_example; evaluations=8; kernel_identity_verified=False) | fi_b12x_moe_nvfp4_tokens512_topk4: DIFFERS/DIFFERS (NVIDIA-RTX-PRO-6000-Blackwell-Server-Edition-595.91.07-torch2.14.0+cu130; relation=operator_example; evaluations=8; kernel_identity_verified=False) | fi_b12x_moe_nvfp4_tokens512_topk4: DIFFERS/DIFFERS (NVIDIA-RTX-PRO-6000-Blackwell-Server-Edition-595.91.07-torch2.14.0+cu130; relation=operator_example; evaluations=8; kernel_identity_verified=False) | fi_b12x_moe_nvfp4_tokens512_topk8: DIFFERS/DIFFERS (NVIDIA-RTX-PRO-6000-Blackwell-Server-Edition-595.91.07-torch2.14.0+cu130; relation=operator_example; evaluations=8; kernel_identity_verified=False) | fi_b12x_moe_nvfp4_tokens512_topk8: DIFFERS/DIFFERS (NVIDIA-RTX-PRO-6000-Blackwell-Server-Edition-595.91.07-torch2.14.0+cu130; relation=operator_example; evaluations=8; kernel_identity_verified=False) | fi_b12x_moe_nvfp4_tokens512_topk8: DIFFERS/DIFFERS (NVIDIA-RTX-PRO-6000-Blackwell-Server-Edition-595.91.07-torch2.14.0+cu130; relation=operator_example; evaluations=8; kernel_identity_verified=False),"Moved at this pin from moe_dynamic_kernel.py into _moe_dynamic/generic.py; the instruction and the destination are unchanged. moe_dynamic_kernel.py is now a constructor that picks between this implementation and the new gated one in _moe_dynamic/gated.py, whose own scatter-add is flashinfer-0092. Not referenced by vLLM or SGLang at their pinned shas.",8bc3b578027791336c6ae87db5c9d76f82cef8bc
flashinfer-0007,flashinfer,A,ptx-red,bfloat162,global,flashinfer/fused_moe/cute_dsl/blackwell_sm12x/moe_micro_kernel.py,2213,2220,micro MoE kernel epilogue,unknown,forward,both,moe,nvfp4;w4a16,,any,,,high,"CuTe DSL MoE kernels for sm120 and sm121 (Blackwell consumer parts): expert outputs scaled by the routing weight are scatter-added into the token row with red.relaxed.gpu.global.add.noftz.bf16x2 (scatter_add_bf16x2 in moe_w4a16_fp4_helpers.py:2052-2071, mirrored in flashinfer/cute_dsl/fp4_common.py:1964-1984). The micro kernels are reached through the static workspace path and need at most 8 tokens.",flashinfer/fused_moe/cute_dsl/blackwell_sm12x/moe_micro_kernel.py:2216: scatter_add_bf16x2(...) into scatter_output at tok * scatter_N + global_col | flashinfer/fused_moe/cute_dsl/blackwell_sm12x/moe_w4a16_fp4_helpers.py:2066: red.relaxed.gpu.global.add.noftz.bf16x2,,,,False,manual,,,False,fi_b12x_moe_nvfp4_tokens16_topk1: DIFFERS/n/a (NVIDIA-RTX-PRO-6000-Blackwell-Server-Edition-595.71.05-torch2.14.0+cu130; relation=operator_example; evaluations=8; kernel_identity_verified=False) | fi_b12x_moe_nvfp4_tokens16_topk2: DIFFERS/n/a (NVIDIA-RTX-PRO-6000-Blackwell-Server-Edition-595.71.05-torch2.14.0+cu130; relation=operator_example; evaluations=8; kernel_identity_verified=False) | fi_b12x_moe_nvfp4_tokens16_topk4: DIFFERS/n/a (NVIDIA-RTX-PRO-6000-Blackwell-Server-Edition-595.71.05-torch2.14.0+cu130; relation=operator_example; evaluations=8; kernel_identity_verified=False) | fi_b12x_moe_nvfp4_tokens16_topk8: DIFFERS/n/a (NVIDIA-RTX-PRO-6000-Blackwell-Server-Edition-595.71.05-torch2.14.0+cu130; relation=operator_example; evaluations=8; kernel_identity_verified=False) | fi_b12x_moe_nvfp4_tokens4096_topk1: DIFFERS/n/a (NVIDIA-RTX-PRO-6000-Blackwell-Server-Edition-595.71.05-torch2.14.0+cu130; relation=operator_example; evaluations=8; kernel_identity_verified=False) | fi_b12x_moe_nvfp4_tokens4096_topk2: DIFFERS/n/a (NVIDIA-RTX-PRO-6000-Blackwell-Server-Edition-595.71.05-torch2.14.0+cu130; relation=operator_example; evaluations=8; kernel_identity_verified=False) | fi_b12x_moe_nvfp4_tokens4096_topk4: DIFFERS/n/a (NVIDIA-RTX-PRO-6000-Blackwell-Server-Edition-595.71.05-torch2.14.0+cu130; relation=operator_example; evaluations=8; kernel_identity_verified=False) | fi_b12x_moe_nvfp4_tokens4096_topk8: DIFFERS/n/a (NVIDIA-RTX-PRO-6000-Blackwell-Server-Edition-595.71.05-torch2.14.0+cu130; relation=operator_example; evaluations=8; kernel_identity_verified=False) | fi_b12x_moe_nvfp4_tokens512_topk1: DIFFERS/n/a (NVIDIA-RTX-PRO-6000-Blackwell-Server-Edition-595.71.05-torch2.14.0+cu130; relation=operator_example; evaluations=8; kernel_identity_verified=False) | fi_b12x_moe_nvfp4_tokens512_topk2: DIFFERS/n/a (NVIDIA-RTX-PRO-6000-Blackwell-Server-Edition-595.71.05-torch2.14.0+cu130; relation=operator_example; evaluations=8; kernel_identity_verified=False) | fi_b12x_moe_nvfp4_tokens512_topk4: DIFFERS/n/a (NVIDIA-RTX-PRO-6000-Blackwell-Server-Edition-595.71.05-torch2.14.0+cu130; relation=operator_example; evaluations=8; kernel_identity_verified=False) | fi_b12x_moe_nvfp4_tokens512_topk8: DIFFERS/n/a (NVIDIA-RTX-PRO-6000-Blackwell-Server-Edition-595.71.05-torch2.14.0+cu130; relation=operator_example; evaluations=8; kernel_identity_verified=False) | fi_b12x_moe_nvfp4_tokens16_topk1: DIFFERS/DIFFERS (NVIDIA-RTX-PRO-6000-Blackwell-Server-Edition-595.91.07-torch2.14.0+cu130; relation=operator_example; evaluations=8; kernel_identity_verified=False) | fi_b12x_moe_nvfp4_tokens16_topk1: identical/identical (NVIDIA-RTX-PRO-6000-Blackwell-Server-Edition-595.91.07-torch2.14.0+cu130; relation=operator_example; evaluations=8; kernel_identity_verified=False) | fi_b12x_moe_nvfp4_tokens16_topk2: DIFFERS/DIFFERS (NVIDIA-RTX-PRO-6000-Blackwell-Server-Edition-595.91.07-torch2.14.0+cu130; relation=operator_example; evaluations=8; kernel_identity_verified=False) | fi_b12x_moe_nvfp4_tokens16_topk2: DIFFERS/DIFFERS (NVIDIA-RTX-PRO-6000-Blackwell-Server-Edition-595.91.07-torch2.14.0+cu130; relation=operator_example; evaluations=8; kernel_identity_verified=False) | fi_b12x_moe_nvfp4_tokens16_topk2: identical/identical (NVIDIA-RTX-PRO-6000-Blackwell-Server-Edition-595.91.07-torch2.14.0+cu130; relation=operator_example; evaluations=8; kernel_identity_verified=False) | fi_b12x_moe_nvfp4_tokens16_topk4: DIFFERS/DIFFERS (NVIDIA-RTX-PRO-6000-Blackwell-Server-Edition-595.91.07-torch2.14.0+cu130; relation=operator_example; evaluations=8; kernel_identity_verified=False) | fi_b12x_moe_nvfp4_tokens16_topk4: DIFFERS/DIFFERS (NVIDIA-RTX-PRO-6000-Blackwell-Server-Edition-595.91.07-torch2.14.0+cu130; relation=operator_example; evaluations=8; kernel_identity_verified=False) | fi_b12x_moe_nvfp4_tokens16_topk4: identical/identical (NVIDIA-RTX-PRO-6000-Blackwell-Server-Edition-595.91.07-torch2.14.0+cu130; relation=operator_example; evaluations=8; kernel_identity_verified=False) | fi_b12x_moe_nvfp4_tokens16_topk8: DIFFERS/DIFFERS (NVIDIA-RTX-PRO-6000-Blackwell-Server-Edition-595.91.07-torch2.14.0+cu130; relation=operator_example; evaluations=8; kernel_identity_verified=False) | fi_b12x_moe_nvfp4_tokens16_topk8: DIFFERS/DIFFERS (NVIDIA-RTX-PRO-6000-Blackwell-Server-Edition-595.91.07-torch2.14.0+cu130; relation=operator_example; evaluations=8; kernel_identity_verified=False) | fi_b12x_moe_nvfp4_tokens16_topk8: identical/identical (NVIDIA-RTX-PRO-6000-Blackwell-Server-Edition-595.91.07-torch2.14.0+cu130; relation=operator_example; evaluations=8; kernel_identity_verified=False) | fi_b12x_moe_nvfp4_tokens4096_topk1: DIFFERS/DIFFERS (NVIDIA-RTX-PRO-6000-Blackwell-Server-Edition-595.91.07-torch2.14.0+cu130; relation=operator_example; evaluations=8; kernel_identity_verified=False) | fi_b12x_moe_nvfp4_tokens4096_topk1: DIFFERS/DIFFERS (NVIDIA-RTX-PRO-6000-Blackwell-Server-Edition-595.91.07-torch2.14.0+cu130; relation=operator_example; evaluations=8; kernel_identity_verified=False) | fi_b12x_moe_nvfp4_tokens4096_topk2: DIFFERS/DIFFERS (NVIDIA-RTX-PRO-6000-Blackwell-Server-Edition-595.91.07-torch2.14.0+cu130; relation=operator_example; evaluations=8; kernel_identity_verified=False) | fi_b12x_moe_nvfp4_tokens4096_topk2: DIFFERS/DIFFERS (NVIDIA-RTX-PRO-6000-Blackwell-Server-Edition-595.91.07-torch2.14.0+cu130; relation=operator_example; evaluations=8; kernel_identity_verified=False) | fi_b12x_moe_nvfp4_tokens4096_topk2: DIFFERS/DIFFERS (NVIDIA-RTX-PRO-6000-Blackwell-Server-Edition-595.91.07-torch2.14.0+cu130; relation=operator_example; evaluations=8; kernel_identity_verified=False) | fi_b12x_moe_nvfp4_tokens4096_topk4: DIFFERS/DIFFERS (NVIDIA-RTX-PRO-6000-Blackwell-Server-Edition-595.91.07-torch2.14.0+cu130; relation=operator_example; evaluations=8; kernel_identity_verified=False) | fi_b12x_moe_nvfp4_tokens4096_topk4: DIFFERS/DIFFERS (NVIDIA-RTX-PRO-6000-Blackwell-Server-Edition-595.91.07-torch2.14.0+cu130; relation=operator_example; evaluations=8; kernel_identity_verified=False) | fi_b12x_moe_nvfp4_tokens4096_topk4: DIFFERS/DIFFERS (NVIDIA-RTX-PRO-6000-Blackwell-Server-Edition-595.91.07-torch2.14.0+cu130; relation=operator_example; evaluations=8; kernel_identity_verified=False) | fi_b12x_moe_nvfp4_tokens4096_topk8: DIFFERS/DIFFERS (NVIDIA-RTX-PRO-6000-Blackwell-Server-Edition-595.91.07-torch2.14.0+cu130; relation=operator_example; evaluations=8; kernel_identity_verified=False) | fi_b12x_moe_nvfp4_tokens4096_topk8: DIFFERS/DIFFERS (NVIDIA-RTX-PRO-6000-Blackwell-Server-Edition-595.91.07-torch2.14.0+cu130; relation=operator_example; evaluations=8; kernel_identity_verified=False) | fi_b12x_moe_nvfp4_tokens4096_topk8: DIFFERS/DIFFERS (NVIDIA-RTX-PRO-6000-Blackwell-Server-Edition-595.91.07-torch2.14.0+cu130; relation=operator_example; evaluations=8; kernel_identity_verified=False) | fi_b12x_moe_nvfp4_tokens512_topk1: DIFFERS/DIFFERS (NVIDIA-RTX-PRO-6000-Blackwell-Server-Edition-595.91.07-torch2.14.0+cu130; relation=operator_example; evaluations=8; kernel_identity_verified=False) | fi_b12x_moe_nvfp4_tokens512_topk1: identical/identical (NVIDIA-RTX-PRO-6000-Blackwell-Server-Edition-595.91.07-torch2.14.0+cu130; relation=operator_example; evaluations=8; kernel_identity_verified=False) | fi_b12x_moe_nvfp4_tokens512_topk2: DIFFERS/DIFFERS (NVIDIA-RTX-PRO-6000-Blackwell-Server-Edition-595.91.07-torch2.14.0+cu130; relation=operator_example; evaluations=8; kernel_identity_verified=False) | fi_b12x_moe_nvfp4_tokens512_topk2: DIFFERS/DIFFERS (NVIDIA-RTX-PRO-6000-Blackwell-Server-Edition-595.91.07-torch2.14.0+cu130; relation=operator_example; evaluations=8; kernel_identity_verified=False) | fi_b12x_moe_nvfp4_tokens512_topk2: identical/identical (NVIDIA-RTX-PRO-6000-Blackwell-Server-Edition-595.91.07-torch2.14.0+cu130; relation=operator_example; evaluations=8; kernel_identity_verified=False) | fi_b12x_moe_nvfp4_tokens512_topk4: DIFFERS/DIFFERS (NVIDIA-RTX-PRO-6000-Blackwell-Server-Edition-595.91.07-torch2.14.0+cu130; relation=operator_example; evaluations=8; kernel_identity_verified=False) | fi_b12x_moe_nvfp4_tokens512_topk4: DIFFERS/DIFFERS (NVIDIA-RTX-PRO-6000-Blackwell-Server-Edition-595.91.07-torch2.14.0+cu130; relation=operator_example; evaluations=8; kernel_identity_verified=False) | fi_b12x_moe_nvfp4_tokens512_topk4: DIFFERS/DIFFERS (NVIDIA-RTX-PRO-6000-Blackwell-Server-Edition-595.91.07-torch2.14.0+cu130; relation=operator_example; evaluations=8; kernel_identity_verified=False) | fi_b12x_moe_nvfp4_tokens512_topk8: DIFFERS/DIFFERS (NVIDIA-RTX-PRO-6000-Blackwell-Server-Edition-595.91.07-torch2.14.0+cu130; relation=operator_example; evaluations=8; kernel_identity_verified=False) | fi_b12x_moe_nvfp4_tokens512_topk8: DIFFERS/DIFFERS (NVIDIA-RTX-PRO-6000-Blackwell-Server-Edition-595.91.07-torch2.14.0+cu130; relation=operator_example; evaluations=8; kernel_identity_verified=False) | fi_b12x_moe_nvfp4_tokens512_topk8: DIFFERS/DIFFERS (NVIDIA-RTX-PRO-6000-Blackwell-Server-Edition-595.91.07-torch2.14.0+cu130; relation=operator_example; evaluations=8; kernel_identity_verified=False),"Unchanged apart from line numbers: the micro kernel still uses the two-wide scatter_add_bf16x2, while the static kernel moved to the eight-wide scatter_add_v4_bf16x2 at this pin. Not referenced by vLLM or SGLang at their pinned shas.",8bc3b578027791336c6ae87db5c9d76f82cef8bc
flashinfer-0008,flashinfer,A,ptx-red,bfloat162,global,flashinfer/fused_moe/cute_dsl/blackwell_sm12x/moe_static_kernel.py,2161,2168,static MoE kernel epilogue,unknown,forward,both,moe,nvfp4;w4a16,,any,,,high,"CuTe DSL MoE kernels for sm120 and sm121 (Blackwell consumer parts): expert outputs scaled by the routing weight are scatter-added into the token row with red.global.add.noftz.v4.bf16x2 (scatter_add_v4_bf16x2 in moe_w4a16_fp4_helpers.py:2096-2127, mirrored in flashinfer/cute_dsl/fp4_common.py:1988-2017). The static backend is selected when num_tokens times num_topk is at most 640 (moe_dispatch.py:1779-1782, default moe_dispatch.py:87).","flashinfer/fused_moe/cute_dsl/blackwell_sm12x/moe_static_kernel.py:2164: scatter_add_v4_bf16x2(...) into scatter_output at tok * scatter_N + global_col, replacing the two-wide scatter_add_bf16x2 of the July pin | flashinfer/fused_moe/cute_dsl/blackwell_sm12x/moe_w4a16_fp4_helpers.py:2122: red.global.add.noftz.v4.bf16x2 | flashinfer/fused_moe/cute_dsl/blackwell_sm12x/moe_static_kernel.py:123: the kernel imports scatter_add_v4_bf16x2 and no other scatter-add helper; line 2164 is its only scatter site | flashinfer/fused_moe/cute_dsl/blackwell_sm12x/moe_dispatch.py:1779-1782: select_sm120_moe_backend returns static when num_tokens * num_topk is at most the cutover, 640 by default for every mode at this pin",,,,False,manual,,,False,fi_b12x_moe_nvfp4_tokens16_topk1: DIFFERS/n/a (NVIDIA-RTX-PRO-6000-Blackwell-Server-Edition-595.71.05-torch2.14.0+cu130; relation=operator_example; evaluations=8; kernel_identity_verified=False) | fi_b12x_moe_nvfp4_tokens16_topk2: DIFFERS/n/a (NVIDIA-RTX-PRO-6000-Blackwell-Server-Edition-595.71.05-torch2.14.0+cu130; relation=operator_example; evaluations=8; kernel_identity_verified=False) | fi_b12x_moe_nvfp4_tokens16_topk4: DIFFERS/n/a (NVIDIA-RTX-PRO-6000-Blackwell-Server-Edition-595.71.05-torch2.14.0+cu130; relation=operator_example; evaluations=8; kernel_identity_verified=False) | fi_b12x_moe_nvfp4_tokens16_topk8: DIFFERS/n/a (NVIDIA-RTX-PRO-6000-Blackwell-Server-Edition-595.71.05-torch2.14.0+cu130; relation=operator_example; evaluations=8; kernel_identity_verified=False) | fi_b12x_moe_nvfp4_tokens4096_topk1: DIFFERS/n/a (NVIDIA-RTX-PRO-6000-Blackwell-Server-Edition-595.71.05-torch2.14.0+cu130; relation=operator_example; evaluations=8; kernel_identity_verified=False) | fi_b12x_moe_nvfp4_tokens4096_topk2: DIFFERS/n/a (NVIDIA-RTX-PRO-6000-Blackwell-Server-Edition-595.71.05-torch2.14.0+cu130; relation=operator_example; evaluations=8; kernel_identity_verified=False) | fi_b12x_moe_nvfp4_tokens4096_topk4: DIFFERS/n/a (NVIDIA-RTX-PRO-6000-Blackwell-Server-Edition-595.71.05-torch2.14.0+cu130; relation=operator_example; evaluations=8; kernel_identity_verified=False) | fi_b12x_moe_nvfp4_tokens4096_topk8: DIFFERS/n/a (NVIDIA-RTX-PRO-6000-Blackwell-Server-Edition-595.71.05-torch2.14.0+cu130; relation=operator_example; evaluations=8; kernel_identity_verified=False) | fi_b12x_moe_nvfp4_tokens512_topk1: DIFFERS/n/a (NVIDIA-RTX-PRO-6000-Blackwell-Server-Edition-595.71.05-torch2.14.0+cu130; relation=operator_example; evaluations=8; kernel_identity_verified=False) | fi_b12x_moe_nvfp4_tokens512_topk2: DIFFERS/n/a (NVIDIA-RTX-PRO-6000-Blackwell-Server-Edition-595.71.05-torch2.14.0+cu130; relation=operator_example; evaluations=8; kernel_identity_verified=False) | fi_b12x_moe_nvfp4_tokens512_topk4: DIFFERS/n/a (NVIDIA-RTX-PRO-6000-Blackwell-Server-Edition-595.71.05-torch2.14.0+cu130; relation=operator_example; evaluations=8; kernel_identity_verified=False) | fi_b12x_moe_nvfp4_tokens512_topk8: DIFFERS/n/a (NVIDIA-RTX-PRO-6000-Blackwell-Server-Edition-595.71.05-torch2.14.0+cu130; relation=operator_example; evaluations=8; kernel_identity_verified=False) | fi_b12x_moe_nvfp4_tokens16_topk1: DIFFERS/DIFFERS (NVIDIA-RTX-PRO-6000-Blackwell-Server-Edition-595.91.07-torch2.14.0+cu130; relation=operator_example; evaluations=8; kernel_identity_verified=False) | fi_b12x_moe_nvfp4_tokens16_topk1: identical/identical (NVIDIA-RTX-PRO-6000-Blackwell-Server-Edition-595.91.07-torch2.14.0+cu130; relation=operator_example; evaluations=8; kernel_identity_verified=False) | fi_b12x_moe_nvfp4_tokens16_topk2: DIFFERS/DIFFERS (NVIDIA-RTX-PRO-6000-Blackwell-Server-Edition-595.91.07-torch2.14.0+cu130; relation=operator_example; evaluations=8; kernel_identity_verified=False) | fi_b12x_moe_nvfp4_tokens16_topk2: DIFFERS/DIFFERS (NVIDIA-RTX-PRO-6000-Blackwell-Server-Edition-595.91.07-torch2.14.0+cu130; relation=operator_example; evaluations=8; kernel_identity_verified=False) | fi_b12x_moe_nvfp4_tokens16_topk2: identical/identical (NVIDIA-RTX-PRO-6000-Blackwell-Server-Edition-595.91.07-torch2.14.0+cu130; relation=operator_example; evaluations=8; kernel_identity_verified=False) | fi_b12x_moe_nvfp4_tokens16_topk4: DIFFERS/DIFFERS (NVIDIA-RTX-PRO-6000-Blackwell-Server-Edition-595.91.07-torch2.14.0+cu130; relation=operator_example; evaluations=8; kernel_identity_verified=False) | fi_b12x_moe_nvfp4_tokens16_topk4: DIFFERS/DIFFERS (NVIDIA-RTX-PRO-6000-Blackwell-Server-Edition-595.91.07-torch2.14.0+cu130; relation=operator_example; evaluations=8; kernel_identity_verified=False) | fi_b12x_moe_nvfp4_tokens16_topk4: identical/identical (NVIDIA-RTX-PRO-6000-Blackwell-Server-Edition-595.91.07-torch2.14.0+cu130; relation=operator_example; evaluations=8; kernel_identity_verified=False) | fi_b12x_moe_nvfp4_tokens16_topk8: DIFFERS/DIFFERS (NVIDIA-RTX-PRO-6000-Blackwell-Server-Edition-595.91.07-torch2.14.0+cu130; relation=operator_example; evaluations=8; kernel_identity_verified=False) | fi_b12x_moe_nvfp4_tokens16_topk8: DIFFERS/DIFFERS (NVIDIA-RTX-PRO-6000-Blackwell-Server-Edition-595.91.07-torch2.14.0+cu130; relation=operator_example; evaluations=8; kernel_identity_verified=False) | fi_b12x_moe_nvfp4_tokens16_topk8: identical/identical (NVIDIA-RTX-PRO-6000-Blackwell-Server-Edition-595.91.07-torch2.14.0+cu130; relation=operator_example; evaluations=8; kernel_identity_verified=False) | fi_b12x_moe_nvfp4_tokens4096_topk1: DIFFERS/DIFFERS (NVIDIA-RTX-PRO-6000-Blackwell-Server-Edition-595.91.07-torch2.14.0+cu130; relation=operator_example; evaluations=8; kernel_identity_verified=False) | fi_b12x_moe_nvfp4_tokens4096_topk1: DIFFERS/DIFFERS (NVIDIA-RTX-PRO-6000-Blackwell-Server-Edition-595.91.07-torch2.14.0+cu130; relation=operator_example; evaluations=8; kernel_identity_verified=False) | fi_b12x_moe_nvfp4_tokens4096_topk2: DIFFERS/DIFFERS (NVIDIA-RTX-PRO-6000-Blackwell-Server-Edition-595.91.07-torch2.14.0+cu130; relation=operator_example; evaluations=8; kernel_identity_verified=False) | fi_b12x_moe_nvfp4_tokens4096_topk2: DIFFERS/DIFFERS (NVIDIA-RTX-PRO-6000-Blackwell-Server-Edition-595.91.07-torch2.14.0+cu130; relation=operator_example; evaluations=8; kernel_identity_verified=False) | fi_b12x_moe_nvfp4_tokens4096_topk2: DIFFERS/DIFFERS (NVIDIA-RTX-PRO-6000-Blackwell-Server-Edition-595.91.07-torch2.14.0+cu130; relation=operator_example; evaluations=8; kernel_identity_verified=False) | fi_b12x_moe_nvfp4_tokens4096_topk4: DIFFERS/DIFFERS (NVIDIA-RTX-PRO-6000-Blackwell-Server-Edition-595.91.07-torch2.14.0+cu130; relation=operator_example; evaluations=8; kernel_identity_verified=False) | fi_b12x_moe_nvfp4_tokens4096_topk4: DIFFERS/DIFFERS (NVIDIA-RTX-PRO-6000-Blackwell-Server-Edition-595.91.07-torch2.14.0+cu130; relation=operator_example; evaluations=8; kernel_identity_verified=False) | fi_b12x_moe_nvfp4_tokens4096_topk4: DIFFERS/DIFFERS (NVIDIA-RTX-PRO-6000-Blackwell-Server-Edition-595.91.07-torch2.14.0+cu130; relation=operator_example; evaluations=8; kernel_identity_verified=False) | fi_b12x_moe_nvfp4_tokens4096_topk8: DIFFERS/DIFFERS (NVIDIA-RTX-PRO-6000-Blackwell-Server-Edition-595.91.07-torch2.14.0+cu130; relation=operator_example; evaluations=8; kernel_identity_verified=False) | fi_b12x_moe_nvfp4_tokens4096_topk8: DIFFERS/DIFFERS (NVIDIA-RTX-PRO-6000-Blackwell-Server-Edition-595.91.07-torch2.14.0+cu130; relation=operator_example; evaluations=8; kernel_identity_verified=False) | fi_b12x_moe_nvfp4_tokens4096_topk8: DIFFERS/DIFFERS (NVIDIA-RTX-PRO-6000-Blackwell-Server-Edition-595.91.07-torch2.14.0+cu130; relation=operator_example; evaluations=8; kernel_identity_verified=False) | fi_b12x_moe_nvfp4_tokens512_topk1: DIFFERS/DIFFERS (NVIDIA-RTX-PRO-6000-Blackwell-Server-Edition-595.91.07-torch2.14.0+cu130; relation=operator_example; evaluations=8; kernel_identity_verified=False) | fi_b12x_moe_nvfp4_tokens512_topk1: identical/identical (NVIDIA-RTX-PRO-6000-Blackwell-Server-Edition-595.91.07-torch2.14.0+cu130; relation=operator_example; evaluations=8; kernel_identity_verified=False) | fi_b12x_moe_nvfp4_tokens512_topk2: DIFFERS/DIFFERS (NVIDIA-RTX-PRO-6000-Blackwell-Server-Edition-595.91.07-torch2.14.0+cu130; relation=operator_example; evaluations=8; kernel_identity_verified=False) | fi_b12x_moe_nvfp4_tokens512_topk2: DIFFERS/DIFFERS (NVIDIA-RTX-PRO-6000-Blackwell-Server-Edition-595.91.07-torch2.14.0+cu130; relation=operator_example; evaluations=8; kernel_identity_verified=False) | fi_b12x_moe_nvfp4_tokens512_topk2: identical/identical (NVIDIA-RTX-PRO-6000-Blackwell-Server-Edition-595.91.07-torch2.14.0+cu130; relation=operator_example; evaluations=8; kernel_identity_verified=False) | fi_b12x_moe_nvfp4_tokens512_topk4: DIFFERS/DIFFERS (NVIDIA-RTX-PRO-6000-Blackwell-Server-Edition-595.91.07-torch2.14.0+cu130; relation=operator_example; evaluations=8; kernel_identity_verified=False) | fi_b12x_moe_nvfp4_tokens512_topk4: DIFFERS/DIFFERS (NVIDIA-RTX-PRO-6000-Blackwell-Server-Edition-595.91.07-torch2.14.0+cu130; relation=operator_example; evaluations=8; kernel_identity_verified=False) | fi_b12x_moe_nvfp4_tokens512_topk4: DIFFERS/DIFFERS (NVIDIA-RTX-PRO-6000-Blackwell-Server-Edition-595.91.07-torch2.14.0+cu130; relation=operator_example; evaluations=8; kernel_identity_verified=False) | fi_b12x_moe_nvfp4_tokens512_topk8: DIFFERS/DIFFERS (NVIDIA-RTX-PRO-6000-Blackwell-Server-Edition-595.91.07-torch2.14.0+cu130; relation=operator_example; evaluations=8; kernel_identity_verified=False) | fi_b12x_moe_nvfp4_tokens512_topk8: DIFFERS/DIFFERS (NVIDIA-RTX-PRO-6000-Blackwell-Server-Edition-595.91.07-torch2.14.0+cu130; relation=operator_example; evaluations=8; kernel_identity_verified=False) | fi_b12x_moe_nvfp4_tokens512_topk8: DIFFERS/DIFFERS (NVIDIA-RTX-PRO-6000-Blackwell-Server-Edition-595.91.07-torch2.14.0+cu130; relation=operator_example; evaluations=8; kernel_identity_verified=False),"Checked against FlashInfer PR 4718, which replaced this scatter-add with a per-route store and a separate fixed-order fp32 finalise: 4718 is not in the release-v0.6.18 history and is not in this pin, so the static kernel still reduces atomically here, with the eight-wide helper since PR 4285. The static arms that were bitwise repeatable in probes/shape/campaigns/2026-09-14-sm120-crosssku.md were measured on a FlashInfer main build at 5ed46a9 that does contain 4718, not on this source. Not referenced by vLLM or SGLang at their pinned shas.",8bc3b578027791336c6ae87db5c9d76f82cef8bc
flashinfer-0009,flashinfer,A2,other,float32,global,flashinfer/fused_moe/cute_dsl/blackwell_sm12x/moe_w4a16_kernel.py,2137,2144,_wait_for_reduction_turn / _publish_reduction_turn / _combine_splitk_accumulators,unknown,forward,both,moe,w4a16,,any,,,medium,"sm12x W4A16 MoE split-K: slices write fp32 partials to c_tmp and the combiner waits for lock == reduce_slice_idx (turnstile) before merging slot by slot, then publishes with red.release.","flashinfer/fused_moe/cute_dsl/blackwell_sm12x/moe_w4a16_kernel.py:2132-2137: _wait_for_reduction_turn spins with ld_global_acquire_i32 until state == count | flashinfer/fused_moe/cute_dsl/blackwell_sm12x/moe_w4a16_kernel.py:2153: _publish_reduction_turn: red_add_global_release_i32(lock_addr, 1) | flashinfer/fused_moe/cute_dsl/blackwell_sm12x/moe_w4a16_kernel.py:2167-2181: _merge_splitk_vec4 adds the stored partial only when reduce_slice_idx is not 0 and stores it again unless this is the last slice, so the slices are summed in reduce_slice order | flashinfer/fused_moe/cute_dsl/blackwell_sm12x/moe_w4a16_kernel.py:2075-2097: the caller runs wait, combine, publish only when reduce_slice_count > 1",,,,False,manual,,,False,,"The merge now takes four accumulator fragments (acc0 to acc3) instead of one tensor, but the turnstile and the slice order are unchanged. Serialised by construction; the merge loop order was read only partially.",8bc3b578027791336c6ae87db5c9d76f82cef8bc
flashinfer-0010,flashinfer,B-indirect,other,int32,global,flashinfer/fused_moe/cute_dsl/blackwell_sm12x/_moe_dynamic/generic.py,1135,1141,dynamic MoE kernel (expert_write_rows tickets),unknown,forward,both,moe,any,,any,,,medium,"sm12x dynamic MoE scheduler: integer tickets (atomic_add_global_i32) assign rows to expert tiles, publish ready tasks and count producers (generic.py lines 498, 1057, 1115, 1138, 1339, 1748); the branch-paired gated implementation added at this pin keeps its own copies (gated.py lines 1029, 1150, 1213, 3019, 3146, 3200, 3377 in global memory and 3011 in shared), and the micro and static kernels use the same helpers.","flashinfer/fused_moe/cute_dsl/blackwell_sm12x/_moe_dynamic/generic.py:1138: atomic_add_global_i32(get_ptr_as_int64(expert_write_rows, expert_id), Int32(1)) | flashinfer/fused_moe/cute_dsl/blackwell_sm12x/_moe_dynamic/generic.py:1142-1147: the ticket becomes the physical row inside the expert's tile range, so it decides which rows share a tile, not which values are summed",False,,,False,scanner,flashinfer-c00221,,False,fi_b12x_moe_nvfp4_tokens16_topk1: DIFFERS/n/a (NVIDIA-RTX-PRO-6000-Blackwell-Server-Edition-595.71.05-torch2.14.0+cu130; relation=operator_example; evaluations=8; kernel_identity_verified=False) | fi_b12x_moe_nvfp4_tokens16_topk2: DIFFERS/n/a (NVIDIA-RTX-PRO-6000-Blackwell-Server-Edition-595.71.05-torch2.14.0+cu130; relation=operator_example; evaluations=8; kernel_identity_verified=False) | fi_b12x_moe_nvfp4_tokens16_topk4: DIFFERS/n/a (NVIDIA-RTX-PRO-6000-Blackwell-Server-Edition-595.71.05-torch2.14.0+cu130; relation=operator_example; evaluations=8; kernel_identity_verified=False) | fi_b12x_moe_nvfp4_tokens16_topk8: DIFFERS/n/a (NVIDIA-RTX-PRO-6000-Blackwell-Server-Edition-595.71.05-torch2.14.0+cu130; relation=operator_example; evaluations=8; kernel_identity_verified=False) | fi_b12x_moe_nvfp4_tokens4096_topk1: DIFFERS/n/a (NVIDIA-RTX-PRO-6000-Blackwell-Server-Edition-595.71.05-torch2.14.0+cu130; relation=operator_example; evaluations=8; kernel_identity_verified=False) | fi_b12x_moe_nvfp4_tokens4096_topk2: DIFFERS/n/a (NVIDIA-RTX-PRO-6000-Blackwell-Server-Edition-595.71.05-torch2.14.0+cu130; relation=operator_example; evaluations=8; kernel_identity_verified=False) | fi_b12x_moe_nvfp4_tokens4096_topk4: DIFFERS/n/a (NVIDIA-RTX-PRO-6000-Blackwell-Server-Edition-595.71.05-torch2.14.0+cu130; relation=operator_example; evaluations=8; kernel_identity_verified=False) | fi_b12x_moe_nvfp4_tokens4096_topk8: DIFFERS/n/a (NVIDIA-RTX-PRO-6000-Blackwell-Server-Edition-595.71.05-torch2.14.0+cu130; relation=operator_example; evaluations=8; kernel_identity_verified=False) | fi_b12x_moe_nvfp4_tokens512_topk1: DIFFERS/n/a (NVIDIA-RTX-PRO-6000-Blackwell-Server-Edition-595.71.05-torch2.14.0+cu130; relation=operator_example; evaluations=8; kernel_identity_verified=False) | fi_b12x_moe_nvfp4_tokens512_topk2: DIFFERS/n/a (NVIDIA-RTX-PRO-6000-Blackwell-Server-Edition-595.71.05-torch2.14.0+cu130; relation=operator_example; evaluations=8; kernel_identity_verified=False) | fi_b12x_moe_nvfp4_tokens512_topk4: DIFFERS/n/a (NVIDIA-RTX-PRO-6000-Blackwell-Server-Edition-595.71.05-torch2.14.0+cu130; relation=operator_example; evaluations=8; kernel_identity_verified=False) | fi_b12x_moe_nvfp4_tokens512_topk8: DIFFERS/n/a (NVIDIA-RTX-PRO-6000-Blackwell-Server-Edition-595.71.05-torch2.14.0+cu130; relation=operator_example; evaluations=8; kernel_identity_verified=False) | fi_b12x_moe_nvfp4_tokens16_topk1: DIFFERS/DIFFERS (NVIDIA-RTX-PRO-6000-Blackwell-Server-Edition-595.91.07-torch2.14.0+cu130; relation=operator_example; evaluations=8; kernel_identity_verified=False) | fi_b12x_moe_nvfp4_tokens16_topk1: identical/identical (NVIDIA-RTX-PRO-6000-Blackwell-Server-Edition-595.91.07-torch2.14.0+cu130; relation=operator_example; evaluations=8; kernel_identity_verified=False) | fi_b12x_moe_nvfp4_tokens16_topk2: DIFFERS/DIFFERS (NVIDIA-RTX-PRO-6000-Blackwell-Server-Edition-595.91.07-torch2.14.0+cu130; relation=operator_example; evaluations=8; kernel_identity_verified=False) | fi_b12x_moe_nvfp4_tokens16_topk2: DIFFERS/DIFFERS (NVIDIA-RTX-PRO-6000-Blackwell-Server-Edition-595.91.07-torch2.14.0+cu130; relation=operator_example; evaluations=8; kernel_identity_verified=False) | fi_b12x_moe_nvfp4_tokens16_topk2: identical/identical (NVIDIA-RTX-PRO-6000-Blackwell-Server-Edition-595.91.07-torch2.14.0+cu130; relation=operator_example; evaluations=8; kernel_identity_verified=False) | fi_b12x_moe_nvfp4_tokens16_topk4: DIFFERS/DIFFERS (NVIDIA-RTX-PRO-6000-Blackwell-Server-Edition-595.91.07-torch2.14.0+cu130; relation=operator_example; evaluations=8; kernel_identity_verified=False) | fi_b12x_moe_nvfp4_tokens16_topk4: DIFFERS/DIFFERS (NVIDIA-RTX-PRO-6000-Blackwell-Server-Edition-595.91.07-torch2.14.0+cu130; relation=operator_example; evaluations=8; kernel_identity_verified=False) | fi_b12x_moe_nvfp4_tokens16_topk4: identical/identical (NVIDIA-RTX-PRO-6000-Blackwell-Server-Edition-595.91.07-torch2.14.0+cu130; relation=operator_example; evaluations=8; kernel_identity_verified=False) | fi_b12x_moe_nvfp4_tokens16_topk8: DIFFERS/DIFFERS (NVIDIA-RTX-PRO-6000-Blackwell-Server-Edition-595.91.07-torch2.14.0+cu130; relation=operator_example; evaluations=8; kernel_identity_verified=False) | fi_b12x_moe_nvfp4_tokens16_topk8: DIFFERS/DIFFERS (NVIDIA-RTX-PRO-6000-Blackwell-Server-Edition-595.91.07-torch2.14.0+cu130; relation=operator_example; evaluations=8; kernel_identity_verified=False) | fi_b12x_moe_nvfp4_tokens16_topk8: identical/identical (NVIDIA-RTX-PRO-6000-Blackwell-Server-Edition-595.91.07-torch2.14.0+cu130; relation=operator_example; evaluations=8; kernel_identity_verified=False) | fi_b12x_moe_nvfp4_tokens4096_topk1: DIFFERS/DIFFERS (NVIDIA-RTX-PRO-6000-Blackwell-Server-Edition-595.91.07-torch2.14.0+cu130; relation=operator_example; evaluations=8; kernel_identity_verified=False) | fi_b12x_moe_nvfp4_tokens4096_topk1: DIFFERS/DIFFERS (NVIDIA-RTX-PRO-6000-Blackwell-Server-Edition-595.91.07-torch2.14.0+cu130; relation=operator_example; evaluations=8; kernel_identity_verified=False) | fi_b12x_moe_nvfp4_tokens4096_topk2: DIFFERS/DIFFERS (NVIDIA-RTX-PRO-6000-Blackwell-Server-Edition-595.91.07-torch2.14.0+cu130; relation=operator_example; evaluations=8; kernel_identity_verified=False) | fi_b12x_moe_nvfp4_tokens4096_topk2: DIFFERS/DIFFERS (NVIDIA-RTX-PRO-6000-Blackwell-Server-Edition-595.91.07-torch2.14.0+cu130; relation=operator_example; evaluations=8; kernel_identity_verified=False) | fi_b12x_moe_nvfp4_tokens4096_topk2: DIFFERS/DIFFERS (NVIDIA-RTX-PRO-6000-Blackwell-Server-Edition-595.91.07-torch2.14.0+cu130; relation=operator_example; evaluations=8; kernel_identity_verified=False) | fi_b12x_moe_nvfp4_tokens4096_topk4: DIFFERS/DIFFERS (NVIDIA-RTX-PRO-6000-Blackwell-Server-Edition-595.91.07-torch2.14.0+cu130; relation=operator_example; evaluations=8; kernel_identity_verified=False) | fi_b12x_moe_nvfp4_tokens4096_topk4: DIFFERS/DIFFERS (NVIDIA-RTX-PRO-6000-Blackwell-Server-Edition-595.91.07-torch2.14.0+cu130; relation=operator_example; evaluations=8; kernel_identity_verified=False) | fi_b12x_moe_nvfp4_tokens4096_topk4: DIFFERS/DIFFERS (NVIDIA-RTX-PRO-6000-Blackwell-Server-Edition-595.91.07-torch2.14.0+cu130; relation=operator_example; evaluations=8; kernel_identity_verified=False) | fi_b12x_moe_nvfp4_tokens4096_topk8: DIFFERS/DIFFERS (NVIDIA-RTX-PRO-6000-Blackwell-Server-Edition-595.91.07-torch2.14.0+cu130; relation=operator_example; evaluations=8; kernel_identity_verified=False) | fi_b12x_moe_nvfp4_tokens4096_topk8: DIFFERS/DIFFERS (NVIDIA-RTX-PRO-6000-Blackwell-Server-Edition-595.91.07-torch2.14.0+cu130; relation=operator_example; evaluations=8; kernel_identity_verified=False) | fi_b12x_moe_nvfp4_tokens4096_topk8: DIFFERS/DIFFERS (NVIDIA-RTX-PRO-6000-Blackwell-Server-Edition-595.91.07-torch2.14.0+cu130; relation=operator_example; evaluations=8; kernel_identity_verified=False) | fi_b12x_moe_nvfp4_tokens512_topk1: DIFFERS/DIFFERS (NVIDIA-RTX-PRO-6000-Blackwell-Server-Edition-595.91.07-torch2.14.0+cu130; relation=operator_example; evaluations=8; kernel_identity_verified=False) | fi_b12x_moe_nvfp4_tokens512_topk1: identical/identical (NVIDIA-RTX-PRO-6000-Blackwell-Server-Edition-595.91.07-torch2.14.0+cu130; relation=operator_example; evaluations=8; kernel_identity_verified=False) | fi_b12x_moe_nvfp4_tokens512_topk2: DIFFERS/DIFFERS (NVIDIA-RTX-PRO-6000-Blackwell-Server-Edition-595.91.07-torch2.14.0+cu130; relation=operator_example; evaluations=8; kernel_identity_verified=False) | fi_b12x_moe_nvfp4_tokens512_topk2: DIFFERS/DIFFERS (NVIDIA-RTX-PRO-6000-Blackwell-Server-Edition-595.91.07-torch2.14.0+cu130; relation=operator_example; evaluations=8; kernel_identity_verified=False) | fi_b12x_moe_nvfp4_tokens512_topk2: identical/identical (NVIDIA-RTX-PRO-6000-Blackwell-Server-Edition-595.91.07-torch2.14.0+cu130; relation=operator_example; evaluations=8; kernel_identity_verified=False) | fi_b12x_moe_nvfp4_tokens512_topk4: DIFFERS/DIFFERS (NVIDIA-RTX-PRO-6000-Blackwell-Server-Edition-595.91.07-torch2.14.0+cu130; relation=operator_example; evaluations=8; kernel_identity_verified=False) | fi_b12x_moe_nvfp4_tokens512_topk4: DIFFERS/DIFFERS (NVIDIA-RTX-PRO-6000-Blackwell-Server-Edition-595.91.07-torch2.14.0+cu130; relation=operator_example; evaluations=8; kernel_identity_verified=False) | fi_b12x_moe_nvfp4_tokens512_topk4: DIFFERS/DIFFERS (NVIDIA-RTX-PRO-6000-Blackwell-Server-Edition-595.91.07-torch2.14.0+cu130; relation=operator_example; evaluations=8; kernel_identity_verified=False) | fi_b12x_moe_nvfp4_tokens512_topk8: DIFFERS/DIFFERS (NVIDIA-RTX-PRO-6000-Blackwell-Server-Edition-595.91.07-torch2.14.0+cu130; relation=operator_example; evaluations=8; kernel_identity_verified=False) | fi_b12x_moe_nvfp4_tokens512_topk8: DIFFERS/DIFFERS (NVIDIA-RTX-PRO-6000-Blackwell-Server-Edition-595.91.07-torch2.14.0+cu130; relation=operator_example; evaluations=8; kernel_identity_verified=False) | fi_b12x_moe_nvfp4_tokens512_topk8: DIFFERS/DIFFERS (NVIDIA-RTX-PRO-6000-Blackwell-Server-Edition-595.91.07-torch2.14.0+cu130; relation=operator_example; evaluations=8; kernel_identity_verified=False),"Moved at this pin from moe_dynamic_kernel.py into _moe_dynamic/generic.py; the ticket and its use are unchanged. Four of the July sites (the task-tail reservation and the completed and prev_done counters) are gone from the generic implementation, leaving six.",8bc3b578027791336c6ae87db5c9d76f82cef8bc
flashinfer-0011,flashinfer,A3,ptx-red,bfloat162,global,flashinfer/gemm/kernels/dense_blockscaled_gemm_sm120_b12x.py,1783,1790,dense block-scaled GEMM sm120 (split-K atomic epilogue),False,forward,both,n/a,nvfp4;mxfp8,,any,split_k_atomic_bf16 (kernel constructor argument),False (split_k_slices = 1),high,Dense NVFP4/MXFP8 GEMM for sm120: an opt-in split-K mode reduces slices into the bf16 output with red.global.add (scatter_add_bf16 / scatter_add_bf16x2).,"flashinfer/gemm/kernels/dense_blockscaled_gemm_sm120_b12x.py:1786: scatter_add_bf16x2(...) | flashinfer/gemm/kernels/dense_blockscaled_gemm_sm120_b12x.py:77: red.relaxed.gpu.global.add.noftz.bf16 | flashinfer/gemm/kernels/dense_blockscaled_gemm_sm120_b12x.py:225-226: split_k_slices: int = 1, split_k_atomic_bf16: bool = False",,,,False,manual,,,False,,,8bc3b578027791336c6ae87db5c9d76f82cef8bc
flashinfer-0012,flashinfer,A,tma-reduce,bfloat16,global,flashinfer/gemm/kernels/grouped_gemm_masked_blackwell.py,2024,2031,masked grouped GEMM (epilogue reduce-add),unknown,forward,both,moe,any,,any,is_combine_fusion (grouped_gemm_masked keyword),False,medium,"Blackwell masked grouped GEMM (CuTe DSL) built with is_combine_fusion: valid rows of a tile are scaled by their routing weight and written with cp.reduce.async.bulk add (bf16 or f32) rather than a store, into the token row named by out_ptrs[rank_src_info] plus idx_src_info, with distributed-shared-memory signals (atomic_add_release_global at 2087, 2144) coordinating CTA pairs.","flashinfer/gemm/kernels/grouped_gemm_masked_blackwell.py:2026-2036: cp_reduce_bf16_add / cp_reduce_f32_add(src_ptr, src_smem..., bytes) for rows below masked_m | flashinfer/gemm/kernels/grouped_gemm_masked_blackwell.py:478: cp.reduce.async.bulk.global.shared::cta.bulk_group.add.bf16.noftz | flashinfer/gemm/kernels/grouped_gemm_masked_blackwell.py:507: cp.reduce.async.bulk.global.shared::cta.bulk_group.add.f32 | flashinfer/gemm/kernels/grouped_gemm_masked_blackwell.py:1894-1901: the destination is out_ptrs[rank_src_info[l, m]] offset by idx_src_info[l, m] * col_size, so rows of different expert planes l that carry the same source token reduce into one row | flashinfer/gemm/kernels/grouped_gemm_masked_blackwell.py:1970-1971: the accumulator is multiplied by the routing weight before the reduce, which is the MoE combine",,,,False,manual,,flashinfer/gemm/kernels/grouped_gemm_masked_wrapper.py:45,False,,"The July row left open whether more than one CTA reduce-adds into the same output row. Re-read at this pin: the destination is a per-row pointer built from rank_src_info and idx_src_info and the value is scaled by topk_weights, so the k expert planes of one token add into the same row and the site is A, not A1. Neither engine calls this kernel directly at its pinned sha. Gate recorded at this pin but unchanged since c0d920d3; on the flashinfer-0011 precedent an opt-in flag whose default is not the atomic side would make this A3. Left at A because the re-pin does not re-triage unchanged code.",8bc3b578027791336c6ae87db5c9d76f82cef8bc
flashinfer-0013,flashinfer,B,atomic_ref,int32,global,flashinfer/cute_dsl/gemm_allreduce_two_shot.py,88,95,spin_lock_atom_cas_acquire_wait,False,forward,both,n/a,any,,TP,,,high,GEMM + two-shot all-reduce (CuTe DSL): CAS spin locks on flags (nvvm.atomicrmw with AtomicOpKind.CAS).,"flashinfer/cute_dsl/gemm_allreduce_two_shot.py:90-92: _nvvm_atomicrmw_compat(..., AtomicOpKind.CAS, ...)",,,,False,manual,,,False,,Lock only; the reduction order of this kernel was not read.,8bc3b578027791336c6ae87db5c9d76f82cef8bc
flashinfer-0014,flashinfer,A,atomic_ref,float32,global,flashinfer/cute_dsl/sparse/sm100_blk128/utils.py,332,339,atomic_add_fp32,False,forward,both,n/a,any,flashinfer sparse,any,,,medium,nvvm atomicrmw FADD helper in the block-sparse attention utilities.,flashinfer/cute_dsl/sparse/sm100_blk128/utils.py:335: nvvm.atomicrmw(... FADD ...),,,,False,scanner,flashinfer-c00201,,False,,No caller found in flashinfer/cute_dsl/sparse at this sha.,8bc3b578027791336c6ae87db5c9d76f82cef8bc
flashinfer-0015,flashinfer,A3,atomicAdd,float32,shared,include/flashinfer/air_top_p.cuh,184,191,histAtomicAdd,True,forward,decode,n/a,any,,any,is_deterministic (top_p_renorm_probs keyword),False (flashinfer/sampling.py:1745),high,"AirTopP renormalisation (top_p_renorm_probs for vocab_size >= NUM_BUCKETS): the probability-mass histogram is built with atomicAdd on floats in shared memory (line 190) and merged into the global histogram with float atomicAdd (line 275) unless IsDeterministic, in which case integer mantissa sums are used (exact).","include/flashinfer/air_top_p.cuh:186-191: if constexpr (IsDeterministic) atomicAdd(u64 mantissa) else atomicAdd(dst, float(value)) | include/flashinfer/air_top_p.cuh:271-275: global histogram merge: u64 atomicAdd when IsDeterministic else float atomicAdd(histogram + i, histogramSmem[i]) | csrc/renorm.cu:44-52: vocab_size < NUM_BUCKETS uses TopPRenormProb (no histogram); else AirTopPRenormProb<is_deterministic> | flashinfer/sampling.py:1745: is_deterministic: bool = False",,,top_p_renorm_probs called with the default is_deterministic=False,False,scanner,flashinfer-c00503;flashinfer-c00504,flashinfer/sampling.py:1742;flashinfer/sampling.py:482-499,True,fi_top_p_renorm_detFalse: DIFFERS/DIFFERS (NVIDIA-B200-580.167.08-torch2.13.0+cu130; relation=operator_example; evaluations=8; kernel_identity_verified=False) | fi_top_p_renorm_detTrue: identical/identical (NVIDIA-B200-580.167.08-torch2.13.0+cu130; relation=operator_example; evaluations=8; kernel_identity_verified=False) | fi_top_p_renorm_detFalse: DIFFERS/identical (NVIDIA-H100-80GB-HBM3-580.126.09-torch2.13.0+cu130; relation=operator_example; evaluations=8; kernel_identity_verified=False) | fi_top_p_renorm_detTrue: identical/identical (NVIDIA-H100-80GB-HBM3-580.126.09-torch2.13.0+cu130; relation=operator_example; evaluations=8; kernel_identity_verified=False) | fi_top_p_renorm_detFalse: DIFFERS/DIFFERS (NVIDIA-RTX-PRO-6000-Blackwell-Server-Edition-595.71.05-torch2.14.0+cu130; relation=operator_example; evaluations=8; kernel_identity_verified=False) | fi_top_p_renorm_detTrue: identical/identical (NVIDIA-RTX-PRO-6000-Blackwell-Server-Edition-595.71.05-torch2.14.0+cu130; relation=operator_example; evaluations=8; kernel_identity_verified=False) | fi_top_p_renorm_detFalse: DIFFERS/DIFFERS (NVIDIA-RTX-PRO-6000-Blackwell-Server-Edition-595.91.07-torch2.14.0+cu130; relation=operator_example; evaluations=8; kernel_identity_verified=False) | fi_top_p_renorm_detTrue: identical/identical (NVIDIA-RTX-PRO-6000-Blackwell-Server-Edition-595.91.07-torch2.14.0+cu130; relation=operator_example; evaluations=8; kernel_identity_verified=False),"The float histogram decides the top-p cut-off; a different rounding of the histogram can move the cut-off, so the effect is on which tokens survive, not only on values.",8bc3b578027791336c6ae87db5c9d76f82cef8bc
flashinfer-0016,flashinfer,A,atomicAdd,float32,global,include/flashinfer/topk.cuh,1948,1953,RadixTopKRenormProbKernel_MultiCTA (sum of kept probabilities),True,forward,decode,n/a,any,,any,,,high,"top_k_renorm_probs (radix top-k renormalisation): when a row is split over several CTAs, each CTA's block sum of the kept probabilities is atomically added to state->sum_topk (also line 1855 in the sibling pass of the same kernel), and the row is divided by that sum. The single-CTA instantiation has no atomic.","include/flashinfer/topk.cuh:1950: atomicAdd(&state->sum_topk, block_sum) under if constexpr (!SINGLE_CTA) | include/flashinfer/topk.cuh:1855: same atomic in the first pass | include/flashinfer/topk.cuh:2030-2051: single_cta = (ctas_per_group == 1); otherwise the multi-CTA instantiation is launched | csrc/renorm.cu:80: top_k_renorm_probs calls RadixTopKRenormProbMultiCTA without any deterministic argument",,,top_k_renorm_probs on a vocabulary wide enough for the multi-CTA kernel,False,scanner,flashinfer-c00660,csrc/renorm.cu:80;flashinfer/sampling.py:519,True,fi_top_k_renorm_multicta: DIFFERS/DIFFERS (NVIDIA-B200-580.167.08-torch2.13.0+cu130; relation=operator_example; evaluations=8; kernel_identity_verified=False) | fi_top_k_renorm_multicta: DIFFERS/DIFFERS (NVIDIA-H100-80GB-HBM3-580.126.09-torch2.13.0+cu130; relation=operator_example; evaluations=8; kernel_identity_verified=False) | fi_top_k_renorm_multicta: DIFFERS/DIFFERS (NVIDIA-RTX-PRO-6000-Blackwell-Server-Edition-595.71.05-torch2.14.0+cu130; relation=operator_example; evaluations=8; kernel_identity_verified=False) | fi_top_k_renorm_multicta: DIFFERS/DIFFERS (NVIDIA-RTX-PRO-6000-Blackwell-Server-Edition-595.91.07-torch2.14.0+cu130; relation=operator_example; evaluations=8; kernel_identity_verified=False),"SGLang's FlashInfer sampling backend calls top_k_renorm_prob when min_p sampling is requested (layers/sampler.py:305). ctas_per_group > 1 happens when the vocabulary does not fit one CTA's shared memory (lines 2019-2024), so large vocabularies are affected. Only the line numbers moved at this pin; the kernel, its dispatch and the entry point in csrc/renorm.cu are unchanged, and the renorm launcher still passes deterministic=false to the shared-memory budget helper (line 2015).",8bc3b578027791336c6ae87db5c9d76f82cef8bc
flashinfer-0017,flashinfer,B-indirect,atomicAdd,int32,global,include/flashinfer/topk.cuh,912,919,RadixCollectIndices (output positions),True,forward,both,n/a,any,sparse attention (DSA/NSA indexer),any,,,medium,"radix_topk / top_k_page_table_transform: elements above the pivot take output positions from an atomic counter (shared in single-CTA mode, global across CTAs), so the order of the selected indices is arrival order unless the deterministic collect path is requested.","include/flashinfer/topk.cuh:915-919: global_base_gt = atomicAdd(shared_output_counter or &state->output_counter, local_gt_count) | include/flashinfer/topk.cuh:982-990: deterministic collect assigns fixed prefixes instead | flashinfer/topk.py:526: deterministic: bool = False | include/flashinfer/topk.cuh:3582-3584: ShouldUseFilteredTopK returns true whenever a tie-break mode is set, so the radix collect is not used with a tie break",unknown,,,False,scanner,flashinfer-c00654;flashinfer-c00655,flashinfer/topk.py:526;flashinfer/topk.py:682;flashinfer/topk.py:878,False,fi_radix_topk_order_detFalse: DIFFERS/DIFFERS (NVIDIA-B200-580.167.08-torch2.13.0+cu130; relation=operator_example; evaluations=8; kernel_identity_verified=False) | fi_radix_topk_order_detTrue: identical/identical (NVIDIA-B200-580.167.08-torch2.13.0+cu130; relation=operator_example; evaluations=8; kernel_identity_verified=False) | fi_radix_topk_order_detFalse: DIFFERS/DIFFERS (NVIDIA-H100-80GB-HBM3-580.126.09-torch2.13.0+cu130; relation=operator_example; evaluations=8; kernel_identity_verified=False) | fi_radix_topk_order_detTrue: identical/identical (NVIDIA-H100-80GB-HBM3-580.126.09-torch2.13.0+cu130; relation=operator_example; evaluations=8; kernel_identity_verified=False) | fi_radix_topk_order_detFalse: DIFFERS/DIFFERS (NVIDIA-RTX-PRO-6000-Blackwell-Server-Edition-595.91.07-torch2.14.0+cu130; relation=operator_example; evaluations=8; kernel_identity_verified=False) | fi_radix_topk_order_detTrue: identical/identical (NVIDIA-RTX-PRO-6000-Blackwell-Server-Edition-595.91.07-torch2.14.0+cu130; relation=operator_example; evaluations=8; kernel_identity_verified=False),"Arrival counters of the multi-CTA radix passes (AdvanceRadixGroupBarrier, lines 177 and 215) are exact. The atomic and its two branches are byte for byte the July code; what changed at this pin is outside the cited lines: csrc/topk.cu no longer sets deterministic = true when a tie-break mode is given (old lines 61, 113, 175), the routing now lives in the header, where a tie break selects FilteredTopK and only the explicit deterministic flag selects the deterministic radix collect.",8bc3b578027791336c6ae87db5c9d76f82cef8bc
flashinfer-0018,flashinfer,B-indirect,atomicAdd,int32,distributed-shared,include/flashinfer/fast_topk_clusters_exact.cuh,389,393,fast_topk_cuda_v4 (cluster output count),True,forward,both,n/a,any,sparse attention,any,,,medium,Cluster-based exact top-k: histogram counts and output-slot counters in cluster shared memory (lines 178-362) decide where each selected index is written.,"include/flashinfer/fast_topk_clusters_exact.cuh:391: atomicAdd(cluster.map_shared_rank(shared_final_idx_count, 0), topk_num)",unknown,,,False,scanner,flashinfer-c00612,,False,fi_radix_topk_order_detFalse: DIFFERS/DIFFERS (NVIDIA-B200-580.167.08-torch2.13.0+cu130; relation=operator_example; evaluations=8; kernel_identity_verified=False) | fi_radix_topk_order_detTrue: identical/identical (NVIDIA-B200-580.167.08-torch2.13.0+cu130; relation=operator_example; evaluations=8; kernel_identity_verified=False) | fi_radix_topk_order_detFalse: DIFFERS/DIFFERS (NVIDIA-H100-80GB-HBM3-580.126.09-torch2.13.0+cu130; relation=operator_example; evaluations=8; kernel_identity_verified=False) | fi_radix_topk_order_detTrue: identical/identical (NVIDIA-H100-80GB-HBM3-580.126.09-torch2.13.0+cu130; relation=operator_example; evaluations=8; kernel_identity_verified=False) | fi_radix_topk_order_detFalse: DIFFERS/DIFFERS (NVIDIA-RTX-PRO-6000-Blackwell-Server-Edition-595.91.07-torch2.14.0+cu130; relation=operator_example; evaluations=8; kernel_identity_verified=False) | fi_radix_topk_order_detTrue: identical/identical (NVIDIA-RTX-PRO-6000-Blackwell-Server-Edition-595.91.07-torch2.14.0+cu130; relation=operator_example; evaluations=8; kernel_identity_verified=False),,8bc3b578027791336c6ae87db5c9d76f82cef8bc
flashinfer-0019,flashinfer,B,atomicMin,int32,shared,include/flashinfer/sampling.cuh,628,632,DeviceSamplingFromProb,True,forward,decode,n/a,any,,any,,,high,"Sampling from probabilities: the sampled index is the minimum candidate index found by any thread (atomicMin), a deterministic tie-break. The inclusive scan is either cub::BlockScan or the Belloch DeterministicInclusiveSum chosen by the deterministic flag (default True in the Python API).","include/flashinfer/sampling.cuh:630: atomicMin(&(temp_storage->sampled_id), ...) | include/flashinfer/sampling.cuh:69-70: DISPATCH_DETERMINISTIC selects the scan | flashinfer/sampling.py:980: top_p_sampling_from_probs(..., deterministic: bool = True)",,,,False,scanner,flashinfer-c00638,,False,,No floating-point atomics in sampling.cuh.,8bc3b578027791336c6ae87db5c9d76f82cef8bc
flashinfer-0020,flashinfer,B-indirect,atomicAdd,int32,shared,include/flashinfer/trtllm/fused_moe/RoutingKernel.cuh,342,348,routingPermutation,True,forward,both,moe,fp8;nvfp4,,any,,,medium,"TRT-LLM-gen MoE routing (trtllm_fp8/fp4_block_scale_moe): each token's expert offsets come from shared-memory tickets; expert counts are exact (612, 645, 810, 872, 1065, 1111).","include/flashinfer/trtllm/fused_moe/RoutingKernel.cuh:345: expertOffsets[ii] = isLocalExpert ? atomicAdd(smemExpertCount + scoreIdx.idx, 1) : 0",unknown,,,False,scanner,flashinfer-c00678,,False,,"The ticket is unchanged; the surrounding lambda gained a precomputedExpertIds guard on the top-k weight write (line 346-347), which does not touch the counter.",8bc3b578027791336c6ae87db5c9d76f82cef8bc
flashinfer-0021,flashinfer,B-indirect,atomicAdd,int32,global,csrc/nv_internal/tensorrt_llm/kernels/communicationKernels/moeAlltoAllKernels.cu,453,458,moeA2ADispatchKernel,True,forward,both,moe,any,,EP,,,medium,MoE all-to-all dispatch: send slots are assigned by atomic counters per target rank (455); local token counter (517).,"csrc/nv_internal/tensorrt_llm/kernels/communicationKernels/moeAlltoAllKernels.cu:455: atomicAdd(&ptrs.send_counters[target_rank], 1) | csrc/nv_internal/tensorrt_llm/kernels/communicationKernels/moeAlltoAllKernels.cu:441-451: only the first lane of the lanes sharing a target rank takes a slot, and a masked-out rank takes none, so one send per (token, rank) pair",True,,,False,scanner,flashinfer-c00152,,False,,"Rewritten at this pin: the per-warp thread_idx == 0 guard became a __match_any_sync duplicate collapse with an optional dead-rank mask and an EP4 compact specialisation, and the counter moved from line 374 to 455. The ticket itself, and what it decides, are unchanged. Combine kernel not read line by line.",8bc3b578027791336c6ae87db5c9d76f82cef8bc
flashinfer-0022,flashinfer,B,atomicAdd,uint64,global,include/flashinfer/comm/trtllm_alltoall.cuh,482,486,updateSend / updateRecv (FIFO indices),True,forward,both,moe,any,,EP,,,high,"TRT-LLM all-to-all FIFO head/tail (atomicAdd_system at 484, 493), block counts (572, 578) and the send/recv index counter (730); indices themselves come from a cub BlockScan.","include/flashinfer/comm/trtllm_alltoall.cuh:484: atomicAdd_system(&fifoConnInfoPtr->head, 1) | include/flashinfer/comm/trtllm_alltoall.cuh:724-731: indice from BlockScan ExclusiveSum; atomicAdd_block only counts",,,,False,scanner,flashinfer-c00581;flashinfer-c00582,,False,,Exact.,8bc3b578027791336c6ae87db5c9d76f82cef8bc
flashinfer-0023,flashinfer,B,atomicAdd,int32,global,include/flashinfer/comm/trtllm_allreduce_fusion.cuh,937,941,SyncComm / LamportComm (block arrival counters),True,forward,both,n/a,any,,TP,,,high,"TRT-LLM all-reduce fusion (allreduce_fusion, used by vLLM's FlashInferAllReduce and the allreduce+RMSNorm fusion pass): block arrival counters. The data path sums ranks in fixed order (allreduce_sum: r = 1..NRanks-1; one-shot loads vals[r] for r = 0..NRanks-1).","include/flashinfer/comm/trtllm_allreduce_fusion.cuh:940: atomicAdd(counter_ptr, 1) | include/flashinfer/comm/trtllm_allreduce_fusion.cuh:978: same in LamportComm | include/flashinfer/comm/trtllm_allreduce_fusion.cuh:1451-1460: allreduce_sum accumulates vals[0] then r = 1..NRanks-1 in order | include/flashinfer/comm/trtllm_allreduce_fusion.cuh:1544-1549: one-shot Lamport: vals[r] loaded for r = 0..NRanks-1 before summing",,,,False,scanner,flashinfer-c00578,,False,flashinfer_allreduce_fusion_rank0: identical/identical (NVIDIA-H100-80GB-HBM3-580.159.04-torch2.13.0+cu130; relation=operator_example; evaluations=8; kernel_identity_verified=False) | flashinfer_allreduce_fusion_rank1: identical/identical (NVIDIA-H100-80GB-HBM3-580.159.04-torch2.13.0+cu130; relation=operator_example; evaluations=8; kernel_identity_verified=False),Fixed reduction order by construction; the only atomics are counters. vLLM's comment that the FlashInfer all-reduce 'does not provide a fixed reduction order' is not supported by this source at this sha.,8bc3b578027791336c6ae87db5c9d76f82cef8bc
flashinfer-0024,flashinfer,B,ptx-red,uint32,global,include/flashinfer/comm/trtllm_mnnvl_allreduce.cuh,341,348,MNNVL all-reduce flag update,True,forward,both,n/a,any,,TP,,,high,Multi-node NVLink all-reduce: release flags (red.async/red.release/atomicAdd); accumulateOneshotRanks sums ranks in template order (485-510).,include/flashinfer/comm/trtllm_mnnvl_allreduce.cuh:343: red.async.release.global.gpu.add.u32 | include/flashinfer/comm/trtllm_mnnvl_allreduce.cuh:494-510: accumulateOneshotRank per rank in compile-time order | include/flashinfer/comm/trtllm_mnnvl_allreduce.cuh:349: Additional scanner location for this site: atomicAdd( in arriveCounter; the compact snippet omits this line.,,,,False,scanner,flashinfer-c00591;flashinfer-c00592;flashinfer-c00593,,False,,,8bc3b578027791336c6ae87db5c9d76f82cef8bc
flashinfer-0025,flashinfer,B,atomicAdd,int32,global,include/flashinfer/comm/trtllm_moe_allreduce_fusion.cuh,733,737,MoE all-reduce fusion counter,True,forward,both,moe,any,,TP,,,high,Block arrival counter of the MoE finalize + all-reduce fusion.,"include/flashinfer/comm/trtllm_moe_allreduce_fusion.cuh:735: atomicAdd(counter_ptr, 1)",,,,False,scanner,flashinfer-c00594,,False,,Exact; the reduction loop of this kernel was not read.,8bc3b578027791336c6ae87db5c9d76f82cef8bc
flashinfer-0026,flashinfer,C,ptx-multimem-ld_reduce,bfloat162,global,include/flashinfer/comm/mixed_comm.cuh,55,62,multimem ld_reduce (NVLS all-reduce),False,forward,both,n/a,any,,TP,,,high,"mixed_comm (NVLink SHARP / multicast all-reduce): multimem.ld_reduce.relaxed.sys.global.add.acc::f32.v4.{f16x2,bf16x2} performs the cross-rank sum inside the NVSwitch; the multicast red.add.u32 at line 40 is an integer flag. The same instruction is used by the TRT-LLM CUTLASS extension copy_sm90_multimem.hpp:42.","include/flashinfer/comm/mixed_comm.cuh:57: multimem.ld_reduce.relaxed.sys.global.add.acc::f32.v4.f16x2 | include/flashinfer/comm/mixed_comm.cuh:40: multimem.red.release.sys.global.add.u32 (flag) | include/flashinfer/comm/mixed_comm.cuh:1: 42 NVSHMEM calls in this file (class C, candidates flashinfer-c00536 to flashinfer-c00577 at this sha) | include/flashinfer/comm/mixed_comm.cuh:64: Additional scanner location for this site: multimem.ld_reduce.relaxed.sys.global.add.acc::f32.v4.bf16x2 in multicast_load_reduce; the compact snippet omits this line.",,hardware-multicast,,False,scanner,flashinfer-c00534;flashinfer-c00535,,False,,"Needs the runtime probe: run twice, compare.",8bc3b578027791336c6ae87db5c9d76f82cef8bc
flashinfer-0027,flashinfer,A2,other,float16,global,csrc/fmha_v2/fused_multihead_attention_kernel_1xN_multi_cta.h,397,404,device_1xN_multi_cta (locked O accumulation),False,forward,both,n/a,any,flashinfer fmha_v2 (sm80-sm90 TRT-LLM kernels),any,,,high,"TRT-LLM fmha_v2 multi-CTA attention (long sequences split across CTAS_PER_HEAD): partial max and sum are exchanged through scratch and reduced in CTA order (reduce, lines 38-87); the output tile is accumulated into global memory under a turnstile lock so CTA bidn adds after bidn-1.","csrc/fmha_v2/fused_multihead_attention_kernel_1xN_multi_cta.h:398-430: acquire_lock_ ... gmem_o.load(old); smem_o.store(acc_o); gmem_o.store(out, old) ... release_lock_ | csrc/fmha_v2/fused_multihead_attention_kernel_1xN_multi_cta.h:92-99: acquire_lock_ spins until the lock equals bidn | csrc/fmha_v2/fused_multihead_attention_kernel_1xN_multi_cta.h:104-114: release_lock_ increments with red.release or resets on the last CTA | csrc/fmha_v2/fused_multihead_attention_kernel_1xN_multi_cta.h:79-83: reduce: for ii = 1..CTAS_PER_HEAD-1 x = Functor::apply(x, scratch_ptr[ii * M]) | flashinfer/jit/attention/fmha_v2/fmha_library.py:192: generate_kernel_spec sets flash_attention = True for every JIT kernel spec; ctas_per_head keeps its dataclass default 1 (line 67) | flashinfer/jit/attention/fmha_v2/fmha_library.py:672-690: flash specs render fa_kernel.jinja with use_multi_cta False; only non-flash specs below sm90 render kernel.jinja, where use_multi_cta = ctas_per_head > 1 | csrc/fmha_v2/templates/fa_kernel.jinja:46-47: fused_multihead_attention_kernel_1xN_multi_cta.h is included only when use_multi_cta | flashinfer/jit/attention/modules.py:2053-2060: the SM120 fmha_v2 module compiles six named flash-attention kernels (from generate_kernels.enumerate_kernels, flash specs only)",,,,False,manual,,,False,,"Serialised in CTA index order; the barrier word is red.release.gpu.global.add.s32 (spin_wait_, line 27). Not compiled by any FlashInfer JIT path at this sha: the multi-CTA header is included only under use_multi_cta (flashinfer/jit/attention/fmha_v2/generator_utils.py:346-348, csrc/fmha_v2/templates/kernel.jinja:35-36), which is set from ctas_per_head > 1, and every kernel spec the two generators emit leaves ctas_per_head at its default 1. The only specs that set ctas_per_head=4 are in enumerate_hmma_kernels and enumerate_imma_kernels (flashinfer/jit/attention/fmha_v2/generator_utils.py:4446, 5703), which the enumerate_kernels the JIT uses does not call (flashinfer/jit/attention/fmha_v2/generate_kernels.py:40, whose body at lines 48-69 calls only the two flash enumerators). The enumerator that does call them, flashinfer/jit/attention/fmha_v2/generator_utils.py:6779, is a second function of the same name, the standalone TensorRT-LLM generator, and is imported by no FlashInfer JIT module: flashinfer/jit/attention/modules.py:43-44 imports only generate_kernels.enumerate_kernels and fmha_library.generate_jit_sources. The old pin called the same two flash enumerators (flashinfer/jit/attention/fmha_v2/generate_kernels.py:47-51 there), so the July default_path true was not supported by the source either. The evidence line numbers were also corrected; the file is byte identical at both pins, so the earlier numbers were already off.",8bc3b578027791336c6ae87db5c9d76f82cef8bc
flashinfer-0028,flashinfer,B,atomicAdd,uint32,global,csrc/fmha_v2/fmha/warpspec/compute.h,422,427,warpspec compute (skip-softmax statistics),False,forward,both,n/a,any,flashinfer fmha_v2,any,,,high,Optional statistics counters compiled only with SKIP_SOFTMAX_STAT.,"csrc/fmha_v2/fmha/warpspec/compute.h:424-425: atomicAdd(params.skip_softmax_total_blocks, ...) on uint32_t* (fused_multihead_attention.h:304)",,,,False,scanner,flashinfer-c00081;flashinfer-c00082,,False,,Only the line numbers moved; the block and its #ifdef are unchanged.,8bc3b578027791336c6ae87db5c9d76f82cef8bc
flashinfer-0029,flashinfer,A,ptx-red,half2,global,csrc/fmha_v2/fmha/utils.h,1866,1871,atomicAdd_half2,False,forward,both,n/a,any,flashinfer fmha_v2,any,,,low,Helper emitting red.global.add.noftz.f16x2.,csrc/fmha_v2/fmha/utils.h:1869: red.global.add.noftz.f16x2,,,,True,scanner,flashinfer-c00074;flashinfer-c00075,,False,,Definition only; no caller identified in the scanned candidates.,8bc3b578027791336c6ae87db5c9d76f82cef8bc
flashinfer-0030,flashinfer,B,ptx-atom,uint32,global,csrc/xqa/mha_sm90.cu,1428,1435,XQA sm90 (multi-block last-CTA election),True,forward,decode,n/a,any,flashinfer trtllm decode (XQA),any,,,high,"XQA decode kernels (TRT-LLM, used by FlashInfer's trtllm decode on sm90): when a sequence is split over CTAs, atom.acq_rel.gpu.global.inc.u32 elects the last CTA, which merges the sub-sequence partials in index order (idxBlock = 0..nbSubSeq-1, lines 1470-1495). Row-max updates use atomicMax (1840; mha.cu:2510 atomicMaxUpdate).","csrc/xqa/mha_sm90.cu:1432-1435: atom.acq_rel.gpu.global.inc.u32; smemIsLastCta = (old == lastOld) | csrc/xqa/mha_sm90.cu:1470-1495: for idxBlock in 0..nbSubSeq-1: online-softmax merge of smem.rowSumMax and tokens in order | csrc/xqa/mha_sm90.cu:1840: atomicMax(&smemColMax[...], colMax) exact",,,,False,scanner,flashinfer-c00162,,False,,"The cited lines and the merge loop are byte for byte the July code; only the atomicMaxUpdate call site in csrc/xqa/mha.cu moved, from 2428 to 2510. Which CTA merges is arrival dependent; the merge order is not. Not B-indirect.",8bc3b578027791336c6ae87db5c9d76f82cef8bc
flashinfer-0031,flashinfer,B,atomicAdd,int32,global,include/flashinfer/attention/pod.cuh,83,90,PODWithKVCacheTensorKernel (SM-aware scheduling),True,forward,both,n/a,any,flashinfer pod,any,,,high,POD (prefill-on-decode) attention: integer counters choose which operation and tile a block runs next (also batch_pod.cuh:82-108). Each tile's output goes to its own partial buffer and the split-KV merge is a separate kernel.,"include/flashinfer/attention/pod.cuh:85: op = atomicAdd(&tbAssign[linear_bid], 1) % total_tags | include/flashinfer/attention/cascade.cuh:45-368: MergeState / MergeStates / PersistentVariableLengthMergeStatesKernel combine partials in a separate kernel",,,,False,scanner,flashinfer-c00518,,False,,Tile-to-block assignment does not change any float reduction order.,8bc3b578027791336c6ae87db5c9d76f82cef8bc
flashinfer-0032,flashinfer,B,atomicMax,float32,shared,include/flashinfer/attention/sparse_mla_sm120/prefill_kernel.cuh,392,397,sparse_mla_prefill_kernel (row max),True,forward,both,n/a,any,flashinfer sparse MLA sm120,any,,,high,"Sparse MLA kernels for sm120: shared-memory atomicMax on floats reinterpreted as int for the online-softmax row max (also decode_dsv3_2_kernel.cuh:536-538, decode_dsv4_kernel.cuh:609-611, prefill 1288-1293) and the FP8 quantisation amax (common/fp8_quant.cuh:92).","include/flashinfer/attention/sparse_mla_sm120/prefill_kernel.cuh:394: atomicMax(reinterpret_cast<int*>(&sm.w_head_sc_all[...]), __float_as_int(...))",,,,False,scanner,flashinfer-c00528;flashinfer-c00529,,False,,Exact.,8bc3b578027791336c6ae87db5c9d76f82cef8bc
flashinfer-0033,flashinfer,B,atomicMax,float32,global,include/flashinfer/norm/ln_silu_headers.cuh,461,466,atomicMaxFloat (layer-norm amax),True,forward,both,n/a,any,,any,,,high,Fused layer-norm + SiLU: per-tensor amax via float atomicMax (caller ln_fwd_silu_kernel.cuh:474) and a spin-wait barrier on an integer (621).,"include/flashinfer/norm/ln_silu_headers.cuh:464: atomicMax(reinterpret_cast<int*>(addr), __float_as_int(value)) | include/flashinfer/norm/ln_silu_headers.cuh:621: red.release.gpu.global.add.s32 barrier",,,,False,scanner,flashinfer-c00634;flashinfer-c00635;flashinfer-c00636,,False,,Exact.,8bc3b578027791336c6ae87db5c9d76f82cef8bc
flashinfer-0034,flashinfer,A3,atomicAdd,float32,global,csrc/bgmv_moe/moe_bgmv_impl.cuh,299,306,moe_bgmv_expand_sliced_kernel,unknown,forward,both,moe,any,,any,"finalize (bgmv_moe_expand keyword, FINALIZE template parameter)",True,high,"MoE LoRA expand (bgmv): with finalize true, the default, each expert's output column is atomically added into the token's row scaled by the routing weight; with finalize false the kernel makes an unweighted per-pair store for the FC1 LoRA delta.","csrc/bgmv_moe/moe_bgmv_impl.cuh:303: atomicAdd(Y + token_idx * total_feat_out + out_col, sum * topk_w) | csrc/bgmv_moe/moe_bgmv_ops.cu:176: ok = finalize ? LAUNCH_EXPAND(true) : LAUNCH_EXPAND(false) | flashinfer/fused_moe/bgmv_moe.py:117: finalize: bool = True on the public bgmv_moe_expand wrapper",,,,False,scanner,flashinfer-c00065,flashinfer/fused_moe/bgmv_moe.py:105;csrc/bgmv_moe/moe_bgmv_ops.cu:123,False,,"Changed at this pin. The July note, that only a JIT module generator existed and there was no public Python entry point, was already false at c0d920d3: bgmv_moe, bgmv_moe_shrink and bgmv_moe_expand are exported there from flashinfer/fused_moe/__init__.py:74-79 and bgmv_moe_expand is defined at flashinfer/fused_moe/bgmv_moe.py:91, and the July kernel took the weighted atomicAdd unconditionally, so the July default_path false was not supported by the source either. What is new at this pin is the FINALIZE guard. Neither vLLM nor SGLang calls bgmv_moe at their pinned shas, so default_path is unknown for the engines and true for the FlashInfer API with its own default.",8bc3b578027791336c6ae87db5c9d76f82cef8bc
flashinfer-0035,flashinfer,B,atomicAdd,int32,global,csrc/nv_internal/tensorrt_llm/cutlass_extensions/include/cutlass_extensions/system_barrier.h,59,63,SystemBarrier::red_release,False,forward,both,n/a,any,,TP,,,high,"System-scope barrier for multi-GPU CUTLASS kernels (atomicAdd_system, atomicCAS_system).",csrc/nv_internal/tensorrt_llm/cutlass_extensions/include/cutlass_extensions/system_barrier.h:61: atomicAdd_system(...) | csrc/nv_internal/tensorrt_llm/cutlass_extensions/include/cutlass_extensions/system_barrier.h:57: Additional scanner location for this site: red_release( in red_release; the compact snippet omits this line. | csrc/nv_internal/tensorrt_llm/cutlass_extensions/include/cutlass_extensions/system_barrier.h:64: Additional scanner location for this site: multimem.red.release.sys.global.add.u32 in red_release; the compact snippet omits this line.,,,,False,scanner,flashinfer-c00137;flashinfer-c00138;flashinfer-c00139;flashinfer-c00140,,False,,Exact.,8bc3b578027791336c6ae87db5c9d76f82cef8bc
flashinfer-0036,flashinfer,B,tl.atomic_cas,int32,global,flashinfer/comm/all_gather_matmul/all_gather_matmul_triton.py,24,31,all-gather matmul (Triton signal locks),False,forward,both,n/a,any,,TP,,,high,All-gather + matmul overlap: tl.atomic_cas spin locks on deposit/withdraw pads (also the cuTile variant).,"flashinfer/comm/all_gather_matmul/all_gather_matmul_triton.py:26: while tl.atomic_cas(deposit_pad + rank, 0, 1) != 0 | flashinfer/comm/all_gather_matmul/all_gather_matmul_triton.py:32: Additional scanner location for this site: tl.atomic_cas( in barrier_triton_kernel; the compact snippet omits this line.",,,,False,scanner,flashinfer-c00176;flashinfer-c00177,,False,,,8bc3b578027791336c6ae87db5c9d76f82cef8bc
flashinfer-0037,flashinfer,B,atomicAdd,int32,shared,csrc/trtllm_alltoall_prepare.cu,179,183,computeCountAndSend,True,forward,both,moe,any,,EP,,,high,All-to-all preparation: block-local count.,"csrc/trtllm_alltoall_prepare.cu:181: atomicAdd_block(sharedSendRecvRankCount, 1)",,,,False,scanner,flashinfer-c00154;flashinfer-c00155,,False,,Exact.,8bc3b578027791336c6ae87db5c9d76f82cef8bc
flashinfer-0038,flashinfer,C,cubin,n/a,n/a,flashinfer/artifacts.py,140,147,ArtifactPath,True,forward,both,n/a,any,,any,,,high,"Pre-compiled TensorRT-LLM-gen kernels downloaded at runtime: FMHA (trtllm attention prefill/decode), batched GEMM and GEMM (trtllm MoE and GEMM), cuDNN SDPA cubins, DeepGEMM cubins and CuTe DSL FMHA. Loaded through flashinfer/jit/cubin_loader.py:181 (sha256 verified) and launched with cuLaunchKernelEx (include/flashinfer/trtllm/fmha/fmhaKernels.cuh:451, csrc/cudnn_sdpa_kernel_launcher.cu:780, 1135).","flashinfer/artifacts.py:140: TRTLLM_GEN_FMHA = 2d6a5a029eefcc388ec0ceb87efb55d8bcce5c3c/fmha/trtllm-gen/ | flashinfer/artifacts.py:141-156: TRTLLM_GEN_BMM, TRTLLM_GEN_GEMM, CUDNN_SDPA, DEEPGEMM, DSL_FMHA paths and the DSL_FMHA architecture list | flashinfer/artifacts.py:166-191: sha256 checksums per artifact, including the per cpu-arch and sm-arch manifest checksums for DSL_FMHA, which gained an sm_107a entry at this pin | flashinfer/jit/cubin_loader.py:181: def load_cubin(cubin_path, sha256) | include/flashinfer/trtllm/fmha/fmhaKernels.cuh:451: cuLaunchKernelEx(&launch_config, func, kernelParamsList, nullptr)",,TensorRT-LLM cubin,,False,manual,,,False,fi_decode_trtllm-gen: identical/identical (NVIDIA-B200-580.167.08-torch2.13.0+cu130; relation=operator_example; evaluations=8; kernel_identity_verified=False),"Every artifact hash but CUDNN_SDPA was republished at this pin, the trtllm-gen packages are now single-package multi-architecture (Blackwell and Rubin in one publish, comment at lines 138-139), and the DSL_FMHA architecture list, which already existed in July, gained sm_107a (flashinfer/artifacts.py:151-156) while every per cpu-arch and sm-arch manifest checksum was republished (lines 178-190). vLLM selects these for attention on sm100+ (use_trtllm_attention) and for the FlashInfer TRT-LLM MoE backends; SGLang through trtllm_mha/trtllm_mla attention backends and flashinfer_trtllm MoE. Whether the cubins use atomics is unknown; see the probe scripts under probes/.",8bc3b578027791336c6ae87db5c9d76f82cef8bc
flashinfer-0039,flashinfer,C,library-call,n/a,n/a,csrc/cudnn_sdpa_kernel_launcher.cu,437,444,cuDNN SDPA launcher,unknown,forward,both,n/a,any,,any,,,high,"cuDNN fused attention shipped as cubins (cuModuleLoadData at 439-444, 499) and launched at 780 (prefill) and 1135 (decode); used through flashinfer.prefill cudnn_batch_prefill_with_kv_cache (vLLM vit_attn_wrappers, SGLang vision attention).","csrc/cudnn_sdpa_kernel_launcher.cu:439: cuModuleLoadData(&hmod_deepseek, cubin_deepseek.data()) | csrc/cudnn_sdpa_kernel_launcher.cu:780: cuLaunchKernelEx(&config, prefill_func[choice], ...)",,cuDNN,,False,scanner,flashinfer-c00068;flashinfer-c00069,,False,,"Only the line numbers moved, by one. A third launch site was added for a lean-attention reduction kernel (line 1187).",8bc3b578027791336c6ae87db5c9d76f82cef8bc
flashinfer-0040,flashinfer,C,library-call,n/a,n/a,include/flashinfer/gemm/bmm_fp8.cuh,236,240,bmm_fp8 (cuBLASLt),True,forward,both,n/a,any,,any,,,high,FP8 batched matmul through cuBLASLt; vLLM (vllm/utils/flashinfer.py:1008) and SGLang (fp8_utils.py:402-417) use it for MLA projections.,include/flashinfer/gemm/bmm_fp8.cuh:236: cublasLtMatmul(,,cuBLASLt,,False,scanner,flashinfer-c00627,,False,cuBLASLt linear bf16: identical/identical (NVIDIA-B200-580.167.08-torch2.13.0+cu130; relation=operator_example; evaluations=240; kernel_identity_verified=False) | cuBLASLt mm bf16: identical/identical (NVIDIA-B200-580.167.08-torch2.13.0+cu130; relation=operator_example; evaluations=240; kernel_identity_verified=False) | cuBLASLt linear bf16: identical/identical (NVIDIA-H100-80GB-HBM3-580.126.09-torch2.13.0+cu130; relation=operator_example; evaluations=480; kernel_identity_verified=False) | cuBLASLt linear fp16: identical/identical (NVIDIA-H100-80GB-HBM3-580.126.09-torch2.13.0+cu130; relation=operator_example; evaluations=240; kernel_identity_verified=False) | cuBLASLt mm bf16: identical/identical (NVIDIA-H100-80GB-HBM3-580.126.09-torch2.13.0+cu130; relation=operator_example; evaluations=480; kernel_identity_verified=False) | cuBLASLt mm fp16: identical/identical (NVIDIA-H100-80GB-HBM3-580.126.09-torch2.13.0+cu130; relation=operator_example; evaluations=240; kernel_identity_verified=False) | cuBLASLt linear bf16: identical/identical (NVIDIA-RTX-PRO-6000-Blackwell-Server-Edition-595.91.07-torch2.14.0+cu130; relation=operator_example; evaluations=240; kernel_identity_verified=False) | cuBLASLt mm bf16: identical/identical (NVIDIA-RTX-PRO-6000-Blackwell-Server-Edition-595.91.07-torch2.14.0+cu130; relation=operator_example; evaluations=240; kernel_identity_verified=False),,8bc3b578027791336c6ae87db5c9d76f82cef8bc
flashinfer-0041,flashinfer,C,library-call,n/a,n/a,include/flashinfer/gemm/mm_bf16_cublaslt.cuh,120,124,mm_bf16 (cuBLASLt),False,forward,both,n/a,any,,any,,,high,BF16 matmul through cuBLASLt.,include/flashinfer/gemm/mm_bf16_cublaslt.cuh:120: cublasLtMatmul(,,cuBLASLt,,False,scanner,flashinfer-c00631,,False,cuBLASLt linear bf16: identical/identical (NVIDIA-B200-580.167.08-torch2.13.0+cu130; relation=operator_example; evaluations=240; kernel_identity_verified=False) | cuBLASLt mm bf16: identical/identical (NVIDIA-B200-580.167.08-torch2.13.0+cu130; relation=operator_example; evaluations=240; kernel_identity_verified=False) | cuBLASLt linear bf16: identical/identical (NVIDIA-H100-80GB-HBM3-580.126.09-torch2.13.0+cu130; relation=operator_example; evaluations=480; kernel_identity_verified=False) | cuBLASLt linear fp16: identical/identical (NVIDIA-H100-80GB-HBM3-580.126.09-torch2.13.0+cu130; relation=operator_example; evaluations=240; kernel_identity_verified=False) | cuBLASLt mm bf16: identical/identical (NVIDIA-H100-80GB-HBM3-580.126.09-torch2.13.0+cu130; relation=operator_example; evaluations=480; kernel_identity_verified=False) | cuBLASLt mm fp16: identical/identical (NVIDIA-H100-80GB-HBM3-580.126.09-torch2.13.0+cu130; relation=operator_example; evaluations=240; kernel_identity_verified=False) | cuBLASLt linear bf16: identical/identical (NVIDIA-RTX-PRO-6000-Blackwell-Server-Edition-595.91.07-torch2.14.0+cu130; relation=operator_example; evaluations=240; kernel_identity_verified=False) | cuBLASLt mm bf16: identical/identical (NVIDIA-RTX-PRO-6000-Blackwell-Server-Edition-595.91.07-torch2.14.0+cu130; relation=operator_example; evaluations=240; kernel_identity_verified=False),,8bc3b578027791336c6ae87db5c9d76f82cef8bc
flashinfer-0042,flashinfer,C,library-call,n/a,n/a,csrc/fmha_v2/fused_multihead_attention_utils.h,1019,1024,fmha_v2 reference utilities (cuBLASLt),False,forward,both,n/a,any,,any,,,high,"cuBLASLt reference matmuls in the fmha_v2 utility header (test and reference support, included by the binding).",csrc/fmha_v2/fused_multihead_attention_utils.h:1021-1022: cublasLtCreate / cublasLtMatmulDescCreate | csrc/fmha_v2/fused_multihead_attention_utils.h:1026: Additional scanner location for this site: cublasLtMatmulDescSetAttribute( in RefBMM; the compact snippet omits this line.,,cuBLASLt,,False,scanner,flashinfer-c00091;flashinfer-c00092;flashinfer-c00093;flashinfer-c00094,,False,,"Reference code, not on the attention path.",8bc3b578027791336c6ae87db5c9d76f82cef8bc
flashinfer-0043,flashinfer,C,library-call,n/a,n/a,flashinfer/comm/mixed_comm.py,1141,1144,mixed_comm (NCCL fallback),False,forward,both,n/a,any,,any,,,high,torch.distributed collectives used by the mixed_comm module (5 sites) and parallel_attention (3 sites).,"flashinfer/comm/mixed_comm.py:1143: torch.distributed.all_reduce(x_out, group=group) in _nccl_allreduce",,NCCL,,False,manual,,,False,nccl_allreduce_rank0_Tree: identical/identical (NVIDIA-H100-80GB-HBM3-580.126.09-torch2.13.0+cu130; relation=operator_example; evaluations=8; kernel_identity_verified=False) | nccl_allreduce_rank0_default: identical/identical (NVIDIA-H100-80GB-HBM3-580.126.09-torch2.13.0+cu130; relation=operator_example; evaluations=8; kernel_identity_verified=False) | nccl_allreduce_rank1_Tree: identical/identical (NVIDIA-H100-80GB-HBM3-580.126.09-torch2.13.0+cu130; relation=operator_example; evaluations=8; kernel_identity_verified=False) | nccl_allreduce_rank1_default: identical/identical (NVIDIA-H100-80GB-HBM3-580.126.09-torch2.13.0+cu130; relation=operator_example; evaluations=8; kernel_identity_verified=False) | nccl_allreduce_rank0_Tree_cancellation: identical/identical (NVIDIA-L40S-580.178.04-torch2.9.1+cu130; relation=operator_example; evaluations=8; kernel_identity_verified=False) | nccl_allreduce_rank0_Tree_random: identical/identical (NVIDIA-L40S-580.178.04-torch2.9.1+cu130; relation=operator_example; evaluations=8; kernel_identity_verified=False) | nccl_allreduce_rank0_default_cancellation: identical/identical (NVIDIA-L40S-580.178.04-torch2.9.1+cu130; relation=operator_example; evaluations=8; kernel_identity_verified=False) | nccl_allreduce_rank0_default_random: identical/identical (NVIDIA-L40S-580.178.04-torch2.9.1+cu130; relation=operator_example; evaluations=8; kernel_identity_verified=False) | nccl_allreduce_rank1_Tree_cancellation: identical/identical (NVIDIA-L40S-580.178.04-torch2.9.1+cu130; relation=operator_example; evaluations=8; kernel_identity_verified=False) | nccl_allreduce_rank1_Tree_random: identical/identical (NVIDIA-L40S-580.178.04-torch2.9.1+cu130; relation=operator_example; evaluations=8; kernel_identity_verified=False) | nccl_allreduce_rank1_default_cancellation: identical/identical (NVIDIA-L40S-580.178.04-torch2.9.1+cu130; relation=operator_example; evaluations=8; kernel_identity_verified=False) | nccl_allreduce_rank1_default_random: identical/identical (NVIDIA-L40S-580.178.04-torch2.9.1+cu130; relation=operator_example; evaluations=8; kernel_identity_verified=False) | nccl_allreduce_rank2_Tree_cancellation: identical/identical (NVIDIA-L40S-580.178.04-torch2.9.1+cu130; relation=operator_example; evaluations=8; kernel_identity_verified=False) | nccl_allreduce_rank2_Tree_random: identical/identical (NVIDIA-L40S-580.178.04-torch2.9.1+cu130; relation=operator_example; evaluations=8; kernel_identity_verified=False) | nccl_allreduce_rank2_default_cancellation: identical/identical (NVIDIA-L40S-580.178.04-torch2.9.1+cu130; relation=operator_example; evaluations=8; kernel_identity_verified=False) | nccl_allreduce_rank2_default_random: identical/identical (NVIDIA-L40S-580.178.04-torch2.9.1+cu130; relation=operator_example; evaluations=8; kernel_identity_verified=False),,8bc3b578027791336c6ae87db5c9d76f82cef8bc
flashinfer-0044,flashinfer,A,torch-op,unknown,global,flashinfer/trace/templates/moe.py,258,261,_fp8_moe_run_experts,False,forward,both,n/a,any,,any,torch.use_deterministic_algorithms,False,medium,Reference (trace template) MoE implementation: output.index_add_ accumulates expert outputs per token with PyTorch's CUDA index_add_.,"flashinfer/trace/templates/moe.py:259: output.index_add_(0, token_idx, O * w_e.unsqueeze(1))",,,,False,scanner,flashinfer-c00483,,False,,"Reference/tracing code in flashinfer/trace, not a production kernel.",8bc3b578027791336c6ae87db5c9d76f82cef8bc
flashinfer-0045,flashinfer,A,torch-op,unknown,global,flashinfer/trace/templates/moe.py,1521,1524,_fp4_moe_run_experts,False,forward,both,n/a,any,,any,torch.use_deterministic_algorithms,False,medium,Reference (trace template) MoE implementation: output.index_add_ accumulates expert outputs per token with PyTorch's CUDA index_add_.,"flashinfer/trace/templates/moe.py:1522: output.index_add_(0, token_idx, O * w_e.unsqueeze(1))",,,,False,scanner,flashinfer-c00486,,False,,"Reference/tracing code in flashinfer/trace, not a production kernel.",8bc3b578027791336c6ae87db5c9d76f82cef8bc
flashinfer-0046,flashinfer,A,torch-op,unknown,global,flashinfer/trace/templates/moe.py,2542,2545,_moe_bf16_run_experts,False,forward,both,n/a,any,,any,torch.use_deterministic_algorithms,False,medium,Reference (trace template) MoE implementation: output.index_add_ accumulates expert outputs per token with PyTorch's CUDA index_add_.,"flashinfer/trace/templates/moe.py:2543: output.index_add_(0, token_idx, expert_out * w_e.unsqueeze(1))",,,,False,scanner,flashinfer-c00489,,False,,"Reference/tracing code in flashinfer/trace, not a production kernel.",8bc3b578027791336c6ae87db5c9d76f82cef8bc
flashinfer-0047,flashinfer,A,torch-op,unknown,global,flashinfer/trace/templates/moe.py,4329,4332,_b12x_moe_run_experts,False,forward,both,n/a,any,,any,torch.use_deterministic_algorithms,False,medium,Reference (trace template) MoE implementation: output.index_add_ accumulates expert outputs per token with PyTorch's CUDA index_add_.,"flashinfer/trace/templates/moe.py:4330: output.index_add_(0, token_idx, O * w_e.unsqueeze(1))",,,,False,scanner,flashinfer-c00491,,False,,"Reference/tracing code in flashinfer/trace, not a production kernel.",8bc3b578027791336c6ae87db5c9d76f82cef8bc
flashinfer-0048,flashinfer,A,torch-op,float32,global,flashinfer/trace/templates/sampling.py,489,492,_top_p_renorm_probs_reference,False,forward,both,n/a,any,,any,torch.use_deterministic_algorithms,False,low,Reference top-p implementation: float cumsum on sorted probabilities.,flashinfer/trace/templates/sampling.py:490: cumsum = sorted_p.cumsum(dim=-1),,,,False,scanner,flashinfer-c00497,,False,cumsum_float_default: identical/identical (NVIDIA-B200-580.167.08-torch2.13.0+cu130; relation=operator_example; evaluations=8; kernel_identity_verified=False) | cumsum_float_default: identical/identical (NVIDIA-H100-80GB-HBM3-580.126.09-torch2.13.0+cu130; relation=operator_example; evaluations=12; kernel_identity_verified=False) | cumsum_float_default: identical/identical (NVIDIA-H100-80GB-HBM3-580.126.09-torch2.13.0+cu130; relation=operator_example; evaluations=8; kernel_identity_verified=False) | cumsum_float_default: identical/identical (NVIDIA-RTX-PRO-6000-Blackwell-Server-Edition-595.91.07-torch2.14.0+cu130; relation=operator_example; evaluations=8; kernel_identity_verified=False),Reference/tracing code; PyTorch lists CUDA float cumsum as non-deterministic.,8bc3b578027791336c6ae87db5c9d76f82cef8bc
flashinfer-0049,flashinfer,A1,torch-op,unknown,global,flashinfer/cute_dsl/sparse/bsa_utils/testing.py,36,39,backward,False,forward,both,n/a,any,,any,,,medium,scatter_ through a permutation or per-row unique index.,flashinfer/cute_dsl/sparse/bsa_utils/testing.py:37: grad_input.scatter_(,,,,False,scanner,flashinfer-c00199,,False,,Indices are a sort permutation or unique per row; A1.,8bc3b578027791336c6ae87db5c9d76f82cef8bc
flashinfer-0050,flashinfer,B,torch-op,int64,global,flashinfer/cute_dsl/sparse/bsa_utils/testing.py,82,85,unpad_input,True,forward,both,n/a,any,,any,,,high,Integer prefix sum of lengths or offsets (indptr construction).,"flashinfer/cute_dsl/sparse/bsa_utils/testing.py:83: cu_seqlens = F.pad(torch.cumsum(seqlens_in_batch, dim=0, dtype=torch.int32), (1, 0))",,,,False,scanner,flashinfer-c00200,,False,,Integer cumsum is exact.,8bc3b578027791336c6ae87db5c9d76f82cef8bc
flashinfer-0051,flashinfer,B,torch-op,int64,global,flashinfer/gemm/gemm_base.py,8755,8758,pad_indptr_to_multiple_of_4,True,forward,both,n/a,any,,any,,,high,Integer prefix sum of lengths or offsets (indptr construction).,"flashinfer/gemm/gemm_base.py:8756: padded_m_indptr = padded_m_indptr.cumsum(dim=0, dtype=padded_m_indptr.dtype)",,,,False,scanner,flashinfer-c00275,,False,,Integer cumsum is exact.,8bc3b578027791336c6ae87db5c9d76f82cef8bc
flashinfer-0052,flashinfer,A1,torch-op,unknown,global,flashinfer/gemm/kernels/cutile/gemm_fp8_nt_groupwise_cutile.py,193,196,_w8a8_block_fp8_matmul_kernel,False,forward,both,n/a,any,,any,,,medium,cuTile store of a tile to its own coordinates.,"flashinfer/gemm/kernels/cutile/gemm_fp8_nt_groupwise_cutile.py:194: ct.scatter(C, (offs_cm[:, None], offs_cn[None, :]), c, check_bounds=True)",,,,False,scanner,flashinfer-c00277,,False,,One writer per element by construction of the tile coordinates.,8bc3b578027791336c6ae87db5c9d76f82cef8bc
flashinfer-0053,flashinfer,B,torch-op,int64,global,flashinfer/parallel_attention/utils.py,140,143,ulysses_varlen_config,True,forward,both,n/a,any,,any,,,high,Integer prefix sum of lengths or offsets (indptr construction).,"flashinfer/parallel_attention/utils.py:141: torch.cumsum(torch.tensor(seq_lens_q, dtype=torch.int32), dim=0),",,,,False,scanner,flashinfer-c00443,,False,,Integer cumsum is exact.,8bc3b578027791336c6ae87db5c9d76f82cef8bc
flashinfer-0054,flashinfer,B,torch-op,int64,global,flashinfer/parallel_attention/utils.py,151,154,ulysses_varlen_config,True,forward,both,n/a,any,,any,,,high,Integer prefix sum of lengths or offsets (indptr construction).,"flashinfer/parallel_attention/utils.py:152: torch.cumsum(torch.tensor(seq_lens_kv, dtype=torch.int32), dim=0),",,,,False,scanner,flashinfer-c00444,,False,,Integer cumsum is exact.,8bc3b578027791336c6ae87db5c9d76f82cef8bc
flashinfer-0055,flashinfer,B,torch-op,int64,global,flashinfer/parallel_attention/utils.py,255,258,ring_varlen_config,True,forward,both,n/a,any,,any,,,high,Integer prefix sum of lengths or offsets (indptr construction).,"flashinfer/parallel_attention/utils.py:256: torch.cumsum(seq_len_q_cur_rank, dim=0),",,,,False,scanner,flashinfer-c00445,,False,,Integer cumsum is exact.,8bc3b578027791336c6ae87db5c9d76f82cef8bc
flashinfer-0056,flashinfer,B,torch-op,int64,global,flashinfer/parallel_attention/utils.py,267,270,ring_varlen_config,True,forward,both,n/a,any,,any,,,high,Integer prefix sum of lengths or offsets (indptr construction).,"flashinfer/parallel_attention/utils.py:268: torch.cumsum(seq_len_kv_cur_rank, dim=0),",,,,False,scanner,flashinfer-c00446,,False,,Integer cumsum is exact.,8bc3b578027791336c6ae87db5c9d76f82cef8bc
flashinfer-0057,flashinfer,B,torch-op,int64,global,flashinfer/prefill.py,1501,1504,_compute_page_mask_indptr,True,forward,both,n/a,any,,any,,,high,Integer prefix sum of lengths or offsets (indptr construction).,flashinfer/prefill.py:1502: mask_indptr[1:] = torch.cumsum(,,,,False,scanner,flashinfer-c00449,,False,,Integer cumsum is exact.,8bc3b578027791336c6ae87db5c9d76f82cef8bc
flashinfer-0058,flashinfer,B,torch-op,int64,global,flashinfer/prefill.py,3185,3188,_compute_mask_indptr,True,forward,both,n/a,any,,any,,,high,Integer prefix sum of lengths or offsets (indptr construction).,flashinfer/prefill.py:3186: mask_indptr[1:] = torch.cumsum(,,,,False,scanner,flashinfer-c00451,,False,,Integer cumsum is exact.,8bc3b578027791336c6ae87db5c9d76f82cef8bc
flashinfer-0059,flashinfer,A1,torch-op,unknown,global,flashinfer/quantization/kernels/cutile/mxfp8_grouped_quantize_cutile.py,332,335,_quantize_one_128x128_tile,False,forward,both,n/a,any,,any,,,medium,cuTile store of a tile to its own coordinates.,flashinfer/quantization/kernels/cutile/mxfp8_grouped_quantize_cutile.py:333: ct.scatter(,,,,False,scanner,flashinfer-c00459,,False,,One writer per element by construction of the tile coordinates.,8bc3b578027791336c6ae87db5c9d76f82cef8bc
flashinfer-0060,flashinfer,B,torch-op,int64,global,flashinfer/quantization/kernels/cutile/mxfp8_grouped_quantize_cutile.py,409,412,_mxfp8_build_prefix_offsets_kernel,True,forward,both,n/a,any,,any,,,high,Integer prefix sum of lengths or offsets (indptr construction).,"flashinfer/quantization/kernels/cutile/mxfp8_grouped_quantize_cutile.py:410: cumsum_out = ct.cumsum(tile_counts, axis=0)",,,,False,scanner,flashinfer-c00460,,False,,Integer cumsum is exact.,8bc3b578027791336c6ae87db5c9d76f82cef8bc
flashinfer-0061,flashinfer,A1,torch-op,unknown,global,flashinfer/quantization/kernels/cutile/mxfp8_grouped_quantize_cutile.py,415,418,_mxfp8_build_prefix_offsets_kernel,False,forward,both,n/a,any,,any,,,medium,cuTile store of a tile to its own coordinates.,flashinfer/quantization/kernels/cutile/mxfp8_grouped_quantize_cutile.py:416: ct.scatter(,,,,False,scanner,flashinfer-c00461,,False,,One writer per element by construction of the tile coordinates.,8bc3b578027791336c6ae87db5c9d76f82cef8bc
flashinfer-0062,flashinfer,B,torch-op,int64,global,flashinfer/quantization/packbits.py,130,133,segment_packbits,True,forward,both,n/a,any,,any,,,high,Integer prefix sum of lengths or offsets (indptr construction).,"flashinfer/quantization/packbits.py:131: indptr_new[1:] = torch.cumsum(packed_len, 0)",,,,False,scanner,flashinfer-c00466,,False,,Integer cumsum is exact.,8bc3b578027791336c6ae87db5c9d76f82cef8bc
flashinfer-0063,flashinfer,B,torch-op,int64,global,flashinfer/sparse.py,1394,1397,plan,True,forward,both,n/a,any,,any,,,high,Integer prefix sum of lengths or offsets (indptr construction).,"flashinfer/sparse.py:1395: torch.cumsum(block_row_sz.flatten(), dim=0, dtype=torch.int32),",,,,False,scanner,flashinfer-c00467,,False,,Integer cumsum is exact.,8bc3b578027791336c6ae87db5c9d76f82cef8bc
flashinfer-0064,flashinfer,B,torch-op,int64,global,flashinfer/sparse.py,1430,1433,_block_mask_map_to_expanded_indices,True,forward,both,n/a,any,,any,,,high,Integer prefix sum of lengths or offsets (indptr construction).,"flashinfer/sparse.py:1431: torch.cumsum(row_lengths.flatten(), 0),",,,,False,scanner,flashinfer-c00468,,False,,Integer cumsum is exact.,8bc3b578027791336c6ae87db5c9d76f82cef8bc
flashinfer-0065,flashinfer,B,torch-op,int64,global,flashinfer/sparse.py,1437,1440,_block_mask_map_to_expanded_indices,True,forward,both,n/a,any,,any,,,high,Integer prefix sum of lengths or offsets (indptr construction).,"flashinfer/sparse.py:1438: torch.cumsum(block_col_sz.to(dtype_i), 1) - block_col_sz",,,,False,scanner,flashinfer-c00469,,False,,Integer cumsum is exact.,8bc3b578027791336c6ae87db5c9d76f82cef8bc
flashinfer-0066,flashinfer,B,torch-op,int64,global,flashinfer/sparse.py,1440,1443,_block_mask_map_to_expanded_indices,True,forward,both,n/a,any,,any,,,high,Integer prefix sum of lengths or offsets (indptr construction).,"flashinfer/sparse.py:1441: head_offset = torch.cumsum(head_len, 0) - head_len",,,,False,scanner,flashinfer-c00470,,False,,Integer cumsum is exact.,8bc3b578027791336c6ae87db5c9d76f82cef8bc
flashinfer-0067,flashinfer,B,torch-op,int64,global,flashinfer/sparse.py,1448,1451,_block_mask_map_to_expanded_indices,True,forward,both,n/a,any,,any,,,high,Integer prefix sum of lengths or offsets (indptr construction).,"flashinfer/sparse.py:1449: cum = torch.cumsum(lengths, 0)",,,,False,scanner,flashinfer-c00471,,False,,Integer cumsum is exact.,8bc3b578027791336c6ae87db5c9d76f82cef8bc
flashinfer-0068,flashinfer,B,torch-op,int64,global,flashinfer/trace/templates/_init_helpers.py,80,83,make_ragged_indptr,True,forward,both,n/a,any,,any,,,high,Integer prefix sum of lengths or offsets (indptr construction).,"flashinfer/trace/templates/_init_helpers.py:81: indptr[1:] = torch.cumsum(lens, dim=0).to(dtype)",,,,False,scanner,flashinfer-c00479,,False,,Integer cumsum is exact.,8bc3b578027791336c6ae87db5c9d76f82cef8bc
flashinfer-0069,flashinfer,B,torch-op,int64,global,flashinfer/trace/templates/attention.py,3216,3219,_trtllm_batch_decode_mla_ragged_init,True,forward,both,n/a,any,,any,,,high,Integer prefix sum of lengths or offsets (indptr construction).,"flashinfer/trace/templates/attention.py:3217: cum_seq_lens_q[1:] = torch.cumsum(q_lens, dim=0)",,,,False,scanner,flashinfer-c00480,,False,,Integer cumsum is exact.,8bc3b578027791336c6ae87db5c9d76f82cef8bc
flashinfer-0070,flashinfer,B,torch-op,int64,global,flashinfer/trace/templates/attention.py,3819,3822,_cudnn_batch_prefill_reference,True,forward,both,n/a,any,,any,,,high,Integer prefix sum of lengths or offsets (indptr construction).,"flashinfer/trace/templates/attention.py:3820: actual_seq_lens_q.to(torch.int64).cumsum(0),",,,,False,scanner,flashinfer-c00481,,False,,Integer cumsum is exact.,8bc3b578027791336c6ae87db5c9d76f82cef8bc
flashinfer-0071,flashinfer,B,torch-op,int64,global,flashinfer/trace/templates/attention.py,4575,4578,_segment_gemm_run_init,True,forward,both,n/a,any,,any,,,high,Integer prefix sum of lengths or offsets (indptr construction).,"flashinfer/trace/templates/attention.py:4576: seg_indptr[1:] = torch.cumsum(seg_lens, dim=0)",,,,False,scanner,flashinfer-c00482,,False,,Integer cumsum is exact.,8bc3b578027791336c6ae87db5c9d76f82cef8bc
flashinfer-0072,flashinfer,B,torch-op,unknown,global,flashinfer/trace/templates/moe.py,322,325,_trtllm_fp8_block_scale_moe_ds_routing_reference,False,forward,both,n/a,any,,any,,,high,scatter_ of a scalar mask value.,"flashinfer/trace/templates/moe.py:323: group_mask.scatter_(1, group_idx, 1.0)",,,,False,scanner,flashinfer-c00484,,False,,All writers store the same value; exact.,8bc3b578027791336c6ae87db5c9d76f82cef8bc
flashinfer-0073,flashinfer,B,torch-op,unknown,global,flashinfer/trace/templates/moe.py,332,335,_trtllm_fp8_block_scale_moe_ds_routing_reference,False,forward,both,n/a,any,,any,,,high,scatter_ of a scalar mask value.,"flashinfer/trace/templates/moe.py:333: M.scatter_(1, topk_idx, 1.0)",,,,False,scanner,flashinfer-c00485,,False,,All writers store the same value; exact.,8bc3b578027791336c6ae87db5c9d76f82cef8bc
flashinfer-0074,flashinfer,B,torch-op,unknown,global,flashinfer/trace/templates/moe.py,1655,1658,_trtllm_fp4_block_scale_moe_ds_routing_reference,False,forward,both,n/a,any,,any,,,high,scatter_ of a scalar mask value.,"flashinfer/trace/templates/moe.py:1656: group_mask.scatter_(1, group_idx, 1.0)",,,,False,scanner,flashinfer-c00487,,False,,All writers store the same value; exact.,8bc3b578027791336c6ae87db5c9d76f82cef8bc
flashinfer-0075,flashinfer,B,torch-op,unknown,global,flashinfer/trace/templates/moe.py,1665,1668,_trtllm_fp4_block_scale_moe_ds_routing_reference,False,forward,both,n/a,any,,any,,,high,scatter_ of a scalar mask value.,"flashinfer/trace/templates/moe.py:1666: M.scatter_(1, topk_idx, 1.0)",,,,False,scanner,flashinfer-c00488,,False,,All writers store the same value; exact.,8bc3b578027791336c6ae87db5c9d76f82cef8bc
flashinfer-0076,flashinfer,B,torch-op,int64,global,flashinfer/trace/templates/page.py,147,150,_append_paged_kv_cache_init,True,forward,both,n/a,any,,any,,,high,Integer prefix sum of lengths or offsets (indptr construction).,"flashinfer/trace/templates/page.py:148: append_indptr[1:] = torch.cumsum(seq_lens, dim=0).to(torch.int32)",,,,False,scanner,flashinfer-c00492,,False,,Integer cumsum is exact.,8bc3b578027791336c6ae87db5c9d76f82cef8bc
flashinfer-0077,flashinfer,B,torch-op,int64,global,flashinfer/trace/templates/page.py,611,614,_append_paged_mla_kv_cache_init,True,forward,both,n/a,any,,any,,,high,Integer prefix sum of lengths or offsets (indptr construction).,"flashinfer/trace/templates/page.py:612: append_indptr[1:] = torch.cumsum(seq_lens, dim=0).to(torch.int32)",,,,False,scanner,flashinfer-c00493,,False,,Integer cumsum is exact.,8bc3b578027791336c6ae87db5c9d76f82cef8bc
flashinfer-0078,flashinfer,B,torch-op,int64,global,flashinfer/trace/templates/rope.py,1150,1153,_rope_quantize_fp8_append_paged_kv_cache_init,True,forward,both,n/a,any,,any,,,high,Integer prefix sum of lengths or offsets (indptr construction).,"flashinfer/trace/templates/rope.py:1151: append_indptr[1:] = torch.cumsum(seq_lens, dim=0).to(torch.int32)",,,,False,scanner,flashinfer-c00494,,False,,Integer cumsum is exact.,8bc3b578027791336c6ae87db5c9d76f82cef8bc
flashinfer-0079,flashinfer,A,torch-op,float32,global,flashinfer/trace/templates/sampling.py,115,118,_top_p_sampling_reference,False,forward,both,n/a,any,,any,torch.use_deterministic_algorithms,False,low,Reference (trace template) top-p sampling: float cumsum on sorted probabilities to find the nucleus cut-off.,"flashinfer/trace/templates/sampling.py:116: cdf = torch.cumsum(vals, dim=0), where vals are the float32 probabilities sorted in descending order just above",,,,False,scanner,flashinfer-c00495,,False,,"Reference/tracing code: the trace machinery renders the reference function as source (trace/template.py:848-850), it is not run by the sampling API. PyTorch lists CUDA float cumsum as non-deterministic. Previously recorded as an integer indptr cumsum; the input is float32 (probs.to(torch.float32) at flashinfer/trace/templates/sampling.py:106).",8bc3b578027791336c6ae87db5c9d76f82cef8bc
flashinfer-0080,flashinfer,A,torch-op,float32,global,flashinfer/trace/templates/sampling.py,200,203,_top_k_top_p_sampling_reference,False,forward,both,n/a,any,,any,torch.use_deterministic_algorithms,False,low,Reference (trace template) top-p sampling: float cumsum on sorted probabilities to find the nucleus cut-off.,"flashinfer/trace/templates/sampling.py:201: cdf = torch.cumsum(vals, dim=0), where vals are the float32 probabilities sorted in descending order just above",,,,False,scanner,flashinfer-c00496,,False,,"Reference/tracing code: the trace machinery renders the reference function as source (trace/template.py:848-850), it is not run by the sampling API. PyTorch lists CUDA float cumsum as non-deterministic. Previously recorded as an integer indptr cumsum; the input is float32 (probs.to(torch.float32) at flashinfer/trace/templates/sampling.py:184).",8bc3b578027791336c6ae87db5c9d76f82cef8bc
flashinfer-0081,flashinfer,A1,torch-op,unknown,global,flashinfer/trace/templates/sampling.py,491,494,_top_p_renorm_probs_reference,False,forward,both,n/a,any,,any,,,medium,scatter_ through a permutation or per-row unique index.,"flashinfer/trace/templates/sampling.py:492: keep = torch.zeros_like(p, dtype=torch.bool).scatter_(-1, sorted_idx, keep_sorted)",,,,False,scanner,flashinfer-c00498,,False,,Indices are a sort permutation or unique per row; A1.,8bc3b578027791336c6ae87db5c9d76f82cef8bc
flashinfer-0082,flashinfer,B,torch-op,unknown,global,flashinfer/trace/templates/sampling.py,539,542,_top_k_renorm_probs_reference,False,forward,both,n/a,any,,any,,,high,scatter_ of a scalar mask value.,"flashinfer/trace/templates/sampling.py:540: mask.scatter_(-1, topk_idx, True)",,,,False,scanner,flashinfer-c00499,,False,,All writers store the same value; exact.,8bc3b578027791336c6ae87db5c9d76f82cef8bc
flashinfer-0083,flashinfer,B,torch-op,unknown,global,flashinfer/trace/templates/sampling.py,587,590,_top_k_mask_logits_reference,False,forward,both,n/a,any,,any,,,high,scatter_ of a scalar mask value.,"flashinfer/trace/templates/sampling.py:588: mask.scatter_(-1, topk_idx, 0.0)",,,,False,scanner,flashinfer-c00500,,False,,All writers store the same value; exact.,8bc3b578027791336c6ae87db5c9d76f82cef8bc
flashinfer-0084,flashinfer,B,torch-op,unknown,global,flashinfer/trace/templates/sampling.py,930,933,_fused_topk_deepseek_reference,False,forward,both,n/a,any,,any,,,high,scatter_ of a scalar mask value.,"flashinfer/trace/templates/sampling.py:931: mask.scatter_(1, top_groups, True)",,,,False,scanner,flashinfer-c00501,,False,,All writers store the same value; exact.,8bc3b578027791336c6ae87db5c9d76f82cef8bc
flashinfer-0085,flashinfer,B,torch-op,int64,global,flashinfer/utils.py,181,184,get_indptr,True,forward,both,n/a,any,,any,,,high,Integer prefix sum of lengths or offsets (indptr construction).,flashinfer/utils.py:182: ret[1:] = x.cumsum(0),,,,False,scanner,flashinfer-c00502,,False,,Integer cumsum is exact.,8bc3b578027791336c6ae87db5c9d76f82cef8bc
flashinfer-0086,flashinfer,B-indirect,tl.atomic_add,int32,global,flashinfer/fused_moe/cute_dsl/blackwell_sm12x/moe_w4a16_route_pack.py,291,292,_pack_topk_routes_sort_kernel,unknown,forward,both,moe,any,,any,,,medium,"W4A16 MoE route packing on sm12x: each (token, slot) takes a rank in its expert's list by atomic ticket.","flashinfer/fused_moe/cute_dsl/blackwell_sm12x/moe_w4a16_route_pack.py:291: ranks = tl.atomic_add(expert_offsets + ids, 1, sem='relaxed', mask=valid) | flashinfer/fused_moe/cute_dsl/blackwell_sm12x/moe_w4a16_route_pack.py:292: tl.store(packed_route_indices + ranks, offsets)",False,,,False,scanner,flashinfer-c00261,,False,,Rank order within an expert is arrival order.,8bc3b578027791336c6ae87db5c9d76f82cef8bc
flashinfer-0087,flashinfer,A,ptx-red,bfloat162,global,flashinfer/cute_dsl/fp4_common.py,1963,1970,scatter_add_bf16x2,unknown,forward,both,moe,any,,any,,,high,Definition of the red.relaxed.gpu.global.add.noftz.bf16x2 helper used by the sm12x CuTe DSL MoE finalize.,"flashinfer/cute_dsl/fp4_common.py:1979: red.relaxed.gpu.global.add.noftz.bf16x2 [$0], packed",,,,True,scanner,flashinfer-c00194,,False,,Definition row; the reachable sites are flashinfer-0006 to flashinfer-0008 and flashinfer-0011. The v4 variant scatter_add_v4_bf16x2 is defined in the same file a few lines below.,8bc3b578027791336c6ae87db5c9d76f82cef8bc
flashinfer-0088,flashinfer,A,ptx-red,bfloat162,global,flashinfer/fused_moe/cute_dsl/blackwell_sm12x/moe_w4a16_fp4_helpers.py,2052,2059,scatter_add_bf16x2 (copy),False,forward,both,moe,any,,any,,,medium,Copy of the fp4_common bf16x2 reduction-add helper in the W4A16 helpers.,flashinfer/fused_moe/cute_dsl/blackwell_sm12x/moe_w4a16_fp4_helpers.py:2052-2059: same red.relaxed.gpu.global.add.noftz.bf16x2 definition,,,,True,scanner,flashinfer-c00244,,False,,"Definition only: no caller of this copy at this sha. The July parenthetical, that moe_w4a16_kernel.py uses atomic_add_global_i32 only, is no longer true: at this pin that kernel imports and calls red_add_global_bf16x2 from this same file (flashinfer/fused_moe/cute_dsl/blackwell_sm12x/moe_w4a16_kernel.py:60, 3546-3549, 3604-3607), recorded as flashinfer-0103. The callers of scatter_add_bf16x2 elsewhere take it from flashinfer/cute_dsl/fp4_common.py, not from this copy (moe_micro_kernel.py:110-124).",8bc3b578027791336c6ae87db5c9d76f82cef8bc
flashinfer-0089,flashinfer,C,ptx-multimem-ld_reduce,half2,global,csrc/nv_internal/tensorrt_llm/cutlass_extensions/include/cutlass_extensions/arch/copy_sm90_multimem.hpp,42,45,multimem ld_reduce copy (f16x2; bf16x2 variant at line 83),False,forward,both,n/a,any,,TP,,,medium,NVLS all-reduce load: multimem.ld_reduce.global.add.v4.f16x2 reduces across GPUs in the switch.,csrc/nv_internal/tensorrt_llm/cutlass_extensions/include/cutlass_extensions/arch/copy_sm90_multimem.hpp:42: multimem.ld_reduce.global.add.v4.f16x2 | csrc/nv_internal/tensorrt_llm/cutlass_extensions/include/cutlass_extensions/arch/copy_sm90_multimem.hpp:83: bf16x2 variant,,hardware-multicast,,False,scanner,flashinfer-c00132,,False,,"Dead code at this sha: included only through copy_traits_sm90_multimem.hpp by sm90_allreduce_nvls_warpspecialized.hpp, which nothing includes. The switch's reduction order is not documented.",8bc3b578027791336c6ae87db5c9d76f82cef8bc
flashinfer-0090,flashinfer,B,atomicAdd,int32,global,include/flashinfer/attention/batch_pod.cuh,82,86,BatchPOD persistent scheduler (sm_aware_sched),unknown,forward,both,n/a,any,POD,any,,,high,Persistent POD attention scheduler: per-SM operation tag and next-block counters.,"include/flashinfer/attention/batch_pod.cuh:82: op = (atomicAdd(&sm_aware_sched[linear_bid], 1) % total_tags) | include/flashinfer/attention/batch_pod.cuh:100-106: block id counters per operation",,,,False,scanner,flashinfer-c00513,,False,,"Exact integer counters; the assignment of blocks to operations affects scheduling only, each block's tile is fixed.",8bc3b578027791336c6ae87db5c9d76f82cef8bc
flashinfer-0091,flashinfer,B,atomicAdd,uint32,global,csrc/fmha_v2/fmha/warpspec/dma.h,787,788,get_next_tile_id (fmha_v2 warp-specialised DMA),unknown,forward,both,n/a,any,fmha_v2,any,,,high,Tile id counter for the persistent fmha_v2 kernels.,"csrc/fmha_v2/fmha/warpspec/dma.h:787: tile_id_ = atomicAdd(tile_id_counter_ptr, 1) | csrc/fmha_v2/fmha/warpspec/dma.h:799: same counter in the non-transpose branch",,,,False,scanner,flashinfer-c00083,,False,,Exact integer counter.,8bc3b578027791336c6ae87db5c9d76f82cef8bc
flashinfer-0092,flashinfer,A,atomicAdd,float32,global,csrc/fused_moe/monomoe/src/moe_down_projection.cuh,781,786,moe_down_projection_allexperts_wgmma_tma (Phase-4 cross-block accumulate),unknown,forward,both,moe,fp8,,any,,,high,"Single-kernel block-FP8 top-k MoE for Hopper (mono_moe; fixed E256/N512/K2048, at most 8 tokens): the 128 blocks form DOWN_GRID = 8 column stripes times DOWN_GROUPS = 16 expert groups; each block sums its strided subset of the routed experts in shared memory and then atomicAdds that fp32 partial into down_partial_out, which the stripe's group-0 block casts to bf16 once all 16 groups have arrived. A token whose top-k experts fall in different groups receives one partial per group in arrival order.","csrc/fused_moe/monomoe/src/moe_down_projection.cuh:785: atomicAdd(gm_partial + tok * Dims::HIDDEN_STATES + base_col + col, shm->out_accum[tok][col]) into the fp32 spec->down_partial_out | csrc/fused_moe/monomoe/src/moe_down_projection.cuh:257-260: down_group = blockIdx.x / DOWN_GRID; blocks with the same down_block_idx share the output columns base_col .. base_col + DOWN_COL_TILE | csrc/fused_moe/monomoe/src/moe_down_projection.cuh:298-299: each block walks experts e = down_group, down_group + DOWN_GROUPS, ...; its out_accum holds only that subset | csrc/fused_moe/monomoe/src/moe_internal.h:245-255: DOWN_GRID = HIDDEN_STATES / DOWN_COL_TILE, DOWN_GROUPS = GRID_SIZE / DOWN_GRID; 'every contributing block atomicAdds its fp32 partial sum here; Phase 5 reads each cell once and casts to bf16' | csrc/fused_moe/monomoe/src/moe_internal.h:143-145: DOWN_COL_TILE defaults to 256 when TMA is used and BS <= 8, so the shipped shape has DOWN_GRID = 2048 / 256 = 8 and DOWN_GROUPS = 128 / 8 = 16 | csrc/fused_moe/monomoe/src/moe_interface.h:48-68: the only instantiated Dims: HIDDEN_STATES 2048, BS 8, 256 experts, GRID_SIZE 128, USE_TMA true | csrc/fused_moe/monomoe/src/moe.cuh:230-249: the group-0 block of each stripe waits until the stripe counter reaches DOWN_GROUPS, then casts down_partial_out to bf16 activations_out | flashinfer/fused_moe/monomoe.py:303-307: public mono_moe: single-kernel block-FP8 top-K MoE, fixed E=256/N=512/K=2048 shape, SM90a, up to 8 tokens",,,,False,scanner,flashinfer-c00115,flashinfer/fused_moe/monomoe.py:289;flashinfer/fused_moe/monomoe.py:358,False,,"Within a block the expert subset is accumulated in a fixed order (moe_down_projection.cuh:299); only the 16-way cross-block combine is order dependent. With top_k = 1 each cell has one non-zero partial and the other groups add zero, so the order matters only when a token's experts span groups. mono_moe is exported from flashinfer.fused_moe (flashinfer/fused_moe/__init__.py:121-123) and this kernel is its only path; SGLang v0.5.19 and vLLM v0.29.0 do not reference mono_moe, so default_path is unknown for the engines and true for the API itself.",8bc3b578027791336c6ae87db5c9d76f82cef8bc
flashinfer-0093,flashinfer,A3,atomicAdd,float32,global,csrc/nv_internal/tensorrt_llm/common/sageQuant.cu,320,325,"sageQuantQkvKernel (K-mean slice, blockIdx.z == 2)",False,forward,prefill,n/a,int8;fp8,trtllm-gen,any,smooth_k (trtllm_sage_attention_quantize keyword),False,high,"SageAttention quantisation (trtllm_sage_attention_quantize) with smooth_k=True: the first launch (VStage 1) adds a blockIdx.z == 2 slice in which each of up to 256 warps sums a strided subset of the K tokens of one head and channel group and atomicAdds its scaled partial into the zeroed fp32 k_mean; the second launch (VStage 2) subtracts k_mean from every K element before taking the per-block K scale and quantising, so the order of the partial adds reaches k_mean, k_scale and k_quant.","csrc/nv_internal/tensorrt_llm/common/sageQuant.cu:324: atomicAdd(&gKMeanHead(i), rKSum(i) * invNumTokens) | csrc/nv_internal/tensorrt_llm/common/sageQuant.cu:294-300: numWarpsToUse = min(numWarps, 256) warps share one head; warp w starts at token w * numToksPerWarp and strides by numToksPerWave | csrc/nv_internal/tensorrt_llm/common/sageQuant.cu:377-381: gridX = max(1, smCount * 32 / (numHeads * batchSize)) blocks of 64 threads; GridZ is 3 only for SmoothK with VStage 1 | csrc/nv_internal/tensorrt_llm/common/sageQuant.cu:130-139: in the VStage 2 launch with SmoothK every K element has ptrKMeanHead[...] subtracted before the block max and scale are computed | csrc/trtllm_sage_quant.cu:113-117: k_mean is zeroed with cudaMemsetAsync before the launches when smooth_k is set | csrc/trtllm_sage_quant.cu:143: the first launch uses vStage = 1 (collects the K mean when kSmooth) | flashinfer/prefill.py:4666-4670: smooth_k docstring: K-smoothing before quantisation; k_mean is returned to the caller",,,,False,scanner,flashinfer-c00122,flashinfer/prefill.py:4616;flashinfer/prefill.py:4743,False,,With gridX = 1 only the two warps of one block contribute and two adds onto zero commute; for gridX >= 2 (numHeads * batchSize at most smCount * 16) three or more partials reach each k_mean element. Exported as flashinfer.trtllm_sage_attention_quantize (flashinfer/__init__.py:195); SGLang v0.5.19 and vLLM v0.29.0 do not reference it.,8bc3b578027791336c6ae87db5c9d76f82cef8bc
flashinfer-0094,flashinfer,A3,ptx-red,bfloat162,global,flashinfer/moe_ep/kernel_src/cutedsl_megamoe/src/moe_mxfp8_glu/epilogue_mxfp8.py,1062,1069,GluMxfp8Epilogue._run_fc2_subtile (in-kernel top-k reduce),False,forward,both,moe,mxfp8,,EP,in_kernel_fc2_reduce (Mxfp8CutedslMegaMoeConfig field),False,medium,"flashinfer.moe_ep mega MoE, SM100 MXFP8 CuTe DSL kernel (Mxfp8CutedslMegaMoeConfig): with in_kernel_fc2_reduce the fc2 epilogue adds each routed expert's bf16 output directly into the source token's row on the source rank with red.relaxed.sys.global.add.noftz.v2.bf16x2 (every top-k slot resolves to slot 0), so a token's top-k expert outputs, from any rank, accumulate in arrival order. With the flag off each expert writes its own (token, topk) slot and a separate reduce sums the slots.","flashinfer/moe_ep/kernel_src/cutedsl_megamoe/src/moe_mxfp8_glu/epilogue_mxfp8.py:1065-1069: _red_add_relaxed_sys_v2_bf16x2(dest_ptr + pair * 4, packed bf16x2, packed bf16x2) when _fc2_in_kernel_topk_reduce | flashinfer/moe_ep/kernel_src/cutedsl_megamoe/src/moe_mxfp8_glu/epilogue_mxfp8.py:113-117: Fc2OutputDest.resolve_token_row uses src_topk = 0 under reduce_topk_in_kernel, so every top-k slot of a token targets the same row | flashinfer/moe_ep/kernel_src/cutedsl_megamoe/src/moe_mxfp8_glu/epilogue_mxfp8.py:34-37: the reduction helper is imported from moe_nvfp4_swapab/epilogue.py | flashinfer/moe_ep/kernel_src/cutedsl_megamoe/src/moe_nvfp4_swapab/epilogue.py:84: red.relaxed.sys.global.add.noftz.v2.bf16x2 [$0], {$1, $2}",,,,False,manual,,flashinfer/moe_ep/backends/mega/kernel/sm100/mxfp8_mxfp8_bf16_cutedsl/backend.py:129;flashinfer/moe_ep/backends/mega/kernel/sm100/mxfp8_mxfp8_bf16_cutedsl/backend.py:258,False,,"SGLang v0.5.19 and vLLM v0.29.0 do not select the MXFP8 mega kernel (vLLM v0.29.0 offers only the nvfp4_cutedsl and deep_gemm_mega megakernels, vllm/utils/flashinfer_moe_ep.py:255-270 at 98dff2a81d74). The definition row for the helper is the next id.",8bc3b578027791336c6ae87db5c9d76f82cef8bc
flashinfer-0095,flashinfer,A,ptx-red,bfloat162,global,flashinfer/moe_ep/kernel_src/cutedsl_megamoe/src/moe_nvfp4_swapab/epilogue.py,79,85,_red_add_relaxed_sys_v2_bf16x2,False,forward,both,moe,mxfp8,,EP,,,high,Definition of the red.relaxed.sys.global.add.noftz.v2.bf16x2 helper in the cutedsl_megamoe drop's legacy NVFP4 epilogue module; the shipped caller is the SM100 MXFP8 mega MoE in-kernel top-k reduce.,"flashinfer/moe_ep/kernel_src/cutedsl_megamoe/src/moe_nvfp4_swapab/epilogue.py:63-91: @dsl_user_op _red_add_relaxed_sys_v2_bf16x2: inline PTX red.relaxed.sys.global.add.noftz.v2.bf16x2 on two packed bf16x2 registers | flashinfer/moe_ep/kernel_src/cutedsl_megamoe/src/moe_mxfp8_glu/epilogue_mxfp8.py:1065: the reachable call site (MXFP8 in-kernel top-k reduce, gated by in_kernel_fc2_reduce, default False) | flashinfer/moe_ep/kernel_src/cutedsl_megamoe/src/moe_nvfp4_swapab/epilogue.py:1935-1945: calls inside the legacy SwapABSwigluFp4Epilogue._stg_redg; the shipped NVFP4 kernel uses epilogue_refactor instead (flashinfer/moe_ep/kernel_src/cutedsl_megamoe/shim/nvfp4.py:459)",,,,True,scanner,flashinfer-c00295;flashinfer-c00296,,False,,Definition row; the reachable site is the MXFP8 in-kernel reduce row (previous id). The scanner matched the docstring (line 71) and the asm string (line 84).,8bc3b578027791336c6ae87db5c9d76f82cef8bc
flashinfer-0096,flashinfer,A3,ptx-red,bfloat162,global,flashinfer/moe_ep/kernel_src/cutedsl_megamoe/src/moe_nvfp4_swapab/epilogue_refactor.py,3115,3122,fc2_redg_store_function (SwapABFc2Epilogue in-kernel top-k reduce),False,forward,both,moe,nvfp4,,EP,in_kernel_fc2_reduce (Nvfp4CutedslMegaMoeConfig field; knobs dict or knobs='auto'),False,high,"flashinfer.moe_ep mega MoE, SM100 NVFP4 CuTe DSL kernel (Nvfp4CutedslMegaMoeConfig, the kernel vLLM v0.29.0 selects with moe_backend flashinfer_moe_ep_mega_cutedsl): with in_kernel_fc2_reduce the fc2 epilogue adds each routed expert's bf16 output into the source token's row on the source rank with red.relaxed.sys.global.add.noftz.v2.bf16x2 (or, with the bulk fc2 store, cp.reduce.async.bulk add.noftz.bf16), the top-k slot index forced to 0, onto an output zeroed before each launch; a token's top-k expert outputs, from any rank, accumulate in arrival order. With the flag off (default) each expert stores its own (token, topk) slot and TopkReduce sums the slots in fixed k order.","flashinfer/moe_ep/kernel_src/cutedsl_megamoe/src/moe_nvfp4_swapab/epilogue_refactor.py:3118-3122: _red_add_relaxed_sys_v2_bf16x2(dst_ptr, packed bf16x2, packed bf16x2) for every predicated destination | flashinfer/moe_ep/kernel_src/cutedsl_megamoe/src/moe_nvfp4_swapab/epilogue_refactor.py:1963-1970: the REDG process pipeline is chosen when base.reduce_topk_in_kernel (non-bulk store) | flashinfer/moe_ep/kernel_src/cutedsl_megamoe/src/moe_nvfp4_swapab/epilogue_refactor.py:3071-3076: with the bulk fc2 store the same mode uses _cp_reduce_async_bulk_add_noftz_bf16_s2g instead of a bulk copy | flashinfer/moe_ep/kernel_src/cutedsl_megamoe/src/moe_nvfp4_swapab/epilogue_refactor.py:2382-2385: the output router uses dst_topk = 0 under reduce_topk_in_kernel, so all top-k contributions of a token target one row | flashinfer/moe_ep/kernel_src/cutedsl_megamoe/src/moe_nvfp4_swapab/epilogue_refactor.py:1032-1035: reduce_topk_in_kernel = in_kernel_fc2_reduce (forced False with dispatch-warp token-back) | flashinfer/moe_ep/kernel_src/cutedsl_megamoe/shim/nvfp4.py:336-342: under fc2_reduces_topk output_activation is zeroed before every launch as the REDG accumulate-from-zero target | flashinfer/moe_ep/kernel_src/cutedsl_megamoe/shim/nvfp4.py:1028-1033: docstring: in_kernel_fc2_reduce collapses the top-k combine via cross-rank REDG atomic-add; 'the accumulation order is nondeterministic' | flashinfer/moe_ep/kernel_src/cutedsl_megamoe/src/moe_nvfp4_swapab/topk_reduce.py:352-364: the default explicit reduce sums the top-k terms in fixed k order",,,,False,manual,,flashinfer/moe_ep/backends/mega/kernel/sm100/nvfp4_nvfp4_bf16_cutedsl/backend.py:126;flashinfer/moe_ep/backends/mega/kernel/sm100/nvfp4_nvfp4_bf16_cutedsl/backend.py:250,False,,"The scanner has no candidate at this call (it matched the helper definition in src/src/ptx_helpers.py, next id but one). Neither SGLang v0.5.19 nor vLLM v0.29.0 sets this flag: vLLM v0.29.0 builds Nvfp4CutedslMegaMoeConfig with intermediate_size, top_k, activation_clamp and fast_math only (vllm/utils/flashinfer_moe_ep.py:263 at 98dff2a81d74), and SGLang v0.5.19 does not import flashinfer.moe_ep.",8bc3b578027791336c6ae87db5c9d76f82cef8bc
flashinfer-0097,flashinfer,A,ptx-red,bfloat162,global,flashinfer/moe_ep/kernel_src/cutedsl_megamoe/src/src/ptx_helpers.py,411,418,red_add_relaxed_sys_v2_bf16x2,False,forward,both,moe,nvfp4,,EP,,,high,Definition of the red.relaxed.sys.global.add.noftz.v2.bf16x2 helper in the cutedsl_megamoe drop's PTX helpers; the shipped caller is the SM100 NVFP4 mega MoE in-kernel top-k reduce.,"flashinfer/moe_ep/kernel_src/cutedsl_megamoe/src/src/ptx_helpers.py:401-425: @dsl_user_op red_add_relaxed_sys_v2_bf16x2: inline PTX red.relaxed.sys.global.add.noftz.v2.bf16x2 | flashinfer/moe_ep/kernel_src/cutedsl_megamoe/src/moe_nvfp4_swapab/epilogue_refactor.py:54: imported by the refactored NVFP4 epilogue as _red_add_relaxed_sys_v2_bf16x2 | flashinfer/moe_ep/kernel_src/cutedsl_megamoe/src/moe_nvfp4_swapab/epilogue_refactor.py:3118: the reachable call site (NVFP4 in-kernel top-k reduce, gated by in_kernel_fc2_reduce, default False)",,,,True,scanner,flashinfer-c00330;flashinfer-c00331,,False,,Definition row; the reachable site is the NVFP4 in-kernel reduce row (previous id). The scanner matched the docstring (line 410) and the asm string (line 418).,8bc3b578027791336c6ae87db5c9d76f82cef8bc
flashinfer-0098,flashinfer,A3,ptx-red,bfloat162,global,flashinfer/moe_ep/kernel_src/sm90/pull_style_cutedsl_megakernel/src/moe_hopper_fp8/epilogue_fp8.py,883,887,Fp8GluEpilogue._run_fc2_epilogue_subtile_m64 (in-kernel top-k reduce),False,forward,both,moe,fp8,,EP,in_kernel_fc2_reduce (Sm90PullFp8MegaMoeConfig field),False,medium,"flashinfer.moe_ep mega MoE, SM90 FP8 pull-style CuTe DSL kernel (Sm90PullFp8MegaMoeConfig), non-swap-AB epilogue: with in_kernel_fc2_reduce each routed expert's bf16 fc2 output is added into the source token's row on the source rank with red.relaxed.sys.global.add.noftz.v2.bf16x2 (top-k slot resolved to 0), so a token's top-k expert outputs accumulate in arrival order. With the flag off each expert stores its own slot and TopkReduce sums them.","flashinfer/moe_ep/kernel_src/sm90/pull_style_cutedsl_megakernel/src/moe_hopper_fp8/epilogue_fp8.py:885-887: red_add_relaxed_sys_v2_bf16x2(dest_ptr0, row0_packed, row0_next) under _fc2_in_kernel_topk_reduce | flashinfer/moe_ep/kernel_src/sm90/pull_style_cutedsl_megakernel/src/moe_hopper_fp8/epilogue_fp8.py:906-910: the same for the second token row (dest_ptr1) | flashinfer/moe_ep/kernel_src/sm90/pull_style_cutedsl_megakernel/src/moe_hopper_fp8/epilogue_fp8.py:23: the helper comes from src/ptx_helpers.py | flashinfer/moe_ep/kernel_src/sm90/pull_style_cutedsl_megakernel/src/moe_hopper_fp8/epilogue_fp8_common.py:72: the shared destination resolver branches on reduce_topk_in_kernel | flashinfer/moe_ep/kernel_src/sm90/pull_style_cutedsl_megakernel/src/moe_hopper_fp8/megamoe_kernel_fp8.py:970-973: the mega kernel runs this epilogue's base kernel when is_swap_ab is False",,,,False,scanner,flashinfer-c00346;flashinfer-c00347,flashinfer/moe_ep/backends/mega/kernel/sm90/fp8_fp8_bf16_pull_cutedsl/backend.py:126;flashinfer/moe_ep/backends/mega/kernel/sm90/fp8_fp8_bf16_pull_cutedsl/backend.py:252,False,,Separate upstream drop from cutedsl_megamoe (flashinfer/moe_ep/kernel_src/README.md: one directory per upstream snapshot). SGLang v0.5.19 and vLLM v0.29.0 do not select the SM90 pull kernel.,8bc3b578027791336c6ae87db5c9d76f82cef8bc
flashinfer-0099,flashinfer,A3,ptx-red,bfloat162,global,flashinfer/moe_ep/kernel_src/sm90/pull_style_cutedsl_megakernel/src/moe_hopper_fp8/epilogue_fp8_swapab.py,924,931,SwapABFp8GluEpilogue._run_fc2_token_group_swapab (in-kernel top-k reduce),False,forward,both,moe,fp8,,EP,in_kernel_fc2_reduce (Sm90PullFp8MegaMoeConfig field),False,medium,"flashinfer.moe_ep mega MoE, SM90 FP8 pull-style CuTe DSL kernel, swap-AB epilogue: with in_kernel_fc2_reduce four lane groups gather four adjacent hidden cells and add them into the source token's row on the source rank with red.relaxed.sys.global.add.noftz.v2.bf16x2 (top-k slot resolved to 0), so a token's top-k expert outputs accumulate in arrival order. With the flag off each expert stores its own slot and TopkReduce sums them.","flashinfer/moe_ep/kernel_src/sm90/pull_style_cutedsl_megakernel/src/moe_hopper_fp8/epilogue_fp8_swapab.py:929-931: red_add_relaxed_sys_v2_bf16x2(dest_ptr, packed0, packed1) | flashinfer/moe_ep/kernel_src/sm90/pull_style_cutedsl_megakernel/src/moe_hopper_fp8/epilogue_fp8_swapab.py:885-888: taken only when _fc2_in_kernel_topk_reduce | flashinfer/moe_ep/kernel_src/sm90/pull_style_cutedsl_megakernel/src/moe_hopper_fp8/epilogue_fp8_swapab.py:21: the helper comes from src/ptx_helpers.py | flashinfer/moe_ep/kernel_src/sm90/pull_style_cutedsl_megakernel/src/moe_hopper_fp8/megamoe_kernel_fp8.py:970-971: the mega kernel runs the swap-AB base kernel when is_swap_ab",,,,False,scanner,flashinfer-c00348,flashinfer/moe_ep/backends/mega/kernel/sm90/fp8_fp8_bf16_pull_cutedsl/backend.py:126;flashinfer/moe_ep/backends/mega/kernel/sm90/fp8_fp8_bf16_pull_cutedsl/backend.py:252,False,,Sibling of the previous row (non-swap-AB epilogue of the same kernel). SGLang v0.5.19 and vLLM v0.29.0 do not select the SM90 pull kernel.,8bc3b578027791336c6ae87db5c9d76f82cef8bc
flashinfer-0100,flashinfer,A,ptx-red,bfloat162,global,flashinfer/moe_ep/kernel_src/sm90/pull_style_cutedsl_megakernel/src/src/ptx_helpers.py,395,402,red_add_relaxed_sys_v2_bf16x2,False,forward,both,moe,fp8,,EP,,,high,Definition of the red.relaxed.sys.global.add.noftz.v2.bf16x2 helper in the SM90 pull-style drop's PTX helpers (a diverged copy of the cutedsl_megamoe helper); the shipped callers are the two SM90 FP8 in-kernel top-k reduce sites.,flashinfer/moe_ep/kernel_src/sm90/pull_style_cutedsl_megakernel/src/src/ptx_helpers.py:385-409: @dsl_user_op red_add_relaxed_sys_v2_bf16x2: inline PTX red.relaxed.sys.global.add.noftz.v2.bf16x2 | flashinfer/moe_ep/kernel_src/sm90/pull_style_cutedsl_megakernel/src/moe_hopper_fp8/epilogue_fp8.py:885: reachable call site (non-swap-AB epilogue) | flashinfer/moe_ep/kernel_src/sm90/pull_style_cutedsl_megakernel/src/moe_hopper_fp8/epilogue_fp8_swapab.py:929: reachable call site (swap-AB epilogue),,,,True,scanner,flashinfer-c00389;flashinfer-c00390,,False,,"Definition row; the reachable sites are the two SM90 in-kernel reduce rows (previous two ids). The scanner matched the docstring (line 394) and the asm string (line 402). The same drop's NVFP4 epilogue defines its own copy of the helper (flashinfer/moe_ep/kernel_src/sm90/pull_style_cutedsl_megakernel/src/moe_nvfp4_swapab/epilogue.py:62, instruction at line 83) and calls it in that drop (epilogue.py:1905, 1909 and epilogue_refactor.py:2772, the module kernel_fc12.py:22 imports), but no row covers it and its candidates stay unresolved on reachability: there is no SM90 NVFP4 backend, flashinfer/moe_ep/backends/mega/kernel/sm90/ holding only fp8_fp8_bf16_pull_cutedsl and fp8_fp8_bf16_push_cuda.",8bc3b578027791336c6ae87db5c9d76f82cef8bc
flashinfer-0101,flashinfer,A,ptx-red,bfloat162,global,flashinfer/fused_moe/cute_dsl/blackwell_sm12x/_moe_dynamic/gated.py,2697,2702,MoEGatedDynamicKernel epilogue (branch-paired gated dynamic MoE),unknown,forward,both,moe,nvfp4,,any,,,high,"CuTe DSL MoE for sm120 and sm121, gated branch-paired dynamic kernel added at this pin: the fc2 epilogue multiplies the shared-memory tile by the route weight and the expert down alpha inside the PTX and reduce-adds eight bf16 lanes into the token row with red.global.add.noftz.v4.bf16x2, so the k experts of a token accumulate in arrival order. MoEDynamicKernel picks this implementation over the generic one for a gated activation with sf_vec_size 16, mma tile (128, 128) and the shape limits of moe_dynamic_kernel.py:15-21.","flashinfer/fused_moe/cute_dsl/blackwell_sm12x/_moe_dynamic/gated.py:2697-2702: scatter_add_weighted_bf16x8_packed_alpha(get_ptr_as_int64(scatter_output, tok * scatter_N + global_col), sc_smem_addr, wv, down_alpha_value) | flashinfer/fused_moe/cute_dsl/blackwell_sm12x/_moe_dynamic/gated.py:2655-2662: the same call on the paired branch of the epilogue | flashinfer/fused_moe/cute_dsl/blackwell_sm12x/_moe_dynamic/gated.py:264-277: the helper is red.global.add.noftz.v4.bf16x2 with an L2 cache-hint policy, after scaling the four packed bf16x2 words by route_weight times down_alpha | flashinfer/fused_moe/cute_dsl/blackwell_sm12x/moe_dynamic_kernel.py:24-55: _can_use_gated_optimized_kernel: gated activation, sf_vec_size 16, mma_tiler_mn (128, 128), hidden at most 16384, intermediate at most 512, top-k at most 16 (32 with shared input) | flashinfer/fused_moe/cute_dsl/blackwell_sm12x/moe_dynamic_kernel.py:88-100: MoEDynamicKernel.__new__ returns MoEGatedDynamicKernel when that test passes, otherwise the generic implementation",,,,False,manual,,,False,,"New at this pin (FlashInfer PR 4329). The generic implementation's scatter-add is flashinfer-0006; this kernel is the one a gated NVFP4 MoE of the supported shape gets instead. Not referenced by vLLM or SGLang at their pinned shas. The SM120 probe does not reach it: probes/probe_flashinfer.py:109 uses an intermediate size of 1024, above _GATED_OPTIMIZED_MAX_INTERMEDIATE_SIZE, which is 4 * 128 (flashinfer/fused_moe/cute_dsl/blackwell_sm12x/moe_dynamic_kernel.py:15-21), so _can_use_gated_optimized_kernel returns False and the measured dynamic arms ran the generic kernel; the runtime evidence stays on flashinfer-0006.",8bc3b578027791336c6ae87db5c9d76f82cef8bc
flashinfer-0102,flashinfer,A,ptx-red,bfloat162,global,flashinfer/fused_moe/cute_dsl/blackwell_sm12x/_moe_dynamic/gated.py,245,250,scatter_add_v4_bf16x2 / scatter_add_weighted_bf16x8_packed / scatter_add_weighted_bf16x8_packed_alpha,unknown,forward,both,moe,nvfp4,,any,,,high,"Three red.global.add.noftz.v4.bf16x2 helpers private to the gated sm12x dynamic MoE kernel: a plain eight-lane scatter add (line 163), one that folds the route weight into the PTX (line 208) and one that also folds the expert down alpha (line 246).",flashinfer/fused_moe/cute_dsl/blackwell_sm12x/_moe_dynamic/gated.py:190: red.global.add.noftz.v4.bf16x2 in scatter_add_v4_bf16x2 | flashinfer/fused_moe/cute_dsl/blackwell_sm12x/_moe_dynamic/gated.py:224: red.global.add.noftz.v4.bf16x2 in scatter_add_weighted_bf16x8_packed | flashinfer/fused_moe/cute_dsl/blackwell_sm12x/_moe_dynamic/gated.py:264: red.global.add.noftz.v4.bf16x2 in scatter_add_weighted_bf16x8_packed_alpha,,,,True,scanner,flashinfer-c00206;flashinfer-c00207;flashinfer-c00208,,False,,"Definition row; the reachable site is flashinfer-0101, which calls the _alpha variant. The other two are defined but not called in this file at this sha.",8bc3b578027791336c6ae87db5c9d76f82cef8bc
flashinfer-0103,flashinfer,A3,ptx-red,bfloat162,global,flashinfer/fused_moe/cute_dsl/blackwell_sm12x/moe_w4a16_kernel.py,3543,3549,_drain_output_smem (TC-decode fused top-k sum),unknown,forward,decode,moe,w4a16,,any,tc_decode_fused_sum (compile keyword) / fused_topk_sum (kernel constructor),"False on the compile and kernel constructors (lines 5237, 562)",high,"sm12x W4A16 MoE, TC-decode path added at this pin: instead of writing per-route partials and launching a separate top-k sum, the FC2 drain adds each route's four bf16x2 words straight into the token's row of the pre-zeroed output with red.relaxed.gpu.global.add.noftz.bf16x2, so the k routes of a token accumulate in arrival order.","flashinfer/fused_moe/cute_dsl/blackwell_sm12x/moe_w4a16_kernel.py:3546-3549: red_add_global_bf16x2(out_addr + 0, 4, 8, 12) into c_bf16_flat at token_idx * c_gl_stride | flashinfer/fused_moe/cute_dsl/blackwell_sm12x/moe_w4a16_kernel.py:3600-3607: the same in the tail drain _drain_output_smem_tail | flashinfer/fused_moe/cute_dsl/blackwell_sm12x/moe_w4a16_fp4_helpers.py:1469: red.relaxed.gpu.global.add.noftz.bf16x2 | flashinfer/fused_moe/cute_dsl/blackwell_sm12x/moe_w4a16_kernel.py:6792-6803: use_tc_decode: no preplanned launch or a preplanned TC-decode launch, packed or nf3_2p1 layout, no expert_map, gated bf16, cuda int32/int64 topk_ids, m at most _TC_DECODE_MAX_M = 4 | flashinfer/fused_moe/cute_dsl/blackwell_sm12x/moe_w4a16_kernel.py:7049-7057: with TC-decode the FC2 store target is the output itself, which the kernel zeroes in its prologue, and the separate top-k-sum launch is dropped (line 7152-7154)",,,,False,scanner,flashinfer-c00250;flashinfer-c00251;flashinfer-c00252;flashinfer-c00253;flashinfer-c00254;flashinfer-c00255;flashinfer-c00256;flashinfer-c00257,,False,,"New at this pin: red_add_global_bf16x2 does not exist at the July sha. This is why the carried note on flashinfer-0088, that moe_w4a16_kernel.py uses atomic_add_global_i32 only, is no longer true. Not referenced by vLLM or SGLang at their pinned shas.",8bc3b578027791336c6ae87db5c9d76f82cef8bc
flashinfer-0104,flashinfer,A,ptx-red,bfloat162,global,flashinfer/fused_moe/cute_dsl/blackwell_sm12x/moe_w4a16_fp4_helpers.py,1455,1460,"red_add_global_bf16x2 (and red_add_global_f32, scatter_add_bf16)",unknown,forward,both,moe,w4a16;nvfp4,,any,,,high,"Reduction-add helpers added to the sm12x W4A16 helpers at this pin: red.relaxed.gpu.global.add.noftz.bf16x2 (line 1469), red.global.add.f32 (line 1416) and a single-lane bf16 variant that converts from f32 inside the PTX (line 2087).","flashinfer/fused_moe/cute_dsl/blackwell_sm12x/moe_w4a16_fp4_helpers.py:1469: red.relaxed.gpu.global.add.noftz.bf16x2, documented as the W4A16 TC-decode FC2 epilogue fold (lines 1459-1461) | flashinfer/fused_moe/cute_dsl/blackwell_sm12x/moe_w4a16_fp4_helpers.py:1416: red.global.add.f32 in red_add_global_f32 | flashinfer/fused_moe/cute_dsl/blackwell_sm12x/moe_w4a16_fp4_helpers.py:2087: red.relaxed.gpu.global.add.noftz.bf16 in scatter_add_bf16, described as an opt-in approximate reduction",,,,True,scanner,flashinfer-c00235;flashinfer-c00236;flashinfer-c00246,,False,,"Definition row. The reachable site of red_add_global_bf16x2 is flashinfer-0103; red_add_global_f32 and scatter_add_bf16 have no caller in include/, csrc/ or flashinfer/ at this sha.",8bc3b578027791336c6ae87db5c9d76f82cef8bc
flashinfer-0105,flashinfer,A,tma-reduce,bfloat16,global,flashinfer/fused_moe/cute_dsl/rubin/blockscaled_contiguous_grouped_gemm_finalize_fusion.py,1632,1638,Sm107BlockScaledContiguousGroupedGemmFinalizeFusionKernel (epilogue),unknown,forward,both,moe,nvfp4,,any,,,high,"Rubin (SM107) copy of the CuTe DSL NVFP4 grouped GEMM with finalize fusion, added at this pin: each valid expert row is bulk reduce-added (cp.reduce.async.bulk add) into the token's output row, so the k experts of a token accumulate in arrival order. Unlike the Blackwell kernel this one has no use_fused_finalize option; the wrapper rejects use_fused_finalize=False on Rubin.","flashinfer/fused_moe/cute_dsl/rubin/blockscaled_contiguous_grouped_gemm_finalize_fusion.py:1632-1649: blk_reduce_bf16 / blk_reduce_fp32 / blk_reduce_fp16(scatter_out_offset, sC[sC_row, None, 0], copy_size) chosen by c_dtype | flashinfer/fused_moe/cute_dsl/rubin/blockscaled_contiguous_grouped_gemm_finalize_fusion.py:1624-1627: scatter_out_offset is the token row expanded_idx // topK, so the k expert rows of one token land on the same destination | flashinfer/fused_moe/cute_dsl/rubin/blockscaled_contiguous_grouped_gemm_finalize_fusion.py:100: cp.reduce.async.bulk.global.shared::cta.bulk_group.add.f32 in blk_reduce_fp32 | flashinfer/fused_moe/cute_dsl/blockscaled_contiguous_grouped_gemm_finalize_fusion.py:270-279: the shared wrapper raises for use_fused_finalize=False on the Rubin kernel, which takes no such parameter",,,,False,scanner,flashinfer-c00267,flashinfer/fused_moe/cute_dsl/blockscaled_contiguous_grouped_gemm_finalize_fusion.py:270-279,False,,"New at this pin. The Blackwell sibling is flashinfer-0004, which gained a use_fused_finalize guard; this copy has none, so the reduce is unconditional. Not referenced by vLLM or SGLang at their pinned shas.",8bc3b578027791336c6ae87db5c9d76f82cef8bc
flashinfer-0106,flashinfer,A,torch-op,unknown,global,flashinfer/trace/templates/moe.py,2738,2741,_trtllm_fp8_per_tensor_scale_routed_moe_reference,False,forward,both,moe,fp8,,any,torch.use_deterministic_algorithms,False,high,Reference (trace template) MoE implementation: output.index_add_ accumulates expert outputs per token with PyTorch's CUDA index_add_.,"flashinfer/trace/templates/moe.py:2740: output.index_add_(0, token_idx, expert_out * weights.unsqueeze(1))",,,,False,scanner,flashinfer-c00490,,False,,"Reference/tracing code in flashinfer/trace, not a production kernel. Fifth site of the same shape; the others are flashinfer-0044 to flashinfer-0047.",8bc3b578027791336c6ae87db5c9d76f82cef8bc
marlin-0001,marlin,A2,other,float32,global,marlin/marlin_cuda_kernel.cu,674,678,Marlin (global_reduce lambda under barrier_acquire/barrier_release),True,forward,both,dense,gptq-4bit (marlin format),,any,,,high,"Marlin 4-bit GEMM forward. When a column slice is split across several thread blocks (slice_count > 1), each block adds its fp32 fragment to the fp16 partial already in the output C, in slice order, under a per-column lock. No atomic add is used; the read-modify-write on C is an ordinary load, add and store executed by one block at a time.","marlin/marlin_cuda_kernel.cu:675: barrier_acquire(&locks[slice_col], slice_idx) spins until the lock equals this block's slice index, so slices enter in order 0, 1, 2, ... | marlin/marlin_cuda_kernel.cu:162-172: barrier_acquire: ld.global.acquire.gpu.b32 loop until state == count | marlin/marlin_cuda_kernel.cu:676: global_reduce(slice_idx == 0, last) performs the accumulation | marlin/marlin_cuda_kernel.cu:549-556: frag_c[...] += __half2float(c_red[j]): fp32 register accumulate of the fp16 partial read from C; then C[...] = __float2half(...) unless last | marlin/marlin_cuda_kernel.cu:677: barrier_release(&locks[slice_col], last) increments the lock (red.relaxed.gpu.global.add.s32) or resets it on the last slice | marlin/marlin_cuda_kernel.cu:235-269: slice_idx and slice_count are derived from the static striped partitioning of k_tiles, not from runtime arrival",,,,False,manual,,marlin/marlin_cuda_kernel.cu:674,False,vllm_mixtral_gptq_auto_x6: DIFFERS/identical (NVIDIA-H100-80GB-HBM3-580.126.09-torch2.13.0+cu130; relation=end_to_end_configuration; evaluations=14; kernel_identity_verified=False) | vllm_mixtral_gptq_marlin_moe_one_seq_x6: identical/identical (NVIDIA-H100-80GB-HBM3-580.126.09-torch2.13.0+cu130; relation=end_to_end_configuration; evaluations=14; kernel_identity_verified=False) | vllm_qwen1.5_moe_gptq_marlin_x6: identical/identical (NVIDIA-H100-80GB-HBM3-580.126.09-torch2.13.0+cu130; relation=end_to_end_configuration; evaluations=14; kernel_identity_verified=False),"Serialised split-K reduce: the order is fixed by slice_idx, which is a function of the block's static tile assignment. Partials are rounded to fp16 between slices (a precision choice, not a determinism issue). This is the pattern Cankaya 2026 observed as deterministic for GPTQ with Marlin enabled.",1f25790bdd49fba53106164a24666dade68d7c90
marlin-0002,marlin,B,ptx-red,int32,global,marlin/marlin_cuda_kernel.cu,182,185,barrier_release,True,forward,both,dense,gptq-4bit (marlin format),,any,,,high,Lock word increment that releases the next slice in the serialised global reduce.,"marlin/marlin_cuda_kernel.cu:184: red.relaxed.gpu.global.add.s32 [lock], 1 after fence.acq_rel.gpu | marlin/marlin_cuda_kernel.cu:677: called once per slice by the block that holds the lock, so at most one increment is in flight",,,,False,scanner,marlin-c00001,,False,,"Integer lock counter; exact. It orders the float reduce (that is its purpose) but the order it imposes is the static slice order, so the downstream reduction order cannot change. Not B-indirect.",1f25790bdd49fba53106164a24666dade68d7c90
sglang-0001,sglang,A,atomicAdd,half2,global,python/sglang/kernels/aot/csrc/gemm/gptq/gptq_kernel.cu,325,332,gemm_half_q_half_gptq_4bit_kernel,False,forward,both,dense,gptq,,any,,,high,"Exllama 4-bit GEMM port in the SGLang kernel library (python/sglang/kernels/aot): K is split across blockIdx.z and every z-block atomically adds its half2 partial into the output. Reached through GPTQLinearMethod (quantization/gptq/gptq.py:484, kernel hardware_backend/gpu/quantization/gptq_kernels.py:117), i.e. only when the user forces --quantization gptq or the checkpoint cannot be converted to gptq_marlin; GPTQMarlinConfig.override_quantization_method returns gptq_marlin for convertible checkpoints.","python/sglang/kernels/aot/csrc/gemm/gptq/gptq_kernel.cu:330-331: atomicAdd(out, result01); atomicAdd(out + 1, result23) | python/sglang/srt/layers/quantization/gptq/gptq.py:420-427: gptq_marlin is chosen when the checkpoint is convertible and the user did not force gptq | python/sglang/srt/layers/quantization/gptq/gptq.py:428-434: quantization=gptq explicitly forces the exllama path",,,,False,scanner,sglang-c00073;sglang-c00074,python/sglang/srt/hardware_backend/gpu/quantization/gptq_kernels.py:117;python/sglang/srt/layers/quantization/gptq/gptq.py:414-434,False,,"Same kernel as vLLM's q_gemm.cu (vllm-0001..0004). Sizes above the row thresholds use reconstruct + cublasHgemm (line 1592, sglang-0007).",0bcd822377da7b5718e674eaf9c870d349424dd1
sglang-0002,sglang,A,atomicAdd,half2,global,python/sglang/kernels/aot/csrc/gemm/gptq/gptq_kernel.cu,445,452,gemm_half_q_half_gptq_2bit_kernel,False,forward,both,dense,gptq,,any,,,high,"Exllama 2-bit GEMM port in the SGLang kernel library (python/sglang/kernels/aot): K is split across blockIdx.z and every z-block atomically adds its half2 partial into the output. Reached through GPTQLinearMethod (quantization/gptq/gptq.py:484, kernel hardware_backend/gpu/quantization/gptq_kernels.py:117), i.e. only when the user forces --quantization gptq or the checkpoint cannot be converted to gptq_marlin; GPTQMarlinConfig.override_quantization_method returns gptq_marlin for convertible checkpoints.","python/sglang/kernels/aot/csrc/gemm/gptq/gptq_kernel.cu:450-451: atomicAdd(out, result01); atomicAdd(out + 1, result23) | python/sglang/srt/layers/quantization/gptq/gptq.py:420-427: gptq_marlin is chosen when the checkpoint is convertible and the user did not force gptq | python/sglang/srt/layers/quantization/gptq/gptq.py:428-434: quantization=gptq explicitly forces the exllama path",,,,False,scanner,sglang-c00075;sglang-c00076,python/sglang/srt/hardware_backend/gpu/quantization/gptq_kernels.py:117;python/sglang/srt/layers/quantization/gptq/gptq.py:414-434,False,,"Same kernel as vLLM's q_gemm.cu (vllm-0001..0004). Sizes above the row thresholds use reconstruct + cublasHgemm (line 1592, sglang-0007).",0bcd822377da7b5718e674eaf9c870d349424dd1
sglang-0003,sglang,A,atomicAdd,half2,global,python/sglang/kernels/aot/csrc/gemm/gptq/gptq_kernel.cu,568,575,gemm_half_q_half_gptq_3bit_kernel,False,forward,both,dense,gptq,,any,,,high,"Exllama 3-bit GEMM port in the SGLang kernel library (python/sglang/kernels/aot): K is split across blockIdx.z and every z-block atomically adds its half2 partial into the output. Reached through GPTQLinearMethod (quantization/gptq/gptq.py:484, kernel hardware_backend/gpu/quantization/gptq_kernels.py:117), i.e. only when the user forces --quantization gptq or the checkpoint cannot be converted to gptq_marlin; GPTQMarlinConfig.override_quantization_method returns gptq_marlin for convertible checkpoints.","python/sglang/kernels/aot/csrc/gemm/gptq/gptq_kernel.cu:573-574: atomicAdd(out, result01); atomicAdd(out + 1, result23) | python/sglang/srt/layers/quantization/gptq/gptq.py:420-427: gptq_marlin is chosen when the checkpoint is convertible and the user did not force gptq | python/sglang/srt/layers/quantization/gptq/gptq.py:428-434: quantization=gptq explicitly forces the exllama path",,,,False,scanner,sglang-c00077;sglang-c00078,python/sglang/srt/hardware_backend/gpu/quantization/gptq_kernels.py:117;python/sglang/srt/layers/quantization/gptq/gptq.py:414-434,False,,"Same kernel as vLLM's q_gemm.cu (vllm-0001..0004). Sizes above the row thresholds use reconstruct + cublasHgemm (line 1592, sglang-0007).",0bcd822377da7b5718e674eaf9c870d349424dd1
sglang-0004,sglang,A,atomicAdd,half2,global,python/sglang/kernels/aot/csrc/gemm/gptq/gptq_kernel.cu,687,694,gemm_half_q_half_gptq_8bit_kernel,False,forward,both,dense,gptq,,any,,,high,"Exllama 8-bit GEMM port in the SGLang kernel library (python/sglang/kernels/aot): K is split across blockIdx.z and every z-block atomically adds its half2 partial into the output. Reached through GPTQLinearMethod (quantization/gptq/gptq.py:484, kernel hardware_backend/gpu/quantization/gptq_kernels.py:117), i.e. only when the user forces --quantization gptq or the checkpoint cannot be converted to gptq_marlin; GPTQMarlinConfig.override_quantization_method returns gptq_marlin for convertible checkpoints.","python/sglang/kernels/aot/csrc/gemm/gptq/gptq_kernel.cu:692-693: atomicAdd(out, result01); atomicAdd(out + 1, result23) | python/sglang/srt/layers/quantization/gptq/gptq.py:420-427: gptq_marlin is chosen when the checkpoint is convertible and the user did not force gptq | python/sglang/srt/layers/quantization/gptq/gptq.py:428-434: quantization=gptq explicitly forces the exllama path",,,,False,scanner,sglang-c00079;sglang-c00080,python/sglang/srt/hardware_backend/gpu/quantization/gptq_kernels.py:117;python/sglang/srt/layers/quantization/gptq/gptq.py:414-434,False,,"Same kernel as vLLM's q_gemm.cu (vllm-0001..0004). Sizes above the row thresholds use reconstruct + cublasHgemm (line 1592, sglang-0007).",0bcd822377da7b5718e674eaf9c870d349424dd1
sglang-0005,sglang,A,atomicAdd,float16,global,python/sglang/kernels/aot/csrc/gemm/gptq/gptq_kernel.cu,1328,1331,gemm_half_q_half_alt_4bit_kernel,False,forward,both,dense,gptq,,any,,,high,"GPTQ 'alt' kernels (use_exllama false), 4-bit here and 8-bit at line 1412: split-K over blockIdx.z with half atomicAdd.","python/sglang/kernels/aot/csrc/gemm/gptq/gptq_kernel.cu:1330: atomicAdd(&mul[(b + m) * width + w], res[m]) | python/sglang/kernels/aot/csrc/gemm/gptq/gptq_kernel.cu:1412: 8-bit twin",,,,False,scanner,sglang-c00081,,False,,hardware_backend/gpu/quantization/gptq_kernels.py passes use_shuffle (exllama) so this branch is reached only when shuffling is disabled.,0bcd822377da7b5718e674eaf9c870d349424dd1
sglang-0006,sglang,A,atomicCAS-loop,float16,global,python/sglang/kernels/aot/csrc/gemm/gptq/compat.cuh,18,25,atomicAdd_half (CAS loop),False,forward,both,dense,gptq,,any,,,high,Software half/half2 atomicAdd installed for old architectures (also lines 30 to 40 for half2).,python/sglang/kernels/aot/csrc/gemm/gptq/compat.cuh:24: atomicCAS loop with __half_as_ushort reinterpretation,,,,False,scanner,sglang-c00066,,False,,,0bcd822377da7b5718e674eaf9c870d349424dd1
sglang-0007,sglang,C,library-call,n/a,n/a,python/sglang/kernels/aot/csrc/gemm/gptq/gptq_kernel.cu,1590,1594,gemm_half_q_half_cuda (reconstruct + cuBLAS),False,forward,both,dense,gptq,,any,,,high,Exllama path for M above the row thresholds: reconstruct fp16 weights then cublasHgemm.,python/sglang/kernels/aot/csrc/gemm/gptq/gptq_kernel.cu:1592: cublasHgemm(...),,cuBLAS,,False,scanner,sglang-c00083,,False,,,0bcd822377da7b5718e674eaf9c870d349424dd1
sglang-0008,sglang,A3,atomicAdd,half2,global,python/sglang/kernels/jit/csrc/gemm/marlin/marlin_template.h,1406,1413,Marlin (write-out with use_atomic_add),True,forward,both,dense,gptq_marlin;awq_marlin;fp8 marlin;fp4 marlin,,any,use_atomic_add (from should_use_atomic_add_reduce),True for n < 2048 and k >= 2048 on CUDA (the 'if not True' at line 475 disables the intended env gate),high,"SGLang's Marlin port, JIT compiled from python/sglang/kernels/jit/csrc/gemm/marlin/marlin_template.h: when use_atomic_add is set and a column slice spans several blocks, partials are atomically added into C. In SGLang the Python helper that decides use_atomic_add has its environment check replaced by a constant True, so the atomic path is taken whenever n < 2048, k >= 2048, the device is CUDA and not (sm8x with bf16). This is the default GPTQ/AWQ/FP8/FP4 Marlin path for such shapes.","python/sglang/kernels/jit/csrc/gemm/marlin/marlin_template.h:1412: atomicAdd(&C_half2[a], sh_red_half2[a]) under if (use_atomic_add && slice_count > 1) | python/sglang/srt/layers/quantization/marlin_utils.py:469-470: if n >= 2048 or k < 2048 or device.type != 'cuda': return False | python/sglang/srt/layers/quantization/marlin_utils.py:475-477: if not True: ... return False (dead branch) | python/sglang/srt/layers/quantization/marlin_utils.py:481-484: sm8x with bf16 returns False; otherwise return True | python/sglang/srt/layers/quantization/marlin_utils.py:506-512: apply_gptq_marlin_linear computes use_atomic_add from the layer shape and passes it to the kernel",,,"GPTQ or AWQ model on CUDA through Marlin for a projection whose local shard has n < 2048 and k >= 2048 as seen by the kernel (n = output_size_per_partition, k = input_size_per_partition): the fused qkv and gate_up of a 7B model have n >= 2048 at TP=1 and TP=2 and its row-parallel o_proj and down_proj keep n = 3584, so no Qwen2.5-7B projection meets the condition below TP=4 (qkv_proj at TP=4: n=1152, k=3584); the down_proj of Qwen2.5-1.5B meets it at TP=1, 2 and 4 (n=1536 with k=8960, 4480 and 2240)",False,scanner,sglang-c00127,python/sglang/srt/layers/quantization/marlin_utils.py:506-512;python/sglang/srt/layers/quantization/marlin_utils_fp8.py:75;python/sglang/srt/layers/quantization/marlin_utils_fp4.py:102,True,marlin_gemm_atomicTrue_fp32reduce_m16_n1024_k8192_bf16: DIFFERS/DIFFERS (NVIDIA-H100-80GB-HBM3-580.126.09-torch2.13.0+cu130; relation=operator_example; evaluations=12; kernel_identity_verified=False) | marlin_gemm_atomicTrue_fp32reduce_m16_n1024_k8192_fp16: DIFFERS/DIFFERS (NVIDIA-H100-80GB-HBM3-580.126.09-torch2.13.0+cu130; relation=operator_example; evaluations=12; kernel_identity_verified=False) | marlin_gemm_atomicTrue_fp32reduce_m16_n512_k3584_bf16: DIFFERS/DIFFERS (NVIDIA-H100-80GB-HBM3-580.126.09-torch2.13.0+cu130; relation=operator_example; evaluations=12; kernel_identity_verified=False) | marlin_gemm_atomicTrue_fp32reduce_m16_n512_k3584_fp16: DIFFERS/DIFFERS (NVIDIA-H100-80GB-HBM3-580.126.09-torch2.13.0+cu130; relation=operator_example; evaluations=12; kernel_identity_verified=False) | marlin_gemm_atomicTrue_fp32reduce_m1_n512_k8192_bf16: DIFFERS/DIFFERS (NVIDIA-H100-80GB-HBM3-580.126.09-torch2.13.0+cu130; relation=operator_example; evaluations=12; kernel_identity_verified=False) | marlin_gemm_atomicTrue_fp32reduce_m1_n512_k8192_fp16: DIFFERS/DIFFERS (NVIDIA-H100-80GB-HBM3-580.126.09-torch2.13.0+cu130; relation=operator_example; evaluations=12; kernel_identity_verified=False) | marlin_gemm_atomicTrue_fp32reduce_m64_n512_k8192_bf16: DIFFERS/DIFFERS (NVIDIA-H100-80GB-HBM3-580.126.09-torch2.13.0+cu130; relation=operator_example; evaluations=12; kernel_identity_verified=False) | marlin_gemm_atomicTrue_fp32reduce_m64_n512_k8192_fp16: DIFFERS/DIFFERS (NVIDIA-H100-80GB-HBM3-580.126.09-torch2.13.0+cu130; relation=operator_example; evaluations=12; kernel_identity_verified=False) | marlin_gemm_atomicTrue_m16_n1024_k8192_bf16: DIFFERS/DIFFERS (NVIDIA-H100-80GB-HBM3-580.126.09-torch2.13.0+cu130; relation=operator_example; evaluations=12; kernel_identity_verified=False) | marlin_gemm_atomicTrue_m16_n1024_k8192_fp16: DIFFERS/DIFFERS (NVIDIA-H100-80GB-HBM3-580.126.09-torch2.13.0+cu130; relation=operator_example; evaluations=12; kernel_identity_verified=False) | marlin_gemm_atomicTrue_m16_n512_k3584_bf16: DIFFERS/DIFFERS (NVIDIA-H100-80GB-HBM3-580.126.09-torch2.13.0+cu130; relation=operator_example; evaluations=12; kernel_identity_verified=False) | marlin_gemm_atomicTrue_m16_n512_k3584_fp16: DIFFERS/DIFFERS (NVIDIA-H100-80GB-HBM3-580.126.09-torch2.13.0+cu130; relation=operator_example; evaluations=12; kernel_identity_verified=False) | marlin_gemm_atomicTrue_m1_n512_k8192_bf16: DIFFERS/DIFFERS (NVIDIA-H100-80GB-HBM3-580.126.09-torch2.13.0+cu130; relation=operator_example; evaluations=12; kernel_identity_verified=False) | marlin_gemm_atomicTrue_m1_n512_k8192_fp16: DIFFERS/DIFFERS (NVIDIA-H100-80GB-HBM3-580.126.09-torch2.13.0+cu130; relation=operator_example; evaluations=12; kernel_identity_verified=False) | marlin_gemm_atomicTrue_m64_n512_k8192_bf16: DIFFERS/DIFFERS (NVIDIA-H100-80GB-HBM3-580.126.09-torch2.13.0+cu130; relation=operator_example; evaluations=12; kernel_identity_verified=False) | marlin_gemm_atomicTrue_m64_n512_k8192_fp16: DIFFERS/DIFFERS (NVIDIA-H100-80GB-HBM3-580.126.09-torch2.13.0+cu130; relation=operator_example; evaluations=12; kernel_identity_verified=False) | sglang_qwen2.5_1.5b_gptq_marlin_deterministic_mode_x6: DIFFERS/DIFFERS (NVIDIA-H100-80GB-HBM3-580.126.09-torch2.13.0+cu130; relation=end_to_end_configuration; evaluations=14; kernel_identity_verified=False) | sglang_qwen2.5_1.5b_gptq_marlin_guard_env_on_x6: DIFFERS/DIFFERS (NVIDIA-H100-80GB-HBM3-580.126.09-torch2.13.0+cu130; relation=end_to_end_configuration; evaluations=14; kernel_identity_verified=False) | sglang_qwen2.5_1.5b_gptq_marlin_guard_off_det_x6: DIFFERS/identical (NVIDIA-H100-80GB-HBM3-580.126.09-torch2.13.0+cu130; relation=control; evaluations=14; kernel_identity_verified=False) | sglang_qwen2.5_1.5b_gptq_marlin_guard_off_fixed_composition_x6: identical/identical (NVIDIA-H100-80GB-HBM3-580.126.09-torch2.13.0+cu130; relation=end_to_end_configuration; evaluations=14; kernel_identity_verified=False) | sglang_qwen2.5_1.5b_gptq_marlin_guard_off_x6: DIFFERS/identical (NVIDIA-H100-80GB-HBM3-580.126.09-torch2.13.0+cu130; relation=control; evaluations=14; kernel_identity_verified=False) | sglang_qwen2.5_1.5b_gptq_marlin_stock_x6: DIFFERS/DIFFERS (NVIDIA-H100-80GB-HBM3-580.126.09-torch2.13.0+cu130; relation=end_to_end_configuration; evaluations=14; kernel_identity_verified=False) | sglang_qwen2.5_1.5b_gptq_marlin_x6: DIFFERS/DIFFERS (NVIDIA-H100-80GB-HBM3-580.126.09-torch2.13.0+cu130; relation=end_to_end_configuration; evaluations=14; kernel_identity_verified=False) | sglang_qwen2.5_7b_gptq_marlin_tp2_x6: DIFFERS/DIFFERS (NVIDIA-H100-80GB-HBM3-580.126.09-torch2.13.0+cu130; relation=not_reached; evaluations=14; kernel_identity_verified=False) | sglang_qwen2.5_7b_gptq_marlin_x6: identical/identical (NVIDIA-H100-80GB-HBM3-580.126.09-torch2.13.0+cu130; relation=not_reached; evaluations=14; kernel_identity_verified=False),"Divergence from vLLM, where VLLM_MARLIN_USE_ATOMIC_ADD defaults to off. Affects projections whose local shard has n < 2048 and k >= 2048 (for example the down projection of small models, or fused qkv shards at larger tensor-parallel sizes). The condition is evaluated on the fused, TP-sharded weight with n = output_size_per_partition and k = input_size_per_partition: row-parallel layers (o_proj, down_proj) shard k and keep n full, column-parallel layers (qkv_proj, gate_up_proj) shard n and keep k full. Qwen2.5-7B therefore never takes the atomic path at TP=1 or TP=2 (the TP=2 o_proj shard is n=3584, k=1792) and does at TP=4 through qkv_proj (n=1152, k=3584); Qwen2.5-1.5B takes it through down_proj at TP=1, 2 and 4 (n=1536 with k=8960, 4480 and 2240). The recorded 7B TP=2 differences (3 of 12 comparisons, top-5 values only) are not attributed to this guard. The Marlin kernel is JIT compiled, at this pin and at the July one: marlin_utils.py:49 imports gptq_marlin_gemm from sglang.kernels.ops.quantization.gptq_marlin, whose load_jit call at python/sglang/kernels/ops/quantization/gptq_marlin.py:21-25 names gemm/marlin/gptq_marlin.cuh, which includes this file. The ahead-of-time copy the July row cited, sgl-kernel/csrc/gemm/marlin/marlin_template.h, was included by nothing at that pin and was not built; the kernel text is the same, so no finding changes.",0bcd822377da7b5718e674eaf9c870d349424dd1
sglang-0009,sglang,A2,other,float32,global,python/sglang/kernels/jit/csrc/gemm/marlin/marlin_template.h,1571,1578,Marlin (serialised global reduce),True,forward,both,dense,gptq_marlin;awq_marlin;fp8 marlin;fp4 marlin,,any,,,high,Marlin split-K combine when use_atomic_add is false: blocks enter in slice order under the per-slice lock. JIT compiled from python/sglang/kernels/jit.,python/sglang/kernels/jit/csrc/gemm/marlin/marlin_template.h:1571: if (slice_count > 1 && !use_atomic_add) barrier_acquire; global_reduce; barrier_release | python/sglang/kernels/jit/csrc/gemm/marlin/marlin_template.h:251: barrier_release: red.relaxed.gpu.global.add.s32,,,,False,manual,,,False,,,0bcd822377da7b5718e674eaf9c870d349424dd1
sglang-0010,sglang,B,ptx-red,int32,global,python/sglang/kernels/jit/csrc/gemm/marlin/marlin_template.h,248,253,barrier_release,True,forward,both,dense,gptq_marlin,,any,,,high,Marlin lock increment; wait_negative_and_add at 264 is the atomic-add path handshake.,"python/sglang/kernels/jit/csrc/gemm/marlin/marlin_template.h:251: red.relaxed.gpu.global.add.s32 | python/sglang/kernels/jit/csrc/gemm/marlin/marlin_template.h:264: atomicAdd(lock, 1)",,,,False,scanner,sglang-c00125,,False,,Exact.,0bcd822377da7b5718e674eaf9c870d349424dd1
sglang-0012,sglang,B,atomicMax,float32,global,python/sglang/kernels/aot/include/utils.h,395,402,atomicMaxFloat,True,forward,both,dense,fp8 dynamic,,any,,,high,Float max through integer reinterpretation (and a CAS-loop variant at 405); used by dynamic FP8 scale kernels.,"python/sglang/kernels/aot/include/utils.h:397-398: atomicMax((int*)addr, __float_as_int) / atomicMin((unsigned*)addr, __float_as_uint) | python/sglang/kernels/aot/include/utils.h:405: atomicCAS loop computing a max | python/sglang/kernels/aot/include/utils.h:394: Additional scanner location for this site: atomicMaxFloat( in atomicMaxFloat; the compact snippet omits this line.",,,,False,scanner,sglang-c00088;sglang-c00089;sglang-c00090;sglang-c00091,,False,,Max is exact.,0bcd822377da7b5718e674eaf9c870d349424dd1
sglang-0013,sglang,B-indirect,atomicAdd,int32,global,python/sglang/kernels/aot/csrc/moe/moe_align_kernel.cu,37,42,count_and_sort_expert_tokens_kernel,True,forward,both,moe,any,,any,,,high,"MoE alignment: atomic ticket assigns each (token, expert) pair its slot in the expert block (per-expert counts at line 103 are exact).","python/sglang/kernels/aot/csrc/moe/moe_align_kernel.cu:40: rank_post_pad = atomicAdd(&cumsum_buffer[expert_id], 1)",True,,,False,scanner,sglang-c00084,,False,,A guard added since the July pin skips tokens whose expert id is negative (moe_align_kernel.cu:38); the ticket itself is unchanged.,0bcd822377da7b5718e674eaf9c870d349424dd1
sglang-0014,sglang,B-indirect,atomicAdd,int32,global,python/sglang/kernels/aot/csrc/moe/prepare_moe_input.cu,85,89,compute_arg_sorts,True,forward,both,moe,any,,any,,,medium,CUTLASS grouped-GEMM MoE input preparation: ticket places tokens in expert ranges (counts at line 27).,"python/sglang/kernels/aot/csrc/moe/prepare_moe_input.cu:87: atomicAdd(&atomic_buffer[expert_id], 1)",True,,,False,scanner,sglang-c00087,,False,,,0bcd822377da7b5718e674eaf9c870d349424dd1
sglang-0015,sglang,B,atomicAdd,int32,global,python/sglang/kernels/aot/csrc/allreduce/custom_all_reduce.cuh,394,401,custom_all_reduce_2shot (barrier),True,forward,both,dense,any,,TP,,,high,"SGLang custom all-reduce: barrier counters and flags (atomicAdd, atomicExch at 396-400 and 454-458). Data reduction is fixed order: packed_reduce loops ranks 0..ngpus-1 (303-322) and the two-shot kernel reduces with a fixed shuffle butterfly (shfl_reduce, 354-365).","python/sglang/kernels/aot/csrc/allreduce/custom_all_reduce.cuh:396: atomicAdd(&(self_sg->self_counter[bidx][tidx]), 1) | python/sglang/kernels/aot/csrc/allreduce/custom_all_reduce.cuh:315-320: packed_reduce: for i in 1..ngpus-1 in order | python/sglang/kernels/aot/csrc/allreduce/custom_all_reduce.cuh:354-365: shfl_reduce uses fixed xor offsets 16 and 8",,,"MUSA build. custom_all_reduce_2shot and shfl_reduce sit inside the #ifdef USE_MUSA block (custom_all_reduce.cuh:352 to 474), so on a CUDA build the selected kernels are cross_device_reduce_1stage and _2stage instead.",False,scanner,sglang-c00034;sglang-c00035;sglang-c00036,,False,,"Exact counters; reduction order fixed. Selectable 1stage/2stage via the SGLANG_CUSTOM_ALLREDUCE_ALGO environment variable (parsed at 717-730, dispatched at 738-751).",0bcd822377da7b5718e674eaf9c870d349424dd1
sglang-0016,sglang,B,atomicAdd,int32,shared,python/sglang/kernels/aot/csrc/elementwise/topk.cu,148,155,fast_topk_cuda_tl,True,forward,decode,dense,any,,any,,,medium,"fast_topk (EAGLE speculative decoding draft selection): histogram counts and output-slot tickets in shared memory; the selected set is exact except for exact ties, and its order is arrival order.","python/sglang/kernels/aot/csrc/elementwise/topk.cu:151-152: pos = atomicAdd(&s_counter, 1); index[pos] = idx | python/sglang/srt/speculative/eagle_worker_v2.py:707: fast_topk(probs, self.topk, dim=-1) consumer",,,,False,scanner,sglang-c00056,,False,,"The consumer builds a draft tree from the selected tokens; no floating-point reduction consumes the slot order, so not B-indirect. Exact ties at the threshold bin are resolved by arrival.",0bcd822377da7b5718e674eaf9c870d349424dd1
sglang-0017,sglang,B-indirect,atomicAdd,int32,shared,python/sglang/kernels/aot/csrc/elementwise/deepseek_v4_topk.cu,173,180,radix_topk (DSA indexer),True,forward,both,dense,any,DSA sparse attention (SGLang kernel-library topk backend),any,,,medium,"DeepSeek sparse attention top-k (fast_topk_v2 at dsa_topk_backend.py:55-65, fast_topk_transform_fused at dsa_topk_backend.py:156-175): output-slot tickets in shared memory.","python/sglang/kernels/aot/csrc/elementwise/deepseek_v4_topk.cu:175-176: pos = atomicAdd(&s_counter, 1); index[pos] = idx | python/sglang/kernels/aot/csrc/elementwise/deepseek_v4_topk.cu:183: Additional scanner location for this site: atomicAdd( in radix_topk; the compact snippet omits this line.",unknown,,,False,scanner,sglang-c00047;sglang-c00048;sglang-c00049,,False,,Same pattern as vLLM's top-k kernels (vllm-0038 to 0044).,0bcd822377da7b5718e674eaf9c870d349424dd1
sglang-0018,sglang,A3,tl.atomic_add,float32,global,python/sglang/kernels/ops/moe/fused_moe_triton_kernels.py,696,702,fused_moe_kernel (FUSE_SUM_ALL_REDUCE),False,forward,both,moe,any,,any,--enable-fused-moe-sum-all-reduce,False (server_args.py:1982-1984),high,"Triton fused MoE: with fuse_sum_all_reduce the expert outputs of a token are atomically added into the token row instead of being stored per (token, k) and summed later.","python/sglang/kernels/ops/moe/fused_moe_triton_kernels.py:702: tl.atomic_add(c_ptrs, accumulator, mask=c_mask) under elif FUSE_SUM_ALL_REDUCE | python/sglang/srt/server_args.py:1982-1984: enable_fused_moe_sum_all_reduce: bool = False",,,,False,scanner,sglang-c00295,python/sglang/srt/layers/moe/moe_runner/triton_utils/fused_moe.py:585-591;python/sglang/srt/layers/moe/moe_runner/triton_utils/fused_moe.py:858,False,,Default Triton MoE path stores (the else branch) and is order-independent.,0bcd822377da7b5718e674eaf9c870d349424dd1
sglang-0019,sglang,A,tl.atomic_add,float32,global,python/sglang/kernels/ops/moe/virtual_experts.py,242,247,_moe_lora_shrink_splitk_kernel,False,forward,both,moe,any,,any,,,high,"MoE LoRA shrink: split-K programs atomically add into a pre-zeroed fp32 output whenever SPLIT_K > 1, which the launcher chooses when the base grid is smaller than 128 programs (decode-sized batches). No flag.","python/sglang/kernels/ops/moe/virtual_experts.py:244-247: if SPLIT_K == 1: store else tl.atomic_add(c_ptrs, accumulator, ..., sem='relaxed') | python/sglang/kernels/ops/moe/virtual_experts.py:272-273: SPLIT_K = min(max_split_k, max(1, 128 // base_grid)) if base_grid < 128 else 1 | python/sglang/kernels/ops/moe/trtllm_lora_temp/virtual_experts.py:313: same kernel in the trtllm_lora_temp copy | python/sglang/kernels/ops/moe/virtual_experts.py:671: the split-K shrink is launched from merged_experts_fused_moe_lora_add | python/sglang/srt/lora/lora_moe_runners.py:349-350: called only if lora_info.lora_use_virtual_experts | python/sglang/srt/server_args.py:3031-3035: lora_use_virtual_experts defaults to False",,,,False,scanner,sglang-c00300,python/sglang/kernels/ops/moe/virtual_experts.py:272-275,True,,"Order-dependent on the default MoE LoRA path for small batches. Reached only with --lora-use-virtual-experts: the shrink kernel is invoked from merged_experts_fused_moe_lora_add (virtual_experts.py:671), which lora_moe_runners.py:349-350 and 429-430 call only when lora_use_virtual_experts is set, and server_args.py:3031-3035 defaults it to False.",0bcd822377da7b5718e674eaf9c870d349424dd1
sglang-0020,sglang,A3,tl.atomic_add,float32,global,python/sglang/kernels/ops/moe/fused_moe_lora_kernel.py,201,206,_fused_moe_lora_kernel,False,forward,both,moe,any,,any,shrink_split_k / expand_split_k arguments,"1. fused_moe_lora has two call sites, lora_moe_runners.py:365 and :445, and both pass shrink_split_k=1 and expand_split_k=1, so SPLIT_K is 1 and the store branch runs.",low,Fused MoE LoRA kernel write-back: atomic when SPLIT_K > 1.,"python/sglang/kernels/ops/moe/fused_moe_lora_kernel.py:203-206: if SPLIT_K == 1: store else tl.atomic_add(..., sem='relaxed') | python/sglang/kernels/ops/moe/fused_moe_lora_kernel.py:434-441: Additional source location where this gate is applied. | python/sglang/srt/lora/lora_moe_runners.py:384: shrink_split_k=1 on the gate_up call | python/sglang/srt/lora/lora_moe_runners.py:391: expand_split_k=1 on the gate_up call | python/sglang/srt/lora/lora_moe_runners.py:464: shrink_split_k=1 on the down call | python/sglang/srt/lora/lora_moe_runners.py:471: expand_split_k=1 on the down call",,,,False,scanner,sglang-c00294,,False,,"The split factors were left undetermined at the July pin; both call sites pass 1, so the atomic write-back is not reached by any caller in the tree.",0bcd822377da7b5718e674eaf9c870d349424dd1
sglang-0021,sglang,A3,tl.atomic_add,unknown,global,python/sglang/kernels/ops/gemm/trtllm_lora_temp/sgemm_lora_a.py,140,147,_sgemm_lora_a_kernel,False,forward,both,dense,any,,any,SGLANG_ENABLE_LORA_SHRINK_SPLIT_K,"True at trtllm_lora_temp/environ.py:61-63, but every flag of that module reads False unless SGLANG_EXPERIMENTAL_LORA_OPTI=1 (trtllm_lora_temp/environ.py:32-43), which defaults to False",high,"LoRA A (shrink) GEMM in the trtllm_lora_temp backend: split-K with atomic accumulation when split_k > 1, which the launcher enables when the base grid is smaller than the SM count and K has at least 16 tiles.",python/sglang/kernels/ops/gemm/trtllm_lora_temp/sgemm_lora_a.py:142-145: if SPLIT_K == 1: store else tl.atomic_add(...) | python/sglang/kernels/ops/gemm/trtllm_lora_temp/sgemm_lora_a.py:207-213: split_k heuristic gated by lora_envs.SGLANG_ENABLE_LORA_SHRINK_SPLIT_K | python/sglang/srt/lora/trtllm_lora_temp/environ.py:32-43: _GatedBool.get() returns False unless experimental_lora_enabled() | python/sglang/srt/environ.py:977: SGLANG_EXPERIMENTAL_LORA_OPTI = EnvBool(False) | python/sglang/srt/lora/lora_manager.py:143-144: the trtllm_lora_temp backend is imported only under that switch,,,,False,scanner,sglang-c00285,python/sglang/kernels/ops/gemm/trtllm_lora_temp/sgemm_lora_a.py:205-216,True,,"Default-path class A for decode-sized LoRA batches. The dtype is the output buffer's (fp32 accumulator returned when split_k > 1, sgemm_lora_a.py:270-271). dtype follows the output pointer's element type. The trtllm_lora_temp backend is imported only when SGLANG_EXPERIMENTAL_LORA_OPTI=1 (python/sglang/srt/lora/lora_manager.py:143-144, layers.py:1323-1324), which defaults to False (python/sglang/srt/environ.py:977), so a stock LoRA deployment does not reach it.",0bcd822377da7b5718e674eaf9c870d349424dd1
sglang-0022,sglang,A3,tl.atomic_add,unknown,global,python/sglang/kernels/ops/gemm/trtllm_lora_temp/sgemm_lora_b.py,161,168,_sgemm_lora_b_kernel,False,forward,both,dense,any,,any,ATOMIC_ADD constexpr,True (sgemm_lora_b.py:72),medium,"LoRA B (expand-add) kernels: the LoRA delta is added onto the base output either with tl.atomic_add or, on the shared-sink schedule, with a plain read-add-write.","python/sglang/kernels/ops/gemm/trtllm_lora_temp/sgemm_lora_b.py:164-165: if ATOMIC_ADD: tl.atomic_add(output_ptr, partial_sum, mask=output_mask, sem='relaxed'), else a read-add-write store | python/sglang/srt/lora/lora_manager.py:143-144: the trtllm_lora_temp backend is imported only under that switch | python/sglang/kernels/ops/gemm/trtllm_lora_temp/sgemm_lora_b.py:72: ATOMIC_ADD: tl.constexpr = True is the kernel's default | python/sglang/kernels/ops/gemm/trtllm_lora_temp/sgemm_lora_b.py:222-247: sgemm_lora_b_fwd launches the kernel without ATOMIC_ADD, so the atomic branch runs | python/sglang/kernels/ops/gemm/trtllm_lora_temp/sgemm_lora_b.py:309: shared_sink_sgemm_lora_b_fwd passes ATOMIC_ADD=False and takes the store branch",,,,False,scanner,sglang-c00286,,False,,"The ordinary expand launcher takes the atomic branch; only the shared-sink schedule stores. The trtllm_lora_temp backend is imported only when SGLANG_EXPERIMENTAL_LORA_OPTI=1 (python/sglang/srt/lora/lora_manager.py:143-144, layers.py:1323-1324), which defaults to False (python/sglang/srt/environ.py:977), so a stock LoRA deployment does not reach it.",0bcd822377da7b5718e674eaf9c870d349424dd1
sglang-0023,sglang,A3,tl.atomic_add,unknown,global,python/sglang/kernels/ops/gemm/trtllm_lora_temp/qkv_lora_b.py,159,166,_qkv_lora_b_kernel,False,forward,both,dense,any,,any,STORE_WRITEBACK constexpr,"STORE_WRITEBACK follows SGLANG_OPT_LORA_QKV_B_STORE (qkv_lora_b.py:265), a gated flag whose default is True once SGLANG_EXPERIMENTAL_LORA_OPTI is on (trtllm_lora_temp/environ.py:70), so the store branch is taken and the atomic is not",low,"LoRA B (expand-add) kernels: the LoRA delta is added onto the base output either with a plain read-add-write (STORE_WRITEBACK, one program per element) or with tl.atomic_add.","python/sglang/kernels/ops/gemm/trtllm_lora_temp/qkv_lora_b.py:165: tl.atomic_add(output_ptr, partial_sum, mask=output_mask, sem='relaxed') | python/sglang/srt/lora/lora_manager.py:143-144: the trtllm_lora_temp backend is imported only under that switch | python/sglang/kernels/ops/gemm/trtllm_lora_temp/qkv_lora_b.py:265: store_writeback = lora_envs.SGLANG_OPT_LORA_QKV_B_STORE.get(), passed as STORE_WRITEBACK at 292",,,,False,scanner,sglang-c00284,,False,,"The atomic branch runs only when SGLANG_OPT_LORA_QKV_B_STORE is turned off. The trtllm_lora_temp backend is imported only when SGLANG_EXPERIMENTAL_LORA_OPTI=1 (python/sglang/srt/lora/lora_manager.py:143-144, layers.py:1323-1324), which defaults to False (python/sglang/srt/environ.py:977), so a stock LoRA deployment does not reach it.",0bcd822377da7b5718e674eaf9c870d349424dd1
sglang-0024,sglang,A3,tl.atomic_add,unknown,global,python/sglang/kernels/ops/gemm/trtllm_lora_temp/kv_b_lora_absorbed.py,446,453,_step_b_q_kernel,False,forward,both,dense,any,,any,SGLANG_EXPERIMENTAL_LORA_OPTI,False (python/sglang/srt/environ.py:977),low,LoRA B (expand-add) for the absorbed KV path: the LoRA delta is added onto the base tensor with an unconditional tl.atomic_add.,"python/sglang/kernels/ops/gemm/trtllm_lora_temp/kv_b_lora_absorbed.py:452: tl.atomic_add(output_ptr, partial_sum, mask=output_mask, sem='relaxed') | python/sglang/srt/lora/lora_manager.py:143-144: the trtllm_lora_temp backend is imported only under that switch",,,,False,scanner,sglang-c00282,,False,,"The atomic is unconditional in this kernel, so contention depends only on whether two programs cover the same (row, head, column). The trtllm_lora_temp backend is imported only when SGLANG_EXPERIMENTAL_LORA_OPTI=1 (python/sglang/srt/lora/lora_manager.py:143-144, layers.py:1323-1324), which defaults to False (python/sglang/srt/environ.py:977), so a stock LoRA deployment does not reach it.",0bcd822377da7b5718e674eaf9c870d349424dd1
sglang-0025,sglang,A3,tl.atomic_add,unknown,global,python/sglang/kernels/ops/gemm/trtllm_lora_temp/kv_b_lora_absorbed.py,885,892,_step_b_v_kernel,False,forward,both,dense,any,,any,SGLANG_EXPERIMENTAL_LORA_OPTI,False (python/sglang/srt/environ.py:977),low,LoRA B (expand-add) for the absorbed KV path: the LoRA delta is added onto the base tensor with an unconditional tl.atomic_add.,"python/sglang/kernels/ops/gemm/trtllm_lora_temp/kv_b_lora_absorbed.py:891: tl.atomic_add(output_ptr, partial_sum, mask=output_mask, sem='relaxed') | python/sglang/srt/lora/lora_manager.py:143-144: the trtllm_lora_temp backend is imported only under that switch",,,,False,scanner,sglang-c00283,,False,,"The atomic is unconditional in this kernel, so contention depends only on whether two programs cover the same (row, head, column). The trtllm_lora_temp backend is imported only when SGLANG_EXPERIMENTAL_LORA_OPTI=1 (python/sglang/srt/lora/lora_manager.py:143-144, layers.py:1323-1324), which defaults to False (python/sglang/srt/environ.py:977), so a stock LoRA deployment does not reach it.",0bcd822377da7b5718e674eaf9c870d349424dd1
sglang-0026,sglang,A,tl.atomic_add,unknown,global,python/sglang/srt/lora/trtllm_lora_temp/specialized_expand.py,128,134,_moe_lora_expand_add_kernel,False,forward,both,moe,any,,any,FUSE_SUM_ALL_REDUCE constexpr,"True: every caller passes fuse_sum_all_reduce=True (lora_dispatch.py:237, 451, 610; moe_overlap.py:287, 542, 781), forwarded at specialized_expand.py:232",low,MoE LoRA expand-add: tl.atomic_add of the accumulator cast to the output dtype.,"python/sglang/srt/lora/trtllm_lora_temp/specialized_expand.py:133: tl.atomic_add(c_ptrs, accumulator.to(c_ptr.dtype.element_ty), mask=c_mask) | python/sglang/srt/lora/lora_manager.py:143-144: the trtllm_lora_temp backend is imported only under that switch | python/sglang/srt/lora/trtllm_lora_temp/specialized_expand.py:232: FUSE_SUM_ALL_REDUCE=fuse_sum_all_reduce is forwarded to the kernel",,,,False,scanner,sglang-c00660,,False,,"Contention not established. dtype follows the output pointer's element type. The trtllm_lora_temp backend is imported only when SGLANG_EXPERIMENTAL_LORA_OPTI=1 (python/sglang/srt/lora/lora_manager.py:143-144, layers.py:1323-1324), which defaults to False (python/sglang/srt/environ.py:977), so a stock LoRA deployment does not reach it.",0bcd822377da7b5718e674eaf9c870d349424dd1
sglang-0027,sglang,B,tl.atomic_add,int32,global,python/sglang/kernels/ops/moe/deepep_waterfill_kernels.py,80,85,_count_routed_per_rank_kernel,True,forward,both,moe,any,,any,,,high,Integer per-rank routed-token counts.,"python/sglang/kernels/ops/moe/deepep_waterfill_kernels.py:83: atomic on an integer counter, a bitmask, or a float max",,,,False,scanner,sglang-c00290,,False,,Exact.,0bcd822377da7b5718e674eaf9c870d349424dd1
sglang-0028,sglang,B-indirect,tl.atomic_add,int32,global,python/sglang/kernels/ops/moe/ep_moe_kernels.py,1119,1123,_fwd_kernel_ep_scatter_2,True,forward,both,moe,any,,any,,,high,"Ticket assigning tokens to expert ranges for DeepGEMM, taken only for experts local to this rank (B-indirect, row-independent consumer).","python/sglang/kernels/ops/moe/ep_moe_kernels.py:1120-1122: dest_token_index_int32 = tl.atomic_add(expert_start_loc + expert_id, 1): integer ticket that places the token in its expert's range",True,,,False,scanner,sglang-c00292,,False,,"Exact. Since the July pin the kernel subtracts expert_start and guards the ticket with a validity test (ep_moe_kernels.py:1111-1119), and non-local lanes are pre-set to -1 (ep_moe_kernels.py:1118); the ticket itself is unchanged.",0bcd822377da7b5718e674eaf9c870d349424dd1
sglang-0029,sglang,B,tl.atomic_max,float32,global,python/sglang/kernels/ops/quantization/fp8_kernel.py,1659,1664,_per_tensor_quant_mla_fp8_stag,True,forward,both,n/a,any,,any,,,high,Per-tensor FP8 scale via tl.atomic_max (exact).,"python/sglang/kernels/ops/quantization/fp8_kernel.py:1662: atomic on an integer counter, a bitmask, or a float max",,,,False,scanner,sglang-c00304,,False,,Exact.,0bcd822377da7b5718e674eaf9c870d349424dd1
sglang-0030,sglang,B,tl.atomic_or,int32,global,python/sglang/kernels/ops/grammar/token_filter_ops.py,100,105,set_token_filter_batch_kernel,True,forward,both,n/a,any,,any,,,high,Vocabulary mask bit set/clear with tl.atomic_or / tl.atomic_and (exact).,"python/sglang/kernels/ops/grammar/token_filter_ops.py:103: atomic on an integer counter, a bitmask, or a float max",,,,False,scanner,sglang-c00287;sglang-c00288,,False,,Exact.,0bcd822377da7b5718e674eaf9c870d349424dd1
sglang-0031,sglang,A,torch-op,float32,global,python/sglang/srt/layers/sampler.py,610,614,top_k_top_p_min_p_sampling_from_probs_torch,False,forward,decode,dense,any,,any,torch.use_deterministic_algorithms,False,low,"PyTorch sampling backend (also lines 693 and 789): float cumsum over sorted probabilities for top-p. Reached with --sampling-backend pytorch, which --enable-deterministic-inference forces (arg_groups/overrides.py:1031-1037), or with per-request sampling seeds.","python/sglang/srt/layers/sampler.py:612: probs_sum = torch.cumsum(probs_sort, dim=-1) | python/sglang/srt/layers/sampler.py:693: second copy | python/sglang/srt/layers/sampler.py:789: third copy",,,,False,scanner,sglang-c00640,python/sglang/srt/arg_groups/overrides.py:1031-1037,False,cumsum_float_default: identical/identical (NVIDIA-B200-580.167.08-torch2.13.0+cu130; relation=operator_example; evaluations=8; kernel_identity_verified=False) | cumsum_float_default: identical/identical (NVIDIA-H100-80GB-HBM3-580.126.09-torch2.13.0+cu130; relation=operator_example; evaluations=12; kernel_identity_verified=False) | cumsum_float_default: identical/identical (NVIDIA-H100-80GB-HBM3-580.126.09-torch2.13.0+cu130; relation=operator_example; evaluations=8; kernel_identity_verified=False) | cumsum_float_default: identical/identical (NVIDIA-RTX-PRO-6000-Blackwell-Server-Edition-595.91.07-torch2.14.0+cu130; relation=operator_example; evaluations=8; kernel_identity_verified=False),PyTorch lists CUDA float cumsum as non-deterministic unless deterministic algorithms are enabled; SGLang's deterministic mode routes sampling here without setting that flag. Needs the runtime probe.,0bcd822377da7b5718e674eaf9c870d349424dd1
sglang-0032,sglang,A1,torch-op,float32,global,python/sglang/srt/sampling/penaltylib/frequency_penalty.py,34,40,_cumulate_output_tokens,True,forward,decode,dense,any,,any,,,high,"Frequency penalty accumulation: scatter_add_ with one index per row (the request's newly sampled token), so each destination has a single writer per step.","python/sglang/srt/sampling/penaltylib/frequency_penalty.py:36-40: scatter_add_(dim=1, index=output_ids.unsqueeze(1), src=self.frequency_penalties)",,,,False,scanner,sglang-c00741,,False,,A1: index has one element per row.,0bcd822377da7b5718e674eaf9c870d349424dd1
sglang-0033,sglang,A1,torch-op,float32,global,python/sglang/srt/sampling/penaltylib/min_new_tokens.py,55,62,_prepare (stop-token penalties),True,forward,decode,dense,any,,any,,,high,scatter_add_ of -inf at padded stop-token ids.,"python/sglang/srt/sampling/penaltylib/min_new_tokens.py:55-61: scatter_add_(dim=1, index=padded_stop_token_ids, src=full(-inf))",,,,False,manual,,,False,,"Adding -inf any number of times gives -inf, so duplicates cannot change the value.",0bcd822377da7b5718e674eaf9c870d349424dd1
sglang-0034,sglang,A,torch-op,float32,global,python/sglang/srt/dllm/algorithm/joint_threshold.py,265,269,_step_per_row,False,forward,decode,dense,any,,any,torch.use_deterministic_algorithms,False,medium,"Diffusion LLM decoding: scatter_(..., reduce='add') of a penalty at previous token ids (duplicates possible within a row).","python/sglang/srt/dllm/algorithm/joint_threshold.py:267-268: curr_logits[1:, :].scatter_(1, prev_ids.unsqueeze(-1), -self.penalty_lambda, reduce='add')",,,,False,scanner,sglang-c00430,,False,,Model-family specific (dLLM).,0bcd822377da7b5718e674eaf9c870d349424dd1
sglang-0035,sglang,A,torch-op,float32,global,python/sglang/srt/models/gemma3n_audio.py,89,92,Gemma3n audio cumulative statistics,True,forward,prefill,dense,any,,any,torch.use_deterministic_algorithms,False,low,Audio encoder: float cumsum over time of per-step sums (also line 115).,"python/sglang/srt/models/gemma3n_audio.py:91: cum_sum_values = torch.cumsum(sum_values_at_t, dim=1)",,,Gemma3n audio encoder,False,scanner,sglang-c00704,python/sglang/srt/models/gemma3n_audio.py:56,True,cumsum_float_default: identical/identical (NVIDIA-B200-580.167.08-torch2.13.0+cu130; relation=operator_example; evaluations=8; kernel_identity_verified=False) | cumsum_float_default: identical/identical (NVIDIA-H100-80GB-HBM3-580.126.09-torch2.13.0+cu130; relation=operator_example; evaluations=12; kernel_identity_verified=False) | cumsum_float_default: identical/identical (NVIDIA-H100-80GB-HBM3-580.126.09-torch2.13.0+cu130; relation=operator_example; evaluations=8; kernel_identity_verified=False) | cumsum_float_default: identical/identical (NVIDIA-RTX-PRO-6000-Blackwell-Server-Edition-595.91.07-torch2.14.0+cu130; relation=operator_example; evaluations=8; kernel_identity_verified=False),Same PyTorch caveat as the sampler cumsum; model specific.,0bcd822377da7b5718e674eaf9c870d349424dd1
sglang-0036,sglang,B,torch-op,int64,global,python/sglang/srt/eplb/expert_distribution.py,551,554,on_select_experts,True,forward,both,n/a,any,,any,,,high,EPLB per-expert counts (int).,"python/sglang/srt/eplb/expert_distribution.py:552: self._data[layer_idx, :].scatter_add_(",,,,False,scanner,sglang-c00437,,False,,Integer-valued or scalar store; exact.,0bcd822377da7b5718e674eaf9c870d349424dd1
sglang-0037,sglang,B,torch-op,int64,global,python/sglang/srt/eplb/expert_distribution.py,630,633,_convert_per_token_to_global_physical_count,True,forward,both,n/a,any,,any,,,high,EPLB per-token to global count conversion (int).,"python/sglang/srt/eplb/expert_distribution.py:631: ans.scatter_add_(dim=1, index=index, src=src)",,,,False,scanner,sglang-c00438,,False,,Integer-valued or scalar store; exact.,0bcd822377da7b5718e674eaf9c870d349424dd1
sglang-0038,sglang,B,torch-op,int64,global,python/sglang/srt/eplb/expert_distribution.py,1050,1053,_convert_global_physical_count_to_logical_count,True,forward,both,n/a,any,,any,,,high,EPLB logical counts (int).,python/sglang/srt/eplb/expert_distribution.py:1051: logical_count.scatter_add_(,,,,False,scanner,sglang-c00440,,False,,Integer-valued or scalar store; exact.,0bcd822377da7b5718e674eaf9c870d349424dd1
sglang-0039,sglang,B,torch-op,int64,global,python/sglang/srt/eplb/lplb_solver.py,234,237,solve,True,forward,both,n/a,any,,any,,,high,LPLB solver local counts (int).,python/sglang/srt/eplb/lplb_solver.py:235: local_counts.scatter_add_(,,,,False,scanner,sglang-c00442,,False,,Integer-valued or scalar store; exact.,0bcd822377da7b5718e674eaf9c870d349424dd1
sglang-0041,sglang,B,torch-op,int64,global,python/sglang/srt/constrained/outlines_backend.py,70,73,fill_vocab_mask,True,forward,both,n/a,any,,any,,,medium,Outlines vocab mask: scatter_ of a scalar False.,"python/sglang/srt/constrained/outlines_backend.py:71: vocab_mask.scatter_(0, tokens, torch.zeros_like(tokens, dtype=torch.bool))",,,,False,scanner,sglang-c00398,,False,,Integer-valued or scalar store; exact.,0bcd822377da7b5718e674eaf9c870d349424dd1
sglang-0042,sglang,A1,torch-op,int64,global,python/sglang/srt/eplb/eplb_algorithms/deepseek.py,116,119,inverse,True,forward,both,n/a,any,,any,,,medium,EPLB algorithm: inverse permutation (unique indices).,python/sglang/srt/eplb/eplb_algorithms/deepseek.py:117: inv.scatter_(,,,,False,scanner,sglang-c00431,,False,,Unique indices; A1.,0bcd822377da7b5718e674eaf9c870d349424dd1
sglang-0043,sglang,A1,torch-op,int64,global,python/sglang/srt/eplb/eplb_algorithms/deepseek.py,213,216,rebalance_experts,True,forward,both,n/a,any,,any,,,medium,EPLB log2phy table (unique).,"python/sglang/srt/eplb/eplb_algorithms/deepseek.py:214: log2phy.view(num_layers, -1).scatter_(",,,,False,scanner,sglang-c00432,,False,,Unique indices; A1.,0bcd822377da7b5718e674eaf9c870d349424dd1
sglang-0044,sglang,A1,torch-op,int64,global,python/sglang/srt/eplb/eplb_algorithms/deepseek_vec.py,105,108,make_redundant_experts_chunkwise,True,forward,both,n/a,any,,any,,,medium,EPLB score scatter through indices from a top-k (unique per row).,"python/sglang/srt/eplb/eplb_algorithms/deepseek_vec.py:106: score.scatter_(-1, indices, score1.gather(-1, indices))",,,,False,scanner,sglang-c00433,,False,,Unique indices; A1.,0bcd822377da7b5718e674eaf9c870d349424dd1
sglang-0045,sglang,A1,torch-op,int64,global,python/sglang/srt/eplb/eplb_algorithms/deepseek_vec.py,106,109,make_redundant_experts_chunkwise,True,forward,both,n/a,any,,any,,,medium,EPLB values scatter (unique per row).,"python/sglang/srt/eplb/eplb_algorithms/deepseek_vec.py:107: values.scatter_(-1, indices, score.max(-1, keepdim=True).values)",,,,False,scanner,sglang-c00434,,False,,Unique indices; A1.,0bcd822377da7b5718e674eaf9c870d349424dd1
sglang-0046,sglang,A1,torch-op,int64,global,python/sglang/srt/eplb/eplb_algorithms/deepseek_vec.py,226,229,prefill_rebalance_experts,True,forward,both,n/a,any,,any,,,medium,EPLB mlog2log (unique).,"python/sglang/srt/eplb/eplb_algorithms/deepseek_vec.py:227: mlog2log.scatter_(1, log2mlog, arange.expand(log2mlog.size(0), -1))",,,,False,scanner,sglang-c00435,,False,,Unique indices; A1.,0bcd822377da7b5718e674eaf9c870d349424dd1
sglang-0047,sglang,A1,torch-op,int64,global,python/sglang/srt/eplb/eplb_algorithms/elasticity_aware.py,63,66,rebalance_experts,True,forward,both,n/a,any,,any,,,medium,EPLB log2phy (unique).,"python/sglang/srt/eplb/eplb_algorithms/elasticity_aware.py:64: log2phy.view(num_layers, -1).scatter_(",,,,False,scanner,sglang-c00436,,False,,Unique indices; A1.,0bcd822377da7b5718e674eaf9c870d349424dd1
sglang-0048,sglang,A1,torch-op,unknown,global,python/sglang/srt/layers/attention/flashattention_backend.py,3491,3494,draft_decode_set_expand_metadata,True,forward,both,n/a,any,,any,,,medium,FlashAttention page table update: scatter_ at distinct cache positions.,"python/sglang/srt/layers/attention/flashattention_backend.py:3492: page_table[:num_seqs, :].scatter_(1, positions, cache_loc)",,,,False,scanner,sglang-c00521,,False,,"Store with accumulate=False; indices unique, A1.",0bcd822377da7b5718e674eaf9c870d349424dd1
sglang-0050,sglang,A1,torch-op,unknown,global,python/sglang/srt/layers/attention/linear/kernels/gdn_flashinfer.py,563,566,extend,True,forward,both,n/a,any,,any,,,medium,GDN FlashInfer: index_copy_ at distinct cache indices.,python/sglang/srt/layers/attention/linear/kernels/gdn_flashinfer.py:564: ssm_states.index_copy_(,,,,False,scanner,sglang-c00543,,False,,"Store with accumulate=False; indices unique, A1.",0bcd822377da7b5718e674eaf9c870d349424dd1
sglang-0052,sglang,A1,torch-op,unknown,global,python/sglang/srt/layers/sampler.py,791,794,top_p_normalize_probs_torch,True,forward,both,n/a,any,,any,,,medium,Sampler: scatter_ through the sort permutation (unique).,"python/sglang/srt/layers/sampler.py:792: return torch.zeros_like(probs_sort).scatter_(-1, probs_idx, probs_sort)",,,,False,scanner,sglang-c00643,,False,,"Store with accumulate=False; indices unique, A1.",0bcd822377da7b5718e674eaf9c870d349424dd1
sglang-0053,sglang,A1,torch-op,unknown,global,python/sglang/srt/lora/backend/base_backend.py,442,445,_compute_moe_lora_info,True,forward,both,n/a,any,,any,,,medium,LoRA: adapter_enabled scatter_ at weight indices (unique after unique_consecutive).,python/sglang/srt/lora/backend/base_backend.py:443: adapter_enabled.scatter_(,,,,False,scanner,sglang-c00647,,False,,"Store with accumulate=False; indices unique, A1.",0bcd822377da7b5718e674eaf9c870d349424dd1
sglang-0054,sglang,A1,torch-op,unknown,global,python/sglang/kernels/ops/moe/virtual_experts.py,456,459,_align_block_size_torch,False,forward,both,n/a,any,,any,,,medium,Virtual experts: sorted_token_ids scatter_ at output positions from a prefix sum (unique).,python/sglang/kernels/ops/moe/virtual_experts.py:457: sorted_token_ids.scatter_( | python/sglang/srt/lora/lora_moe_runners.py:349-350: called only if lora_info.lora_use_virtual_experts,,,,False,scanner,sglang-c00302,,False,,"Store with accumulate=False; indices unique, A1. Opt-in: --lora-use-virtual-experts defaults to False (server_args.py:3031-3035).",0bcd822377da7b5718e674eaf9c870d349424dd1
sglang-0055,sglang,A1,torch-op,unknown,global,python/sglang/kernels/ops/moe/trtllm_lora_temp/virtual_experts.py,551,554,_align_block_size_torch,False,forward,both,n/a,any,,any,,,medium,Virtual experts (trtllm copy): same as above.,python/sglang/kernels/ops/moe/trtllm_lora_temp/virtual_experts.py:552: sorted_token_ids.scatter_( | python/sglang/srt/lora/lora_moe_runners.py:349-350: called only if lora_info.lora_use_virtual_experts,,,,False,scanner,sglang-c00298,,False,,"Store with accumulate=False; indices unique, A1. Opt-in: --lora-use-virtual-experts defaults to False (server_args.py:3031-3035).",0bcd822377da7b5718e674eaf9c870d349424dd1
sglang-0056,sglang,A1,torch-op,unknown,global,python/sglang/srt/models/gemma4_mtp.py,324,327,_apply_centroid_masking,True,forward,both,n/a,any,,any,,,medium,Gemma4 MTP: scatter_ of draft logits at centroid vocabulary indices; uniqueness not read.,"python/sglang/srt/models/gemma4_mtp.py:325: scatter_ of float logits with accumulate=False into the full-vocab buffer | python/sglang/srt/models/gemma4_mtp.py:313-317: indices are token_ordering viewed as (num_centroids, vocab_size_per_centroid) indexed by distinct top-k centroid ids, so each row's positions are distinct if token_ordering is a permutation",,,,False,scanner,sglang-c00707,,True,,"Store, not an accumulation. Same construction as vLLM's gemma4_mtp (vllm-0072): distinct top-k centroids indexed into the token_ordering buffer. Classed A1 on the reading that token_ordering is a permutation of the vocabulary, which is a checkpoint invariant not verified here.",0bcd822377da7b5718e674eaf9c870d349424dd1
sglang-0057,sglang,A1,torch-op,unknown,global,python/sglang/srt/models/minicpmv.py,783,786,get_embedding,True,forward,both,n/a,any,,any,,,medium,MiniCPM-V: scatter_ of vision embeddings at image token positions (distinct).,python/sglang/srt/models/minicpmv.py:784: vlm_embedding.scatter_(,,,,False,scanner,sglang-c00720,,False,,"Store with accumulate=False; indices unique, A1.",0bcd822377da7b5718e674eaf9c870d349424dd1
sglang-0058,sglang,A1,torch-op,unknown,global,python/sglang/srt/models/phimoe.py,125,128,sparsemixer,True,forward,both,n/a,any,,any,,,medium,PhiMoE: torch.scatter at selected experts (distinct per row).,python/sglang/srt/models/phimoe.py:126: masked_scores = torch.scatter(,,,,False,scanner,sglang-c00726,,False,,"Store with accumulate=False; indices unique, A1.",0bcd822377da7b5718e674eaf9c870d349424dd1
sglang-0059,sglang,A1,torch-op,unknown,global,python/sglang/srt/models/zaya.py,286,289,cca_decode,True,forward,both,n/a,any,,any,,,medium,Zaya: index_copy_ of conv state at distinct mamba indices.,"python/sglang/srt/models/zaya.py:287: conv_state.index_copy_(0, mamba_indices, new_state.to(conv_state.dtype))",,,,False,scanner,sglang-c00736,,False,,"Store with accumulate=False; indices unique, A1.",0bcd822377da7b5718e674eaf9c870d349424dd1
sglang-0060,sglang,A1,torch-op,unknown,global,python/sglang/srt/models/zaya.py,291,294,cca_decode,True,forward,both,n/a,any,,any,,,medium,Zaya: index_copy_ of hidden state at distinct indices.,python/sglang/srt/models/zaya.py:292: prev_hs_state.index_copy_(,,,,False,scanner,sglang-c00737,,False,,"Store with accumulate=False; indices unique, A1.",0bcd822377da7b5718e674eaf9c870d349424dd1
sglang-0061,sglang,A1,torch-op,unknown,global,python/sglang/srt/sampling/penaltylib/presence_penalty.py,35,38,_cumulate_output_tokens,True,forward,both,n/a,any,,any,,,medium,Presence penalty: scatter_ with one index per row.,python/sglang/srt/sampling/penaltylib/presence_penalty.py:36: self.cumulated_presence_penalties.scatter_(,,,,False,scanner,sglang-c00743,,False,,"Store with accumulate=False; indices unique, A1.",0bcd822377da7b5718e674eaf9c870d349424dd1
sglang-0062,sglang,A1,torch-op,unknown,global,python/sglang/srt/sampling/penaltylib/repetition_penalty.py,48,51,_cumulate_output_tokens,True,forward,both,n/a,any,,any,,,medium,Repetition penalty: scatter_ with one index per row.,python/sglang/srt/sampling/penaltylib/repetition_penalty.py:49: self.cumulated_repetition_penalties.scatter_(,,,,False,scanner,sglang-c00744,,False,,"Store with accumulate=False; indices unique, A1.",0bcd822377da7b5718e674eaf9c870d349424dd1
sglang-0063,sglang,A1,torch-op,unknown,global,python/sglang/srt/speculative/dflash_utils.py,1055,1058,build_dflash_verify_target_probs,True,forward,both,n/a,any,,any,,,medium,DFlash: scatter_ of top-k probabilities at top-k indices (distinct per row).,"python/sglang/srt/speculative/dflash_utils.py:1056: target_probs.scatter_(1, topk_indices, topk_probs)",,,,False,scanner,sglang-c00748,,False,,"Store with accumulate=False; indices unique, A1.",0bcd822377da7b5718e674eaf9c870d349424dd1
sglang-0064,sglang,A1,torch-op,unknown,global,python/sglang/srt/speculative/dflash_worker_v2.py,175,179,_commit_accept,True,forward,both,n/a,any,,any,,,medium,DFlash: scatter_ of the bonus token at accept_len (one per row).,"python/sglang/srt/speculative/dflash_worker_v2.py:178: out_tokens.scatter_(1, accept_len.to(torch.int64)[:, None], bonus_tokens[:, None])",,,,False,scanner,sglang-c00749,,False,,"Store with accumulate=False; indices unique, A1. Since the July pin the three copies of this scatter in forward_batch_generation have been folded into the _commit_accept helper, which is the only site left (sglang-0065 and sglang-0066 are gone).",0bcd822377da7b5718e674eaf9c870d349424dd1
sglang-0067,sglang,B,torch-op,int64,global,python/sglang/srt/hardware_backend/npu/allocator_npu.py,123,126,alloc_decode,True,forward,both,n/a,any,,any,,,high,"Integer prefix sum of lengths, counts or offsets.","python/sglang/srt/hardware_backend/npu/allocator_npu.py:124: end_new_pages = torch.cumsum(need_new_pages, 0)",,,,False,scanner,sglang-c00444,,False,,Integer cumsum is exact.,0bcd822377da7b5718e674eaf9c870d349424dd1
sglang-0069,sglang,B,torch-op,int64,global,python/sglang/srt/hardware_backend/npu/attention/ascend_backend.py,670,673,_init_cuda_graph_metadata,True,forward,both,n/a,any,,any,,,high,"Integer prefix sum of lengths, counts or offsets.","python/sglang/srt/hardware_backend/npu/attention/ascend_backend.py:671: torch.cumsum(extend_seq_lens_cpu_int, dim=0).int().tolist()",,,,False,scanner,sglang-c00446,,False,,Integer cumsum is exact.,0bcd822377da7b5718e674eaf9c870d349424dd1
sglang-0072,sglang,B,torch-op,int64,global,python/sglang/srt/hardware_backend/npu/attention/ascend_backend.py,1097,1100,forward_sparse,True,forward,both,n/a,any,,any,,,high,"Integer prefix sum of lengths, counts or offsets.","python/sglang/srt/hardware_backend/npu/attention/ascend_backend.py:1098: actual_seq_qlen = torch.cumsum(forward_batch.extend_seq_lens, dim=0)",,,,False,scanner,sglang-c00449,,False,,Integer cumsum is exact.,0bcd822377da7b5718e674eaf9c870d349424dd1
sglang-0073,sglang,B,torch-op,int64,global,python/sglang/srt/hardware_backend/npu/attention/ascend_backend.py,1514,1517,forward_extend,True,forward,both,n/a,any,,any,,,high,"Integer prefix sum of lengths, counts or offsets.","python/sglang/srt/hardware_backend/npu/attention/ascend_backend.py:1515: extend_seq_lens.cumsum(0).to(torch.int32),",,,,False,scanner,sglang-c00450,,False,,Integer cumsum is exact.,0bcd822377da7b5718e674eaf9c870d349424dd1
sglang-0074,sglang,B,torch-op,int64,global,python/sglang/srt/hardware_backend/npu/attention/ascend_backend.py,1951,1954,forward_dllm,True,forward,both,n/a,any,,any,,,high,"Integer prefix sum of lengths, counts or offsets.","python/sglang/srt/hardware_backend/npu/attention/ascend_backend.py:1952: torch.cumsum(self.forward_metadata.extend_seq_lens_cpu_int, dim=0)",,,,False,scanner,sglang-c00451,,False,,Integer cumsum is exact.,0bcd822377da7b5718e674eaf9c870d349424dd1
sglang-0076,sglang,B,torch-op,int64,global,python/sglang/srt/hardware_backend/npu/attention/ascend_backend.py,2309,2312,forward_decode_graph,True,forward,both,n/a,any,,any,,,high,"Integer prefix sum of lengths, counts or offsets.","python/sglang/srt/hardware_backend/npu/attention/ascend_backend.py:2310: torch.tensor([1] * len(seq_lens_list), dtype=torch.int32)",,,,False,scanner,sglang-c00453,,False,,Integer cumsum is exact.,0bcd822377da7b5718e674eaf9c870d349424dd1
sglang-0077,sglang,B,torch-op,int64,global,python/sglang/srt/hardware_backend/npu/attention/ascend_dsv4_backend.py,619,622,_forward_indexer,True,forward,both,n/a,any,,any,,,high,"Integer prefix sum of lengths, counts or offsets.",python/sglang/srt/hardware_backend/npu/attention/ascend_dsv4_backend.py:620: end_pos = forward_batch.seq_lens.cumsum(dim=0),,,,False,scanner,sglang-c00454,,False,,Integer cumsum is exact.,0bcd822377da7b5718e674eaf9c870d349424dd1
sglang-0078,sglang,B,torch-op,int64,global,python/sglang/srt/hardware_backend/npu/attention/ascend_dsv4_backend.py,1440,1443,init_forward_metadata,True,forward,both,n/a,any,,any,,,high,"Integer prefix sum of lengths, counts or offsets.","python/sglang/srt/hardware_backend/npu/attention/ascend_dsv4_backend.py:1441: actual_q = torch.cumsum(seq_lens_cpu, dim=0).int().to(device)",,,,False,scanner,sglang-c00455,,False,,Integer cumsum is exact.,0bcd822377da7b5718e674eaf9c870d349424dd1
sglang-0079,sglang,B,torch-op,int64,global,python/sglang/srt/hardware_backend/npu/attention/ascend_dsv4_backend.py,2011,2014,step_compress,True,forward,both,n/a,any,,any,,,high,"Integer prefix sum of lengths, counts or offsets.","python/sglang/srt/hardware_backend/npu/attention/ascend_dsv4_backend.py:2012: offsets = torch.cumsum(counts, dim=0) - counts",,,,False,scanner,sglang-c00457,,False,,Integer cumsum is exact.,0bcd822377da7b5718e674eaf9c870d349424dd1
sglang-0080,sglang,B,torch-op,int64,global,python/sglang/srt/kv_canary/req_to_expected_token_ids_manager.py,61,64,populate_req_to_expected_token_ids,True,forward,both,n/a,any,,any,,,high,"Integer prefix sum of lengths, counts or offsets.","python/sglang/srt/kv_canary/req_to_expected_token_ids_manager.py:62: offsets_cpu[1:] = torch.cumsum(req_all_ids_lens_cpu, dim=0)",,,,False,scanner,sglang-c00463,,False,,Integer cumsum is exact.,0bcd822377da7b5718e674eaf9c870d349424dd1
sglang-0081,sglang,B,torch-op,int64,global,python/sglang/srt/layers/attention/aiter_backend.py,1235,1238,init_forward_metadata,True,forward,both,n/a,any,,any,,,high,"Integer prefix sum of lengths, counts or offsets.","python/sglang/srt/layers/attention/aiter_backend.py:1236: kv_indptr[1 : bs + 1] = torch.cumsum(forward_batch.seq_lens, dim=0)",,,,False,scanner,sglang-c00465,,False,,Integer cumsum is exact.,0bcd822377da7b5718e674eaf9c870d349424dd1
sglang-0082,sglang,B,torch-op,int64,global,python/sglang/srt/layers/attention/aiter_backend.py,1303,1306,init_forward_metadata,True,forward,both,n/a,any,,any,,,high,"Integer prefix sum of lengths, counts or offsets.","python/sglang/srt/layers/attention/aiter_backend.py:1304: qo_indptr[1 : bs + 1] = torch.cumsum(self.kv_last_page_len[:bs], dim=0)",,,,False,scanner,sglang-c00466,,False,,Integer cumsum is exact.,0bcd822377da7b5718e674eaf9c870d349424dd1
sglang-0083,sglang,B,torch-op,int64,global,python/sglang/srt/layers/attention/aiter_backend.py,1363,1366,init_forward_metadata,True,forward,both,n/a,any,,any,,,high,"Integer prefix sum of lengths, counts or offsets.","python/sglang/srt/layers/attention/aiter_backend.py:1364: kv_indptr[1 : bs + 1] = torch.cumsum(forward_batch.seq_lens, dim=0)",,,,False,scanner,sglang-c00467,,False,,Integer cumsum is exact.,0bcd822377da7b5718e674eaf9c870d349424dd1
sglang-0084,sglang,B,torch-op,int64,global,python/sglang/srt/layers/attention/aiter_backend.py,1457,1460,init_forward_metadata,True,forward,both,n/a,any,,any,,,high,"Integer prefix sum of lengths, counts or offsets.","python/sglang/srt/layers/attention/aiter_backend.py:1458: kv_indptr[1 : bs + 1] = torch.cumsum(kv_lens, dim=0)",,,,False,scanner,sglang-c00468,,False,,Integer cumsum is exact.,0bcd822377da7b5718e674eaf9c870d349424dd1
sglang-0085,sglang,B,torch-op,int64,global,python/sglang/srt/layers/attention/aiter_backend.py,1553,1556,init_forward_metadata,True,forward,both,n/a,any,,any,,,high,"Integer prefix sum of lengths, counts or offsets.","python/sglang/srt/layers/attention/aiter_backend.py:1554: kv_indptr[1 : bs + 1] = torch.cumsum(forward_batch.seq_lens, dim=0)",,,,False,scanner,sglang-c00469,,False,,Integer cumsum is exact.,0bcd822377da7b5718e674eaf9c870d349424dd1
sglang-0086,sglang,B,torch-op,int64,global,python/sglang/srt/layers/attention/aiter_backend.py,1572,1575,init_forward_metadata,True,forward,both,n/a,any,,any,,,high,"Integer prefix sum of lengths, counts or offsets.","python/sglang/srt/layers/attention/aiter_backend.py:1573: mask_indptr[1 : bs + 1] = torch.cumsum(seq_mask_len[:bs], dim=0)",,,,False,scanner,sglang-c00470,,False,,Integer cumsum is exact.,0bcd822377da7b5718e674eaf9c870d349424dd1
sglang-0087,sglang,B,torch-op,int64,global,python/sglang/srt/layers/attention/aiter_backend.py,1862,1865,_apply_cuda_graph_metadata,True,forward,both,n/a,any,,any,,,high,"Integer prefix sum of lengths, counts or offsets.","python/sglang/srt/layers/attention/aiter_backend.py:1863: kv_indptr[1 : bs + 1] = torch.cumsum(seq_lens, dim=0)",,,,False,scanner,sglang-c00471,,False,,Integer cumsum is exact.,0bcd822377da7b5718e674eaf9c870d349424dd1
sglang-0088,sglang,B,torch-op,int64,global,python/sglang/srt/layers/attention/aiter_backend.py,1927,1930,_apply_cuda_graph_metadata,True,forward,both,n/a,any,,any,,,high,"Integer prefix sum of lengths, counts or offsets.",python/sglang/srt/layers/attention/aiter_backend.py:1928: qo_indptr[1 : bs + 1] = torch.cumsum(,,,,False,scanner,sglang-c00472,,False,,Integer cumsum is exact.,0bcd822377da7b5718e674eaf9c870d349424dd1
sglang-0089,sglang,B,torch-op,int64,global,python/sglang/srt/layers/attention/aiter_backend.py,1999,2002,_apply_cuda_graph_metadata,True,forward,both,n/a,any,,any,,,high,"Integer prefix sum of lengths, counts or offsets.","python/sglang/srt/layers/attention/aiter_backend.py:2000: kv_indptr[1 : bs + 1] = torch.cumsum(kv_lens, dim=0)",,,,False,scanner,sglang-c00473,,False,,Integer cumsum is exact.,0bcd822377da7b5718e674eaf9c870d349424dd1
sglang-0090,sglang,B,torch-op,int64,global,python/sglang/srt/layers/attention/aiter_backend.py,2112,2115,_apply_cuda_graph_metadata,True,forward,both,n/a,any,,any,,,high,"Integer prefix sum of lengths, counts or offsets.","python/sglang/srt/layers/attention/aiter_backend.py:2113: mask_indptr[1 : bs + 1] = torch.cumsum(seq_mask_len, dim=0)",,,,False,scanner,sglang-c00474,,False,,Integer cumsum is exact.,0bcd822377da7b5718e674eaf9c870d349424dd1
sglang-0091,sglang,B,torch-op,int64,global,python/sglang/srt/layers/attention/aiter_backend.py,2135,2138,_apply_cuda_graph_metadata,True,forward,both,n/a,any,,any,,,high,"Integer prefix sum of lengths, counts or offsets.","python/sglang/srt/layers/attention/aiter_backend.py:2136: qo_indptr[1 : bs + 1] = torch.cumsum(extend_lens, dim=0)",,,,False,scanner,sglang-c00475,,False,,Integer cumsum is exact.,0bcd822377da7b5718e674eaf9c870d349424dd1
sglang-0092,sglang,B,torch-op,int64,global,python/sglang/srt/layers/attention/aiter_backend.py,2137,2140,_apply_cuda_graph_metadata,True,forward,both,n/a,any,,any,,,high,"Integer prefix sum of lengths, counts or offsets.","python/sglang/srt/layers/attention/aiter_backend.py:2138: kv_indptr[1 : bs + 1] = torch.cumsum(seq_lens, dim=0)",,,,False,scanner,sglang-c00476,,False,,Integer cumsum is exact.,0bcd822377da7b5718e674eaf9c870d349424dd1
sglang-0093,sglang,B,torch-op,int64,global,python/sglang/srt/layers/attention/aiter_backend.py,3208,3211,update_single_wrapper,True,forward,both,n/a,any,,any,,,high,"Integer prefix sum of lengths, counts or offsets.","python/sglang/srt/layers/attention/aiter_backend.py:3209: kv_indptr[1 : bs + 1] = torch.cumsum(paged_kernel_lens, dim=0)",,,,False,scanner,sglang-c00477,,False,,Integer cumsum is exact.,0bcd822377da7b5718e674eaf9c870d349424dd1
sglang-0094,sglang,B,torch-op,int64,global,python/sglang/srt/layers/attention/aiter_backend.py,3237,3240,update_single_wrapper,True,forward,both,n/a,any,,any,,,high,"Integer prefix sum of lengths, counts or offsets.","python/sglang/srt/layers/attention/aiter_backend.py:3238: qo_indptr[1 : bs + 1] = torch.cumsum(extend_lens, dim=0)",,,,False,scanner,sglang-c00478,,False,,Integer cumsum is exact.,0bcd822377da7b5718e674eaf9c870d349424dd1
sglang-0095,sglang,B,torch-op,int64,global,python/sglang/srt/layers/attention/aiter_backend.py,3298,3301,update_single_wrapper,True,forward,both,n/a,any,,any,,,high,"Integer prefix sum of lengths, counts or offsets.","python/sglang/srt/layers/attention/aiter_backend.py:3299: kv_indptr[1 : bs + 1] = torch.cumsum(kv_lens, dim=0)",,,,False,scanner,sglang-c00479,,False,,Integer cumsum is exact.,0bcd822377da7b5718e674eaf9c870d349424dd1
sglang-0096,sglang,B,torch-op,int64,global,python/sglang/srt/layers/attention/aiter_backend.py,3316,3319,update_single_wrapper,True,forward,both,n/a,any,,any,,,high,"Integer prefix sum of lengths, counts or offsets.","python/sglang/srt/layers/attention/aiter_backend.py:3317: qo_indptr[1 : bs + 1] = torch.cumsum(extend_lens, dim=0)",,,,False,scanner,sglang-c00480,,False,,Integer cumsum is exact.,0bcd822377da7b5718e674eaf9c870d349424dd1
sglang-0097,sglang,B,torch-op,int64,global,python/sglang/srt/layers/attention/deepseek_v4_backend_hip_radix.py,1213,1216,_attach_unified_kv_prefill_meta,True,forward,both,n/a,any,,any,,,high,"Integer prefix sum of lengths, counts or offsets.","python/sglang/srt/layers/attention/deepseek_v4_backend_hip_radix.py:1214: cu_q_per_req = torch.cumsum(extend_seq_lens, dim=0) - extend_seq_lens",,,,False,scanner,sglang-c00481,,False,,Integer cumsum is exact.,0bcd822377da7b5718e674eaf9c870d349424dd1
sglang-0098,sglang,B,torch-op,int64,global,python/sglang/srt/layers/attention/dsa/dsa_backend_mtp_precompute.py,60,63,compute_cu_seqlens,True,forward,both,n/a,any,,any,,,high,"Integer prefix sum of lengths, counts or offsets.","python/sglang/srt/layers/attention/dsa/dsa_backend_mtp_precompute.py:61: torch.cumsum(seqlens, dim=0, dtype=torch.int32), (1, 0)",,,,False,scanner,sglang-c00483,,False,,Integer cumsum is exact.,0bcd822377da7b5718e674eaf9c870d349424dd1
sglang-0099,sglang,B,torch-op,int64,global,python/sglang/srt/layers/attention/dsa/dsa_npu_indexer.py,220,223,forward_npu,True,forward,both,n/a,any,,any,,,high,"Integer prefix sum of lengths, counts or offsets.",python/sglang/srt/layers/attention/dsa/dsa_npu_indexer.py:222: actual_seq_lengths_q = forward_batch.extend_seq_lens.cumsum(dim=0),,,,False,scanner,sglang-c00486,,False,,"Integer cumsum is exact. The NPU branch of the DSA indexer now lives in its own module, dsa_npu_indexer.py, rather than in dsa_indexer.py.",0bcd822377da7b5718e674eaf9c870d349424dd1
sglang-0100,sglang,B,torch-op,int64,global,python/sglang/kernels/ops/attention/dsa/index_buf_accessor.py,215,218,aiter,True,forward,both,n/a,any,,any,,,high,"Integer prefix sum of lengths, counts or offsets.","python/sglang/kernels/ops/attention/dsa/index_buf_accessor.py:216: torch.cumsum(seq_len_tensor.to(torch.int32), dim=0, out=cu_seq_lens[1:])",,,,False,scanner,sglang-c00254,,False,,Integer cumsum is exact.,0bcd822377da7b5718e674eaf9c870d349424dd1
sglang-0101,sglang,B,torch-op,int64,global,python/sglang/srt/layers/attention/dsa_backend.py,1479,1482,_apply_cuda_graph_metadata,True,forward,both,n/a,any,,any,,,high,"Integer prefix sum of lengths, counts or offsets.","python/sglang/srt/layers/attention/dsa_backend.py:1480: torch.cumsum(cache_seqlens, dim=0, dtype=torch.int32)",,,,False,scanner,sglang-c00487,,False,,Integer cumsum is exact.,0bcd822377da7b5718e674eaf9c870d349424dd1
sglang-0102,sglang,B,torch-op,int64,global,python/sglang/srt/layers/attention/dsa_backend.py,1543,1546,_apply_cuda_graph_metadata,True,forward,both,n/a,any,,any,,,high,"Integer prefix sum of lengths, counts or offsets.","python/sglang/srt/layers/attention/dsa_backend.py:1544: torch.cumsum(cache_seqlens, dim=0, dtype=torch.int32)",,,,False,scanner,sglang-c00488,,False,,Integer cumsum is exact.,0bcd822377da7b5718e674eaf9c870d349424dd1
sglang-0103,sglang,B,torch-op,int64,global,python/sglang/srt/layers/attention/dsa_backend.py,1625,1628,_apply_cuda_graph_metadata,True,forward,both,n/a,any,,any,,,high,"Integer prefix sum of lengths, counts or offsets.","python/sglang/srt/layers/attention/dsa_backend.py:1626: torch.cumsum(cache_seqlens, dim=0, dtype=torch.int32)",,,,False,scanner,sglang-c00489,,False,,Integer cumsum is exact.,0bcd822377da7b5718e674eaf9c870d349424dd1
sglang-0104,sglang,B,torch-op,int64,global,python/sglang/srt/layers/attention/dsa_backend.py,1684,1687,_apply_cuda_graph_metadata,True,forward,both,n/a,any,,any,,,high,"Integer prefix sum of lengths, counts or offsets.","python/sglang/srt/layers/attention/dsa_backend.py:1685: torch.cumsum(dsa_cache_seqlens, dim=0, dtype=torch.int32)",,,,False,scanner,sglang-c00490,,False,,Integer cumsum is exact.,0bcd822377da7b5718e674eaf9c870d349424dd1
sglang-0105,sglang,B,torch-op,int64,global,python/sglang/srt/layers/attention/dsa_backend.py,2981,2984,_forward_aiter,True,forward,both,n/a,any,,any,,,high,"Integer prefix sum of lengths, counts or offsets.","python/sglang/srt/layers/attention/dsa_backend.py:2982: kv_indptr[1 : bs + 1] = torch.cumsum(non_minus1_counts, dim=0)",,,,False,scanner,sglang-c00491,,False,,Integer cumsum is exact.,0bcd822377da7b5718e674eaf9c870d349424dd1
sglang-0106,sglang,B,torch-op,int64,global,python/sglang/srt/layers/attention/dsa_backend.py,3059,3062,_forward_aiter_extend,True,forward,both,n/a,any,,any,,,high,"Integer prefix sum of lengths, counts or offsets.","python/sglang/srt/layers/attention/dsa_backend.py:3060: kv_indptr[1:] = torch.cumsum(non_minus1_counts, dim=0)",,,,False,scanner,sglang-c00492,,False,,Integer cumsum is exact.,0bcd822377da7b5718e674eaf9c870d349424dd1
sglang-0107,sglang,B,torch-op,int64,global,python/sglang/srt/layers/attention/dsv4/sparse_prefill_utils.py,266,268,build_swa_token_ids,True,forward,both,n/a,any,,any,,,high,"Integer prefix sum of lengths, counts or offsets.","python/sglang/srt/layers/attention/dsv4/sparse_prefill_utils.py:267: swa_offsets[1:] = torch.cumsum(swa_gather_lens, dim=0).to(torch.int32)",,,,False,scanner,sglang-c00493,,False,,Integer cumsum is exact.,0bcd822377da7b5718e674eaf9c870d349424dd1
sglang-0108,sglang,B,torch-op,int64,global,python/sglang/srt/layers/attention/dsv4/sparse_prefill_utils.py,355,358,build,True,forward,both,n/a,any,,any,,,high,"Integer prefix sum of lengths, counts or offsets.","python/sglang/srt/layers/attention/dsv4/sparse_prefill_utils.py:356: query_start_loc[1:] = torch.cumsum(extend_seq_lens, dim=0).to(torch.int32)",,,,False,scanner,sglang-c00494,,False,,Integer cumsum is exact.,0bcd822377da7b5718e674eaf9c870d349424dd1
sglang-0109,sglang,B,torch-op,int64,global,python/sglang/kernels/ops/attention/dsv4/unified_kv_kernels/runtime.py,168,171,_lengths_to_indptr,True,forward,both,n/a,any,,any,,,high,"Integer prefix sum of lengths, counts or offsets.","python/sglang/kernels/ops/attention/dsv4/unified_kv_kernels/runtime.py:169: return F.pad(torch.cumsum(lengths, dim=0, dtype=torch.int32), (1, 0))",,,,False,scanner,sglang-c00256,,False,,Integer cumsum is exact.,0bcd822377da7b5718e674eaf9c870d349424dd1
sglang-0110,sglang,B,torch-op,int64,global,python/sglang/srt/layers/attention/dual_chunk_flashattention_backend.py,237,240,init_forward_metadata,True,forward,both,n/a,any,,any,,,high,"Integer prefix sum of lengths, counts or offsets.",python/sglang/srt/layers/attention/dual_chunk_flashattention_backend.py:238: metadata.query_start_loc[1:] = torch.cumsum(,,,,False,scanner,sglang-c00495,,False,,Integer cumsum is exact.,0bcd822377da7b5718e674eaf9c870d349424dd1
sglang-0111,sglang,B,torch-op,int64,global,python/sglang/srt/layers/attention/dual_chunk_flashattention_backend.py,241,244,init_forward_metadata,True,forward,both,n/a,any,,any,,,high,"Integer prefix sum of lengths, counts or offsets.",python/sglang/srt/layers/attention/dual_chunk_flashattention_backend.py:242: metadata.query_start_loc[1:] = torch.cumsum(,,,,False,scanner,sglang-c00496,,False,,Integer cumsum is exact.,0bcd822377da7b5718e674eaf9c870d349424dd1
sglang-0112,sglang,B,torch-op,int64,global,python/sglang/srt/layers/attention/dual_chunk_flashattention_backend.py,253,256,init_forward_metadata,True,forward,both,n/a,any,,any,,,high,"Integer prefix sum of lengths, counts or offsets.",python/sglang/srt/layers/attention/dual_chunk_flashattention_backend.py:254: metadata.seq_start_loc[1:] = torch.cumsum(,,,,False,scanner,sglang-c00497,,False,,Integer cumsum is exact.,0bcd822377da7b5718e674eaf9c870d349424dd1
sglang-0113,sglang,B,torch-op,int64,global,python/sglang/kernels/ops/attention/fla/index.py,25,28,prepare_chunk_indices,True,forward,both,n/a,any,,any,,,high,"Integer prefix sum of lengths, counts or offsets.","python/sglang/kernels/ops/attention/fla/index.py:26: return torch.stack([indices.eq(0).cumsum(0) - 1, indices], 1).to(cu_seqlens)",,,,False,scanner,sglang-c00258,,False,,Integer cumsum is exact.,0bcd822377da7b5718e674eaf9c870d349424dd1
sglang-0114,sglang,B,torch-op,int64,global,python/sglang/kernels/ops/attention/fla/index.py,32,35,prepare_chunk_offsets,True,forward,both,n/a,any,,any,,,high,"Integer prefix sum of lengths, counts or offsets.",python/sglang/kernels/ops/attention/fla/index.py:33: return torch.cat(,,,,False,scanner,sglang-c00259,,False,,Integer cumsum is exact.,0bcd822377da7b5718e674eaf9c870d349424dd1
sglang-0115,sglang,B,torch-op,int64,global,python/sglang/srt/layers/attention/flashattention_backend.py,736,739,init_forward_metadata,True,forward,both,n/a,any,,any,,,high,"Integer prefix sum of lengths, counts or offsets.",python/sglang/srt/layers/attention/flashattention_backend.py:737: torch.cumsum(,,,,False,scanner,sglang-c00500,,False,,Integer cumsum is exact.,0bcd822377da7b5718e674eaf9c870d349424dd1
sglang-0116,sglang,B,torch-op,int64,global,python/sglang/srt/layers/attention/flashattention_backend.py,753,756,init_forward_metadata,True,forward,both,n/a,any,,any,,,high,"Integer prefix sum of lengths, counts or offsets.","python/sglang/srt/layers/attention/flashattention_backend.py:754: torch.cumsum(seqlens_in_batch, dim=0, dtype=torch.int32), (1, 0)",,,,False,scanner,sglang-c00501,,False,,Integer cumsum is exact.,0bcd822377da7b5718e674eaf9c870d349424dd1
sglang-0117,sglang,B,torch-op,int64,global,python/sglang/srt/layers/attention/flashattention_backend.py,770,773,init_forward_metadata,True,forward,both,n/a,any,,any,,,high,"Integer prefix sum of lengths, counts or offsets.",python/sglang/srt/layers/attention/flashattention_backend.py:771: torch.cumsum(,,,,False,scanner,sglang-c00502,,False,,Integer cumsum is exact.,0bcd822377da7b5718e674eaf9c870d349424dd1
sglang-0118,sglang,B,torch-op,int64,global,python/sglang/srt/layers/attention/flashattention_backend.py,816,819,init_forward_metadata,True,forward,both,n/a,any,,any,,,high,"Integer prefix sum of lengths, counts or offsets.","python/sglang/srt/layers/attention/flashattention_backend.py:817: torch.cumsum(seqlens_in_batch, dim=0, dtype=torch.int32), (1, 0)",,,,False,scanner,sglang-c00503,,False,,Integer cumsum is exact.,0bcd822377da7b5718e674eaf9c870d349424dd1
sglang-0119,sglang,B,torch-op,int64,global,python/sglang/srt/layers/attention/flashattention_backend.py,888,891,init_forward_metadata,True,forward,both,n/a,any,,any,,,high,"Integer prefix sum of lengths, counts or offsets.",python/sglang/srt/layers/attention/flashattention_backend.py:889: torch.cumsum(,,,,False,scanner,sglang-c00504,,False,,Integer cumsum is exact. Since the July pin this branch sits under a new ragged verify layout test (flashattention_backend.py:853-873); the eager branch that keeps this cumsum is the else at flashattention_backend.py:873.,0bcd822377da7b5718e674eaf9c870d349424dd1
sglang-0120,sglang,B,torch-op,int64,global,python/sglang/srt/layers/attention/flashattention_backend.py,910,913,init_forward_metadata,True,forward,both,n/a,any,,any,,,high,"Integer prefix sum of lengths, counts or offsets.",python/sglang/srt/layers/attention/flashattention_backend.py:911: torch.cumsum(,,,,False,scanner,sglang-c00505,,False,,Integer cumsum is exact.,0bcd822377da7b5718e674eaf9c870d349424dd1
sglang-0121,sglang,B,torch-op,int64,global,python/sglang/srt/layers/attention/flashattention_backend.py,940,943,init_forward_metadata,True,forward,both,n/a,any,,any,,,high,"Integer prefix sum of lengths, counts or offsets.",python/sglang/srt/layers/attention/flashattention_backend.py:941: torch.cumsum(,,,,False,scanner,sglang-c00506,,False,,Integer cumsum is exact.,0bcd822377da7b5718e674eaf9c870d349424dd1
sglang-0122,sglang,B,torch-op,int64,global,python/sglang/srt/layers/attention/flashattention_backend.py,985,988,init_forward_metadata,True,forward,both,n/a,any,,any,,,high,"Integer prefix sum of lengths, counts or offsets.",python/sglang/srt/layers/attention/flashattention_backend.py:986: torch.cumsum(,,,,False,scanner,sglang-c00507,,False,,Integer cumsum is exact.,0bcd822377da7b5718e674eaf9c870d349424dd1
sglang-0123,sglang,B,torch-op,int64,global,python/sglang/srt/layers/attention/flashattention_backend.py,1003,1006,init_forward_metadata,True,forward,both,n/a,any,,any,,,high,"Integer prefix sum of lengths, counts or offsets.","python/sglang/srt/layers/attention/flashattention_backend.py:1004: torch.cumsum(seqlens_in_batch, dim=0, dtype=torch.int32), (1, 0)",,,,False,scanner,sglang-c00508,,False,,Integer cumsum is exact.,0bcd822377da7b5718e674eaf9c870d349424dd1
sglang-0124,sglang,B,torch-op,int64,global,python/sglang/srt/layers/attention/flashattention_backend.py,1047,1050,init_forward_metadata,True,forward,both,n/a,any,,any,,,high,"Integer prefix sum of lengths, counts or offsets.","python/sglang/srt/layers/attention/flashattention_backend.py:1048: torch.cumsum(extend_seq_lens, dim=0, dtype=torch.int32), (1, 0)",,,,False,scanner,sglang-c00510,,False,,Integer cumsum is exact.,0bcd822377da7b5718e674eaf9c870d349424dd1
sglang-0125,sglang,B,torch-op,int64,global,python/sglang/srt/layers/attention/flashattention_backend.py,1077,1080,init_forward_metadata,True,forward,both,n/a,any,,any,,,high,"Integer prefix sum of lengths, counts or offsets.","python/sglang/srt/layers/attention/flashattention_backend.py:1078: torch.cumsum(metadata.encoder_lens_int32, dim=0, dtype=torch.int32),",,,,False,scanner,sglang-c00511,,False,,Integer cumsum is exact.,0bcd822377da7b5718e674eaf9c870d349424dd1
sglang-0126,sglang,B,torch-op,int64,global,python/sglang/srt/layers/attention/flashattention_backend.py,2952,2955,_apply_cuda_graph_metadata,True,forward,both,n/a,any,,any,,,high,"Integer prefix sum of lengths, counts or offsets.","python/sglang/srt/layers/attention/flashattention_backend.py:2953: torch.cumsum(metadata.cache_seqlens_int32, dim=0, dtype=torch.int32)",,,,False,scanner,sglang-c00512,,False,,Integer cumsum is exact.,0bcd822377da7b5718e674eaf9c870d349424dd1
sglang-0127,sglang,B,torch-op,int64,global,python/sglang/srt/layers/attention/flashattention_backend.py,2980,2982,_apply_cuda_graph_metadata,True,forward,both,n/a,any,,any,,,high,"Integer prefix sum of lengths, counts or offsets.","python/sglang/srt/layers/attention/flashattention_backend.py:2981: torch.cumsum(metadata.cache_seqlens_int32, dim=0, dtype=torch.int32)",,,,False,scanner,sglang-c00513,,False,,Integer cumsum is exact.,0bcd822377da7b5718e674eaf9c870d349424dd1
sglang-0128,sglang,B,torch-op,int64,global,python/sglang/srt/layers/attention/flashattention_backend.py,3003,3006,_apply_cuda_graph_metadata,True,forward,both,n/a,any,,any,,,high,"Integer prefix sum of lengths, counts or offsets.",python/sglang/srt/layers/attention/flashattention_backend.py:3004: torch.cumsum(,,,,False,scanner,sglang-c00514,,False,,Integer cumsum is exact.,0bcd822377da7b5718e674eaf9c870d349424dd1
sglang-0129,sglang,B,torch-op,int64,global,python/sglang/srt/layers/attention/flashattention_backend.py,3045,3048,_apply_cuda_graph_metadata,True,forward,both,n/a,any,,any,,,high,"Integer prefix sum of lengths, counts or offsets.",python/sglang/srt/layers/attention/flashattention_backend.py:3046: torch.cumsum(,,,,False,scanner,sglang-c00515,,False,,Integer cumsum is exact.,0bcd822377da7b5718e674eaf9c870d349424dd1
sglang-0130,sglang,B,torch-op,int64,global,python/sglang/srt/layers/attention/flashattention_backend.py,3068,3071,_apply_cuda_graph_metadata,True,forward,both,n/a,any,,any,,,high,"Integer prefix sum of lengths, counts or offsets.","python/sglang/srt/layers/attention/flashattention_backend.py:3069: torch.cumsum(metadata.cache_seqlens_int32, dim=0, dtype=torch.int32)",,,,False,scanner,sglang-c00516,,False,,Integer cumsum is exact.,0bcd822377da7b5718e674eaf9c870d349424dd1
sglang-0131,sglang,B,torch-op,int64,global,python/sglang/srt/layers/attention/flashattention_backend.py,3094,3097,_apply_cuda_graph_metadata,True,forward,both,n/a,any,,any,,,high,"Integer prefix sum of lengths, counts or offsets.","python/sglang/srt/layers/attention/flashattention_backend.py:3095: torch.cumsum(extend_seq_lens, dim=0, dtype=torch.int32)",,,,False,scanner,sglang-c00517,,False,,Integer cumsum is exact.,0bcd822377da7b5718e674eaf9c870d349424dd1
sglang-0132,sglang,B,torch-op,int64,global,python/sglang/srt/layers/attention/flashattention_backend.py,3128,3131,_apply_cuda_graph_metadata,True,forward,both,n/a,any,,any,,,high,"Integer prefix sum of lengths, counts or offsets.","python/sglang/srt/layers/attention/flashattention_backend.py:3129: torch.cumsum(metadata.encoder_lens_int32[:bs], dim=0, dtype=torch.int32)",,,,False,scanner,sglang-c00518,,False,,Integer cumsum is exact.,0bcd822377da7b5718e674eaf9c870d349424dd1
sglang-0133,sglang,B,torch-op,int64,global,python/sglang/srt/layers/attention/flashattention_backend.py,3355,3358,_init_sliding_window_attn_spec_metadata,True,forward,both,n/a,any,,any,,,high,"Integer prefix sum of lengths, counts or offsets.","python/sglang/srt/layers/attention/flashattention_backend.py:3356: torch.cumsum(cache_seqlens_int32, dim=0, dtype=torch.int32), (1, 0)",,,,False,scanner,sglang-c00519,,False,,Integer cumsum is exact.,0bcd822377da7b5718e674eaf9c870d349424dd1
sglang-0134,sglang,B,torch-op,int64,global,python/sglang/srt/layers/attention/flashattention_backend.py,3489,3492,draft_decode_set_expand_metadata,True,forward,both,n/a,any,,any,,,high,"Integer prefix sum of lengths, counts or offsets.",python/sglang/srt/layers/attention/flashattention_backend.py:3490: positions = mask.cumsum(dim=1) - 1,,,,False,scanner,sglang-c00520,,False,,Integer cumsum is exact.,0bcd822377da7b5718e674eaf9c870d349424dd1
sglang-0137,sglang,B,torch-op,int64,global,python/sglang/srt/layers/attention/flashinfer_backend.py,1731,1734,call_begin_forward,True,forward,both,n/a,any,,any,,,high,"Integer prefix sum of lengths, counts or offsets.","python/sglang/srt/layers/attention/flashinfer_backend.py:1732: kv_indptr[1 : bs + 1] = torch.cumsum(paged_kernel_lens, dim=0)",,,,False,scanner,sglang-c00524,,False,,Integer cumsum is exact.,0bcd822377da7b5718e674eaf9c870d349424dd1
sglang-0138,sglang,B,torch-op,int64,global,python/sglang/srt/layers/attention/flashinfer_backend.py,1776,1779,call_begin_forward,True,forward,both,n/a,any,,any,,,high,"Integer prefix sum of lengths, counts or offsets.","python/sglang/srt/layers/attention/flashinfer_backend.py:1777: global_override_indptr_cpu[1 : bs + 1] = torch.cumsum(seq_lens_cpu, dim=0)",,,,False,scanner,sglang-c00525,,False,,Integer cumsum is exact.,0bcd822377da7b5718e674eaf9c870d349424dd1
sglang-0139,sglang,B,torch-op,int64,global,python/sglang/srt/layers/attention/flashinfer_backend.py,2174,2176,call_begin_forward,True,forward,both,n/a,any,,any,,,high,"Integer prefix sum of lengths, counts or offsets.","python/sglang/srt/layers/attention/flashinfer_backend.py:2175: kv_indptr[1 : bs + 1] = torch.cumsum(paged_kernel_lens, dim=0)",,,,False,scanner,sglang-c00527,,False,,Integer cumsum is exact. Since the July pin the extend branch chooses between the exact dq_paged_kernel_lens (flashinfer_backend.py:2171-2173) and paged_kernel_lens; this row records the latter.,0bcd822377da7b5718e674eaf9c870d349424dd1
sglang-0140,sglang,B,torch-op,int64,global,python/sglang/srt/layers/attention/flashinfer_backend.py,2200,2202,call_begin_forward,True,forward,both,n/a,any,,any,,,high,"Integer prefix sum of lengths, counts or offsets.","python/sglang/srt/layers/attention/flashinfer_backend.py:2201: qo_indptr[1 : bs + 1] = torch.cumsum(seq_lens - prefix_lens, dim=0)",,,,False,scanner,sglang-c00528,,False,,Integer cumsum is exact.,0bcd822377da7b5718e674eaf9c870d349424dd1
sglang-0141,sglang,B,torch-op,int64,global,python/sglang/srt/layers/attention/flashinfer_backend.py,2293,2296,call_begin_forward,True,forward,both,n/a,any,,any,,,high,"Integer prefix sum of lengths, counts or offsets.","python/sglang/srt/layers/attention/flashinfer_backend.py:2294: kv_indptr_host[1:] = torch.cumsum(seq_lens_cpu_i32, dim=0)",,,,False,scanner,sglang-c00529,,False,,Integer cumsum is exact.,0bcd822377da7b5718e674eaf9c870d349424dd1
sglang-0142,sglang,B,torch-op,int64,global,python/sglang/srt/layers/attention/flashinfer_mla_backend.py,135,138,update_wrapper,True,forward,both,n/a,any,,any,,,high,"Integer prefix sum of lengths, counts or offsets.","python/sglang/srt/layers/attention/flashinfer_mla_backend.py:136: qo_indptr[1 : bs + 1] = torch.cumsum(seq_lens - prefix_lens, dim=0)",,,,False,scanner,sglang-c00530,,False,,Integer cumsum is exact.,0bcd822377da7b5718e674eaf9c870d349424dd1
sglang-0143,sglang,B,torch-op,int64,global,python/sglang/srt/layers/attention/flashinfer_mla_backend.py,566,569,_apply_cuda_graph_metadata,True,forward,both,n/a,any,,any,,,high,"Integer prefix sum of lengths, counts or offsets.",python/sglang/srt/layers/attention/flashinfer_mla_backend.py:567: self.cuda_graph_kv_indptr_cpu[1 : bs + 1] = torch.cumsum(,,,,False,scanner,sglang-c00532,,False,,Integer cumsum is exact.,0bcd822377da7b5718e674eaf9c870d349424dd1
sglang-0144,sglang,B,torch-op,int64,global,python/sglang/srt/layers/attention/flashinfer_mla_backend.py,911,913,call_begin_forward,True,forward,both,n/a,any,,any,,,high,"Integer prefix sum of lengths, counts or offsets.","python/sglang/srt/layers/attention/flashinfer_mla_backend.py:912: kv_indptr[1 : bs + 1] = torch.cumsum(paged_kernel_lens, dim=0)",,,,False,scanner,sglang-c00535,,False,,Integer cumsum is exact.,0bcd822377da7b5718e674eaf9c870d349424dd1
sglang-0145,sglang,B,torch-op,int64,global,python/sglang/srt/layers/attention/flashinfer_mla_backend.py,1070,1073,call_begin_forward,True,forward,both,n/a,any,,any,,,high,"Integer prefix sum of lengths, counts or offsets.","python/sglang/srt/layers/attention/flashinfer_mla_backend.py:1071: kv_indptr[1 : bs + 1] = torch.cumsum(paged_kernel_lens, dim=0)",,,,False,scanner,sglang-c00536,,False,,Integer cumsum is exact.,0bcd822377da7b5718e674eaf9c870d349424dd1
sglang-0146,sglang,B,torch-op,int64,global,python/sglang/srt/layers/attention/flashinfer_mla_backend.py,1087,1090,call_begin_forward,True,forward,both,n/a,any,,any,,,high,"Integer prefix sum of lengths, counts or offsets.","python/sglang/srt/layers/attention/flashinfer_mla_backend.py:1088: qo_indptr[1 : bs + 1] = torch.cumsum(seq_lens - prefix_lens, dim=0)",,,,False,scanner,sglang-c00537,,False,,Integer cumsum is exact.,0bcd822377da7b5718e674eaf9c870d349424dd1
sglang-0147,sglang,B,torch-op,int64,global,python/sglang/srt/layers/attention/hybrid_linear_attn_backend.py,366,369,_init_track_ssm_indices,True,forward,both,n/a,any,,any,,,high,"Integer prefix sum of lengths, counts or offsets.","python/sglang/srt/layers/attention/hybrid_linear_attn_backend.py:367: track_ssm_src_offset[1:] = torch.cumsum(num_h_states[:-1], dim=0)",,,,False,scanner,sglang-c00539,,False,,Integer cumsum is exact.,0bcd822377da7b5718e674eaf9c870d349424dd1
sglang-0148,sglang,B,torch-op,int64,global,python/sglang/kernels/ops/attention/linear/kda_blackwell/__init__.py,29,32,prepare_metadata,True,forward,both,n/a,any,,any,,,high,"Integer prefix sum of lengths, counts or offsets.",python/sglang/kernels/ops/attention/linear/kda_blackwell/__init__.py:30: chunk_offsets[1:] = nchunks.cumsum(0).to(torch.int32),,,,False,scanner,sglang-c00272,,False,,Integer cumsum is exact.,0bcd822377da7b5718e674eaf9c870d349424dd1
sglang-0149,sglang,B,torch-op,int64,global,python/sglang/srt/layers/attention/minimax_sparse_ops/msa.py,106,109,_build_page_table,True,forward,both,n/a,any,,any,,,high,"Integer prefix sum of lengths, counts or offsets.","python/sglang/srt/layers/attention/minimax_sparse_ops/msa.py:107: torch.cumsum(n_pages, 0) - n_pages",,,,False,scanner,sglang-c00564,,False,,Integer cumsum is exact.,0bcd822377da7b5718e674eaf9c870d349424dd1
sglang-0150,sglang,B,torch-op,int64,global,python/sglang/srt/layers/attention/triton_backend.py,440,443,_dcp_kv_indices,True,forward,both,n/a,any,,any,,,high,"Integer prefix sum of lengths, counts or offsets.","python/sglang/srt/layers/attention/triton_backend.py:441: kv_indptr[1 : len(req_pool_indices) + 1] = torch.cumsum(dcp_lens, dim=0)",,,,False,scanner,sglang-c00570,,False,,Integer cumsum is exact.,0bcd822377da7b5718e674eaf9c870d349424dd1
sglang-0151,sglang,B,torch-op,int64,global,python/sglang/srt/layers/attention/triton_backend.py,467,470,_fill_kv_indptr_and_indices,True,forward,both,n/a,any,,any,,,high,"Integer prefix sum of lengths, counts or offsets.","python/sglang/srt/layers/attention/triton_backend.py:468: kv_indptr[1:] = torch.cumsum(seq_lens, dim=0)",,,,False,scanner,sglang-c00571,,False,,Integer cumsum is exact.,0bcd822377da7b5718e674eaf9c870d349424dd1
sglang-0152,sglang,B,torch-op,int64,global,python/sglang/srt/layers/attention/triton_backend.py,589,592,_update_target_verify_buffers,True,forward,both,n/a,any,,any,,,high,"Integer prefix sum of lengths, counts or offsets.","python/sglang/srt/layers/attention/triton_backend.py:590: mask_indptr[1 : bs + 1] = torch.cumsum(seq_mask_len, dim=0)",,,,False,scanner,sglang-c00572,,False,,Integer cumsum is exact.,0bcd822377da7b5718e674eaf9c870d349424dd1
sglang-0153,sglang,B,torch-op,int64,global,python/sglang/srt/layers/attention/triton_backend.py,924,927,init_forward_metadata,True,forward,both,n/a,any,,any,,,high,"Integer prefix sum of lengths, counts or offsets.","python/sglang/srt/layers/attention/triton_backend.py:925: mask_indptr[1 : bs + 1] = torch.cumsum(seq_mask_len[:bs], dim=0)",,,,False,scanner,sglang-c00573,,False,,Integer cumsum is exact.,0bcd822377da7b5718e674eaf9c870d349424dd1
sglang-0154,sglang,B,torch-op,int64,global,python/sglang/srt/layers/attention/triton_backend.py,973,976,init_forward_metadata,True,forward,both,n/a,any,,any,,,high,"Integer prefix sum of lengths, counts or offsets.","python/sglang/srt/layers/attention/triton_backend.py:974: qo_indptr[1 : bs + 1] = torch.cumsum(forward_batch.extend_seq_lens, dim=0)",,,,False,scanner,sglang-c00574,,False,,Integer cumsum is exact.,0bcd822377da7b5718e674eaf9c870d349424dd1
sglang-0155,sglang,B,torch-op,int64,global,python/sglang/srt/layers/attention/triton_backend.py,1771,1774,_forward_extend_unified,True,forward,both,n/a,any,,any,,,high,"Integer prefix sum of lengths, counts or offsets.","python/sglang/srt/layers/attention/triton_backend.py:1772: torch.cumsum(extend_seq_lens[:-1], dim=0),",,,,False,scanner,sglang-c00575,,False,,Integer cumsum is exact.,0bcd822377da7b5718e674eaf9c870d349424dd1
sglang-0156,sglang,B,torch-op,int64,global,python/sglang/srt/layers/attention/triton_backend.py,2229,2232,update_sliding_window_buffer,True,forward,both,n/a,any,,any,,,high,"Integer prefix sum of lengths, counts or offsets.","python/sglang/srt/layers/attention/triton_backend.py:2230: window_kv_indptr[1 : bs + 1] = torch.cumsum(window_kv_lens, dim=0)",,,,False,scanner,sglang-c00576,,False,,Integer cumsum is exact.,0bcd822377da7b5718e674eaf9c870d349424dd1
sglang-0157,sglang,B,torch-op,int64,global,python/sglang/kernels/ops/attention/dsa_metadata.py,651,654,fused_dsa_draft_extend_metadata,True,forward,both,n/a,any,,any,,,high,"Integer prefix sum of lengths, counts or offsets.","python/sglang/kernels/ops/attention/dsa_metadata.py:652: cu_seqlens_k[1 : bs + 1].copy_(torch.cumsum(cache, dim=0, dtype=torch.int32))",,,,False,scanner,sglang-c00255,,False,,Integer cumsum is exact.,0bcd822377da7b5718e674eaf9c870d349424dd1
sglang-0158,sglang,B,torch-op,int64,global,python/sglang/kernels/ops/attention/extend_attention.py,285,288,build_unified_kv_indices,True,forward,both,n/a,any,,any,,,high,"Integer prefix sum of lengths, counts or offsets.","python/sglang/kernels/ops/attention/extend_attention.py:286: torch.cumsum(unified_lens, dim=0),",,,,False,scanner,sglang-c00257,,False,,Integer cumsum is exact.,0bcd822377da7b5718e674eaf9c870d349424dd1
sglang-0159,sglang,B,torch-op,int64,global,python/sglang/kernels/ops/attention/pad.py,374,377,seqlens_expand_triton,True,forward,both,n/a,any,,any,,,high,"Integer prefix sum of lengths, counts or offsets.","python/sglang/kernels/ops/attention/pad.py:375: offsets[1:] = torch.cumsum(extend_seq_lens, dim=0)",,,,False,scanner,sglang-c00274,,False,,Integer cumsum is exact.,0bcd822377da7b5718e674eaf9c870d349424dd1
sglang-0160,sglang,B,torch-op,int64,global,python/sglang/srt/layers/attention/trtllm_mha_backend.py,1016,1019,init_forward_metadata,True,forward,both,n/a,any,,any,,,high,"Integer prefix sum of lengths, counts or offsets.",python/sglang/srt/layers/attention/trtllm_mha_backend.py:1017: torch.cumsum(,,,,False,scanner,sglang-c00578,,False,,Integer cumsum is exact.,0bcd822377da7b5718e674eaf9c870d349424dd1
sglang-0161,sglang,B,torch-op,int64,global,python/sglang/srt/layers/attention/trtllm_mha_backend.py,1028,1031,init_forward_metadata,True,forward,both,n/a,any,,any,,,high,"Integer prefix sum of lengths, counts or offsets.","python/sglang/srt/layers/attention/trtllm_mha_backend.py:1029: torch.cumsum(seqlens_in_batch, dim=0, dtype=torch.int32), (1, 0)",,,,False,scanner,sglang-c00579,,False,,Integer cumsum is exact.,0bcd822377da7b5718e674eaf9c870d349424dd1
sglang-0162,sglang,B,torch-op,int64,global,python/sglang/srt/layers/attention/trtllm_mha_backend.py,1062,1067,init_forward_metadata,True,forward,both,n/a,any,,any,,,high,"Integer prefix sum of lengths, counts or offsets.","python/sglang/srt/layers/attention/trtllm_mha_backend.py:1063: torch.cumsum(metadata.cache_seqlens_int32, dim=0, dtype=torch.int32),",,,,False,scanner,sglang-c00580,,False,,Integer cumsum is exact.,0bcd822377da7b5718e674eaf9c870d349424dd1
sglang-0163,sglang,B,torch-op,int64,global,python/sglang/srt/layers/attention/trtllm_mha_backend.py,1071,1074,init_forward_metadata,True,forward,both,n/a,any,,any,,,high,"Integer prefix sum of lengths, counts or offsets.","python/sglang/srt/layers/attention/trtllm_mha_backend.py:1072: torch.cumsum(seqlens_in_batch, dim=0, dtype=torch.int32), (1, 0)",,,,False,scanner,sglang-c00581,,False,,Integer cumsum is exact.,0bcd822377da7b5718e674eaf9c870d349424dd1
sglang-0164,sglang,B,torch-op,int64,global,python/sglang/srt/layers/attention/trtllm_mha_backend.py,1082,1085,init_forward_metadata,True,forward,both,n/a,any,,any,,,high,"Integer prefix sum of lengths, counts or offsets.","python/sglang/srt/layers/attention/trtllm_mha_backend.py:1083: torch.cumsum(extend_seq_lens, dim=0, dtype=torch.int32), (1, 0)",,,,False,scanner,sglang-c00582,,False,,Integer cumsum is exact.,0bcd822377da7b5718e674eaf9c870d349424dd1
sglang-0165,sglang,B,torch-op,int64,global,python/sglang/srt/layers/attention/trtllm_mla_backend.py,824,827,init_forward_metadata,True,forward,both,n/a,any,,any,,,high,"Integer prefix sum of lengths, counts or offsets.","python/sglang/srt/layers/attention/trtllm_mla_backend.py:825: torch.cumsum(seq_lens, dim=0),",,,,False,scanner,sglang-c00584,,False,,Integer cumsum is exact.,0bcd822377da7b5718e674eaf9c870d349424dd1
sglang-0166,sglang,B,torch-op,int64,global,python/sglang/srt/layers/attention/trtllm_mla_backend.py,874,877,init_forward_metadata,True,forward,both,n/a,any,,any,,,high,"Integer prefix sum of lengths, counts or offsets.",python/sglang/srt/layers/attention/trtllm_mla_backend.py:875: torch.cumsum(,,,,False,scanner,sglang-c00585,,False,,Integer cumsum is exact.,0bcd822377da7b5718e674eaf9c870d349424dd1
sglang-0167,sglang,B,torch-op,int64,global,python/sglang/srt/layers/attention/trtllm_mla_backend.py,1607,1610,forward_extend,True,forward,both,n/a,any,,any,,,high,"Integer prefix sum of lengths, counts or offsets.","python/sglang/srt/layers/attention/trtllm_mla_backend.py:1608: torch.cumsum(actual_seq_lens_q, dim=0, dtype=torch.int32),",,,,False,scanner,sglang-c00586,,False,,Integer cumsum is exact.,0bcd822377da7b5718e674eaf9c870d349424dd1
sglang-0168,sglang,B,torch-op,int64,global,python/sglang/srt/layers/attention/wave_backend.py,214,217,init_forward_metadata,True,forward,both,n/a,any,,any,,,high,"Integer prefix sum of lengths, counts or offsets.","python/sglang/srt/layers/attention/wave_backend.py:215: kv_indptr[1 : bs + 1] = torch.cumsum(forward_batch.seq_lens, dim=0)",,,,False,scanner,sglang-c00588,,False,,Integer cumsum is exact.,0bcd822377da7b5718e674eaf9c870d349424dd1
sglang-0169,sglang,B,torch-op,int64,global,python/sglang/srt/layers/attention/wave_backend.py,269,272,init_forward_metadata,True,forward,both,n/a,any,,any,,,high,"Integer prefix sum of lengths, counts or offsets.","python/sglang/srt/layers/attention/wave_backend.py:270: kv_indptr[1 : bs + 1] = torch.cumsum(forward_batch.seq_lens, dim=0)",,,,False,scanner,sglang-c00589,,False,,Integer cumsum is exact.,0bcd822377da7b5718e674eaf9c870d349424dd1
sglang-0170,sglang,B,torch-op,int64,global,python/sglang/srt/layers/attention/wave_backend.py,289,292,init_forward_metadata,True,forward,both,n/a,any,,any,,,high,"Integer prefix sum of lengths, counts or offsets.","python/sglang/srt/layers/attention/wave_backend.py:290: mask_indptr[1 : bs + 1] = torch.cumsum(seq_mask_len[:bs], dim=0)",,,,False,scanner,sglang-c00590,,False,,Integer cumsum is exact.,0bcd822377da7b5718e674eaf9c870d349424dd1
sglang-0171,sglang,B,torch-op,int64,global,python/sglang/srt/layers/attention/wave_backend.py,296,299,init_forward_metadata,True,forward,both,n/a,any,,any,,,high,"Integer prefix sum of lengths, counts or offsets.",python/sglang/srt/layers/attention/wave_backend.py:297: kv_indptr[1 : bs + 1] = torch.cumsum(,,,,False,scanner,sglang-c00591,,False,,Integer cumsum is exact.,0bcd822377da7b5718e674eaf9c870d349424dd1
sglang-0172,sglang,B,torch-op,int64,global,python/sglang/srt/layers/attention/wave_backend.py,316,319,init_forward_metadata,True,forward,both,n/a,any,,any,,,high,"Integer prefix sum of lengths, counts or offsets.","python/sglang/srt/layers/attention/wave_backend.py:317: qo_indptr[1 : bs + 1] = torch.cumsum(forward_batch.extend_seq_lens, dim=0)",,,,False,scanner,sglang-c00592,,False,,Integer cumsum is exact.,0bcd822377da7b5718e674eaf9c870d349424dd1
sglang-0173,sglang,B,torch-op,int64,global,python/sglang/srt/layers/attention/wave_backend.py,431,434,_apply_cuda_graph_metadata,True,forward,both,n/a,any,,any,,,high,"Integer prefix sum of lengths, counts or offsets.","python/sglang/srt/layers/attention/wave_backend.py:432: kv_indptr[1 : bs + 1] = torch.cumsum(seq_lens[:bs], dim=0)",,,,False,scanner,sglang-c00593,,False,,Integer cumsum is exact.,0bcd822377da7b5718e674eaf9c870d349424dd1
sglang-0174,sglang,B,torch-op,int64,global,python/sglang/srt/layers/attention/wave_backend.py,459,462,_apply_cuda_graph_metadata,True,forward,both,n/a,any,,any,,,high,"Integer prefix sum of lengths, counts or offsets.","python/sglang/srt/layers/attention/wave_backend.py:460: kv_indptr[1 : bs + 1] = torch.cumsum(seq_lens, dim=0)",,,,False,scanner,sglang-c00594,,False,,Integer cumsum is exact.,0bcd822377da7b5718e674eaf9c870d349424dd1
sglang-0175,sglang,B,torch-op,int64,global,python/sglang/srt/layers/attention/wave_backend.py,474,477,_apply_cuda_graph_metadata,True,forward,both,n/a,any,,any,,,high,"Integer prefix sum of lengths, counts or offsets.","python/sglang/srt/layers/attention/wave_backend.py:475: mask_indptr[1 : bs + 1] = torch.cumsum(seq_mask_len, dim=0)",,,,False,scanner,sglang-c00595,,False,,Integer cumsum is exact.,0bcd822377da7b5718e674eaf9c870d349424dd1
sglang-0176,sglang,B,torch-op,int64,global,python/sglang/srt/layers/attention/xpu_backend.py,137,140,init_forward_metadata,True,forward,both,n/a,any,,any,,,high,"Integer prefix sum of lengths, counts or offsets.",python/sglang/srt/layers/attention/xpu_backend.py:138: torch.cumsum(,,,,False,scanner,sglang-c00596,,False,,Integer cumsum is exact.,0bcd822377da7b5718e674eaf9c870d349424dd1
sglang-0177,sglang,B,torch-op,int64,global,python/sglang/srt/layers/attention/xpu_backend.py,157,160,init_forward_metadata,True,forward,both,n/a,any,,any,,,high,"Integer prefix sum of lengths, counts or offsets.",python/sglang/srt/layers/attention/xpu_backend.py:158: torch.cumsum(,,,,False,scanner,sglang-c00597,,False,,Integer cumsum is exact.,0bcd822377da7b5718e674eaf9c870d349424dd1
sglang-0178,sglang,B,torch-op,int64,global,python/sglang/srt/layers/attention/xpu_backend.py,204,207,init_forward_metadata,True,forward,both,n/a,any,,any,,,high,"Integer prefix sum of lengths, counts or offsets.","python/sglang/srt/layers/attention/xpu_backend.py:205: torch.cumsum(seqlens_in_batch, dim=0, dtype=torch.int32), (1, 0)",,,,False,scanner,sglang-c00598,,False,,Integer cumsum is exact.,0bcd822377da7b5718e674eaf9c870d349424dd1
sglang-0179,sglang,B,torch-op,int64,global,python/sglang/srt/layers/attention/xpu_backend.py,230,233,init_forward_metadata,True,forward,both,n/a,any,,any,,,high,"Integer prefix sum of lengths, counts or offsets.",python/sglang/srt/layers/attention/xpu_backend.py:231: torch.cumsum(,,,,False,scanner,sglang-c00599,,False,,Integer cumsum is exact.,0bcd822377da7b5718e674eaf9c870d349424dd1
sglang-0180,sglang,B,torch-op,int64,global,python/sglang/srt/layers/attention/xpu_backend.py,252,255,init_forward_metadata,True,forward,both,n/a,any,,any,,,high,"Integer prefix sum of lengths, counts or offsets.",python/sglang/srt/layers/attention/xpu_backend.py:253: torch.cumsum(,,,,False,scanner,sglang-c00600,,False,,Integer cumsum is exact.,0bcd822377da7b5718e674eaf9c870d349424dd1
sglang-0181,sglang,B,torch-op,int64,global,python/sglang/srt/layers/attention/xpu_backend.py,282,285,init_forward_metadata,True,forward,both,n/a,any,,any,,,high,"Integer prefix sum of lengths, counts or offsets.",python/sglang/srt/layers/attention/xpu_backend.py:283: torch.cumsum(,,,,False,scanner,sglang-c00601,,False,,Integer cumsum is exact.,0bcd822377da7b5718e674eaf9c870d349424dd1
sglang-0182,sglang,B,torch-op,int64,global,python/sglang/srt/layers/attention/xpu_backend.py,327,330,init_forward_metadata,True,forward,both,n/a,any,,any,,,high,"Integer prefix sum of lengths, counts or offsets.",python/sglang/srt/layers/attention/xpu_backend.py:328: torch.cumsum(,,,,False,scanner,sglang-c00602,,False,,Integer cumsum is exact.,0bcd822377da7b5718e674eaf9c870d349424dd1
sglang-0183,sglang,B,torch-op,int64,global,python/sglang/srt/layers/attention/xpu_backend.py,343,346,init_forward_metadata,True,forward,both,n/a,any,,any,,,high,"Integer prefix sum of lengths, counts or offsets.","python/sglang/srt/layers/attention/xpu_backend.py:344: torch.cumsum(seqlens_in_batch, dim=0, dtype=torch.int32), (1, 0)",,,,False,scanner,sglang-c00603,,False,,Integer cumsum is exact.,0bcd822377da7b5718e674eaf9c870d349424dd1
sglang-0184,sglang,B,torch-op,int64,global,python/sglang/srt/layers/attention/xpu_backend.py,353,356,init_forward_metadata,True,forward,both,n/a,any,,any,,,high,"Integer prefix sum of lengths, counts or offsets.","python/sglang/srt/layers/attention/xpu_backend.py:354: torch.cumsum(extend_seq_lens, dim=0, dtype=torch.int32), (1, 0)",,,,False,scanner,sglang-c00604,,False,,Integer cumsum is exact.,0bcd822377da7b5718e674eaf9c870d349424dd1
sglang-0185,sglang,B,torch-op,int64,global,python/sglang/srt/layers/attention/xpu_backend.py,371,374,init_forward_metadata,True,forward,both,n/a,any,,any,,,high,"Integer prefix sum of lengths, counts or offsets.","python/sglang/srt/layers/attention/xpu_backend.py:372: torch.cumsum(metadata.encoder_lens_int32, dim=0, dtype=torch.int32),",,,,False,scanner,sglang-c00605,,False,,Integer cumsum is exact.,0bcd822377da7b5718e674eaf9c870d349424dd1
sglang-0186,sglang,B,torch-op,int64,global,python/sglang/srt/layers/attention/xpu_backend.py,1142,1145,init_forward_metadata_out_graph,True,forward,both,n/a,any,,any,,,high,"Integer prefix sum of lengths, counts or offsets.","python/sglang/srt/layers/attention/xpu_backend.py:1143: torch.cumsum(seq_lens.to(torch.int32), dim=0)",,,,False,scanner,sglang-c00606,,False,,Integer cumsum is exact.,0bcd822377da7b5718e674eaf9c870d349424dd1
sglang-0187,sglang,B,torch-op,int64,global,python/sglang/srt/layers/attention/xpu_backend.py,1151,1154,init_forward_metadata_out_graph,True,forward,both,n/a,any,,any,,,high,"Integer prefix sum of lengths, counts or offsets.","python/sglang/srt/layers/attention/xpu_backend.py:1152: torch.cumsum(encoder_lens, dim=0, dtype=torch.int32)",,,,False,scanner,sglang-c00607,,False,,Integer cumsum is exact.,0bcd822377da7b5718e674eaf9c870d349424dd1
sglang-0188,sglang,B,torch-op,int64,global,python/sglang/srt/layers/attention/xpu_backend.py,1303,1306,_init_sliding_window_attn_spec_metadata,True,forward,both,n/a,any,,any,,,high,"Integer prefix sum of lengths, counts or offsets.","python/sglang/srt/layers/attention/xpu_backend.py:1304: torch.cumsum(cache_seqlens_int32, dim=0, dtype=torch.int32), (1, 0)",,,,False,scanner,sglang-c00608,,False,,Integer cumsum is exact.,0bcd822377da7b5718e674eaf9c870d349424dd1
sglang-0189,sglang,B,torch-op,int64,global,python/sglang/srt/layers/dcp/comm.py,231,234,all_gather_kv_cache_for_mha_extend,True,forward,both,n/a,any,,any,,,high,"Integer prefix sum of lengths, counts or offsets.","python/sglang/srt/layers/dcp/comm.py:232: prefix_lens_cu[1:] = torch.cumsum(extend_prefix_lens, dim=0)",,,,False,scanner,sglang-c00609,,False,,Integer cumsum is exact.,0bcd822377da7b5718e674eaf9c870d349424dd1
sglang-0190,sglang,B,torch-op,int64,global,python/sglang/srt/layers/dcp/comm.py,232,235,all_gather_kv_cache_for_mha_extend,True,forward,both,n/a,any,,any,,,high,"Integer prefix sum of lengths, counts or offsets.","python/sglang/srt/layers/dcp/comm.py:233: extend_lens_cu[1:] = torch.cumsum(extend_seq_lens, dim=0)",,,,False,scanner,sglang-c00610,,False,,Integer cumsum is exact.,0bcd822377da7b5718e674eaf9c870d349424dd1
sglang-0191,sglang,B,torch-op,int64,global,python/sglang/srt/layers/dcp/comm.py,339,342,all_gather_kv_cache_for_dcp,True,forward,both,n/a,any,,any,,,high,"Integer prefix sum of lengths, counts or offsets.","python/sglang/srt/layers/dcp/comm.py:340: local_kv_lens_cu[1:] = torch.cumsum(local_kv_lens, dim=0)",,,,False,scanner,sglang-c00611,,False,,Integer cumsum is exact.,0bcd822377da7b5718e674eaf9c870d349424dd1
sglang-0192,sglang,B,torch-op,int64,global,python/sglang/srt/layers/dcp/comm.py,361,364,all_gather_kv_cache_for_dcp,True,forward,both,n/a,any,,any,,,high,"Integer prefix sum of lengths, counts or offsets.","python/sglang/srt/layers/dcp/comm.py:362: padded_lens_cu[1:] = torch.cumsum(padded_lens, dim=0)",,,,False,scanner,sglang-c00612,,False,,Integer cumsum is exact.,0bcd822377da7b5718e674eaf9c870d349424dd1
sglang-0193,sglang,B,torch-op,int64,global,python/sglang/srt/layers/dcp/planner.py,62,65,prepare_decode_context_parallel_metadata,True,forward,both,n/a,any,,any,,,high,"Integer prefix sum of lengths, counts or offsets.","python/sglang/srt/layers/dcp/planner.py:63: extend_cu_prefix_lens[1:] = torch.cumsum(extend_prefix_lens, dim=0)",,,,False,scanner,sglang-c00613,,False,,Integer cumsum is exact.,0bcd822377da7b5718e674eaf9c870d349424dd1
sglang-0194,sglang,B,torch-op,int64,global,python/sglang/srt/layers/dcp/planner.py,85,88,prepare_decode_context_parallel_metadata,True,forward,both,n/a,any,,any,,,high,"Integer prefix sum of lengths, counts or offsets.",python/sglang/srt/layers/dcp/planner.py:86: dcp_kv_indptr[1:] = seq_lens.cumsum(dim=0),,,,False,scanner,sglang-c00614,,False,,Integer cumsum is exact.,0bcd822377da7b5718e674eaf9c870d349424dd1
sglang-0195,sglang,B,torch-op,int64,global,python/sglang/srt/layers/dcp/planner.py,98,101,prepare_decode_context_parallel_metadata,True,forward,both,n/a,any,,any,,,high,"Integer prefix sum of lengths, counts or offsets.","python/sglang/srt/layers/dcp/planner.py:99: extend_cu_lens[1:] = torch.cumsum(extend_seq_lens, dim=0)",,,,False,scanner,sglang-c00615,,False,,Integer cumsum is exact.,0bcd822377da7b5718e674eaf9c870d349424dd1
sglang-0196,sglang,B,torch-op,int64,global,python/sglang/srt/layers/dcp/planner.py,166,169,plan_dcp_decode_metadata,True,forward,both,n/a,any,,any,,,high,"Integer prefix sum of lengths, counts or offsets.","python/sglang/srt/layers/dcp/planner.py:167: local_kv_lens_cumsum[1 : bs + 1] = torch.cumsum(local_kv_lens, dim=0)",,,,False,scanner,sglang-c00616,,False,,Integer cumsum is exact.,0bcd822377da7b5718e674eaf9c870d349424dd1
sglang-0197,sglang,B,torch-op,int64,global,python/sglang/srt/layers/dp_attention.py,432,435,get_dp_local_info,True,forward,both,n/a,any,,any,,,high,"Integer prefix sum of lengths, counts or offsets.","python/sglang/srt/layers/dp_attention.py:433: cumtokens = torch.cumsum(forward_batch.global_num_tokens_gpu, dim=0)",,,,False,scanner,sglang-c00617,,False,,Integer cumsum is exact.,0bcd822377da7b5718e674eaf9c870d349424dd1
sglang-0198,sglang,B,torch-op,int64,global,python/sglang/srt/layers/logits_processor.py,338,341,compute_dp_attention_metadata,True,forward,both,n/a,any,,any,,,high,"Integer prefix sum of lengths, counts or offsets.","python/sglang/srt/layers/logits_processor.py:339: cumtokens = torch.cumsum(self.global_num_tokens_for_logprob_gpu, dim=0)",,,,False,scanner,sglang-c00623,,False,,Integer cumsum is exact.,0bcd822377da7b5718e674eaf9c870d349424dd1
sglang-0199,sglang,B,torch-op,int64,global,python/sglang/srt/layers/logits_processor.py,562,564,_get_pruned_states,True,forward,both,n/a,any,,any,,,high,"Integer prefix sum of lengths, counts or offsets.","python/sglang/srt/layers/logits_processor.py:563: last_index = torch.cumsum(logits_metadata.extend_seq_lens, dim=0) - 1",,,,False,scanner,sglang-c00624,,False,,Integer cumsum is exact. The surrounding padded_static_len branch has moved: the cumsum now sits in the prefill-without-input-logprobs branch at logits_processor.py:556-563.,0bcd822377da7b5718e674eaf9c870d349424dd1
sglang-0200,sglang,B,torch-op,int64,global,python/sglang/srt/layers/n_gram_embedding.py,150,155,forward,True,forward,both,n/a,any,,any,,,high,"Integer prefix sum of lengths, counts or offsets.",python/sglang/srt/layers/n_gram_embedding.py:150: torch.cumsum(,,,,False,scanner,sglang-c00629,,False,,Integer cumsum is exact. It now writes into a preallocated buffer through the out= argument (n_gram_embedding.py:154) and is clamped to _ng_bs requests (n_gram_embedding.py:145-149).,0bcd822377da7b5718e674eaf9c870d349424dd1
sglang-0201,sglang,B,torch-op,int64,global,python/sglang/srt/layers/pooler.py,57,60,pool_hidden_states,True,forward,both,n/a,any,,any,,,high,"Integer prefix sum of lengths, counts or offsets.","python/sglang/srt/layers/pooler.py:58: last_token_indices = torch.cumsum(forward_batch.extend_seq_lens, dim=0) - 1",,,,False,scanner,sglang-c00630,,False,,Integer cumsum is exact.,0bcd822377da7b5718e674eaf9c870d349424dd1
sglang-0202,sglang,B,torch-op,int64,global,python/sglang/srt/layers/pooler.py,62,64,pool_hidden_states,True,forward,both,n/a,any,,any,,,high,"Integer prefix sum of lengths, counts or offsets.","python/sglang/srt/layers/pooler.py:63: first_token_flat_indices[1:] += torch.cumsum(prompt_lens, dim=0)[:-1]",,,,False,scanner,sglang-c00631,,False,,Integer cumsum is exact.,0bcd822377da7b5718e674eaf9c870d349424dd1
sglang-0203,sglang,B,torch-op,int64,global,python/sglang/srt/layers/rotary_embedding/mrope_rope_index.py,648,651,get_rope_index_glm4v,True,forward,both,n/a,any,,any,,,high,"Integer prefix sum of lengths, counts or offsets.",python/sglang/srt/layers/rotary_embedding/mrope_rope_index.py:649: position_ids = attention_mask.long().cumsum(-1) - 1,,,,False,scanner,sglang-c00637,,False,,Integer cumsum is exact.,0bcd822377da7b5718e674eaf9c870d349424dd1
sglang-0204,sglang,B,torch-op,int64,global,python/sglang/srt/lora/backend/ascend_backend.py,241,244,init_cuda_graph_batch_info,True,forward,both,n/a,any,,any,,,high,"Integer prefix sum of lengths, counts or offsets.",python/sglang/srt/lora/backend/ascend_backend.py:242: torch.cumsum(,,,,False,scanner,sglang-c00645,,False,,Integer cumsum is exact.,0bcd822377da7b5718e674eaf9c870d349424dd1
sglang-0205,sglang,B,torch-op,int64,global,python/sglang/srt/lora/backend/ascend_backend.py,289,292,prepare_lora_batch,True,forward,both,n/a,any,,any,,,high,"Integer prefix sum of lengths, counts or offsets.","python/sglang/srt/lora/backend/ascend_backend.py:290: seg_indptr[1:] = torch.cumsum(seg_lens, dim=0)",,,,False,scanner,sglang-c00646,,False,,Integer cumsum is exact.,0bcd822377da7b5718e674eaf9c870d349424dd1
sglang-0206,sglang,B,torch-op,int64,global,python/sglang/srt/lora/backend/chunked_backend.py,212,215,_build_req_seg_indptr,True,forward,both,n/a,any,,any,,,high,"Integer prefix sum of lengths, counts or offsets.","python/sglang/srt/lora/backend/chunked_backend.py:213: torch.cumsum(seg_lens, dim=0, out=indptr[1:])",,,,False,scanner,sglang-c00648,,False,,Integer cumsum is exact.,0bcd822377da7b5718e674eaf9c870d349424dd1
sglang-0207,sglang,B,torch-op,int64,global,python/sglang/srt/lora/backend/chunked_backend.py,440,443,_build_lm_head_batch_info,True,forward,both,n/a,any,,any,,,high,"Integer prefix sum of lengths, counts or offsets.","python/sglang/srt/lora/backend/chunked_backend.py:441: seg_indptr[1:] = torch.cumsum(seg_lens, dim=0)",,,,False,scanner,sglang-c00649,,False,,Integer cumsum is exact.,0bcd822377da7b5718e674eaf9c870d349424dd1
sglang-0208,sglang,B,torch-op,int64,global,python/sglang/srt/lora/backend/chunked_backend.py,560,563,_get_segments_info,True,forward,both,n/a,any,,any,,,high,"Integer prefix sum of lengths, counts or offsets.","python/sglang/srt/lora/backend/chunked_backend.py:561: seg_indptr[1:] = torch.cumsum(seg_lens, dim=0)",,,,False,scanner,sglang-c00650,,False,,Integer cumsum is exact.,0bcd822377da7b5718e674eaf9c870d349424dd1
sglang-0209,sglang,B,torch-op,int64,global,python/sglang/srt/lora/backend/torch_backend.py,186,189,init_cuda_graph_batch_info,True,forward,both,n/a,any,,any,,,high,"Integer prefix sum of lengths, counts or offsets.",python/sglang/srt/lora/backend/torch_backend.py:187: torch.cumsum(,,,,False,scanner,sglang-c00651,,False,,Integer cumsum is exact.,0bcd822377da7b5718e674eaf9c870d349424dd1
sglang-0210,sglang,B,torch-op,int64,global,python/sglang/srt/lora/backend/torch_backend.py,238,241,prepare_lora_batch,True,forward,both,n/a,any,,any,,,high,"Integer prefix sum of lengths, counts or offsets.","python/sglang/srt/lora/backend/torch_backend.py:239: seg_indptr_cpu[1:] = torch.cumsum(seg_lens_cpu, dim=0)",,,,False,scanner,sglang-c00653,,False,,Integer cumsum is exact.,0bcd822377da7b5718e674eaf9c870d349424dd1
sglang-0211,sglang,B,torch-op,int64,global,python/sglang/srt/lora/backend/triton_backend.py,181,184,init_cuda_graph_batch_info,True,forward,both,n/a,any,,any,,,high,"Integer prefix sum of lengths, counts or offsets.",python/sglang/srt/lora/backend/triton_backend.py:182: torch.cumsum(,,,,False,scanner,sglang-c00654,,False,,Integer cumsum is exact.,0bcd822377da7b5718e674eaf9c870d349424dd1
sglang-0212,sglang,B,torch-op,int64,global,python/sglang/srt/lora/backend/triton_backend.py,244,247,compute_sgemm_routing,True,forward,both,n/a,any,,any,,,high,"Integer prefix sum of lengths, counts or offsets.","python/sglang/srt/lora/backend/triton_backend.py:245: torch.cumsum(sgemm.seg_lens, dim=0, out=sgemm.seg_indptr[1:])",,,,False,scanner,sglang-c00655,,False,,Integer cumsum is exact.,0bcd822377da7b5718e674eaf9c870d349424dd1
sglang-0213,sglang,B,torch-op,int64,global,python/sglang/srt/lora/backend/triton_backend.py,250,253,compute_sgemm_routing,True,forward,both,n/a,any,,any,,,high,"Integer prefix sum of lengths, counts or offsets.","python/sglang/srt/lora/backend/triton_backend.py:251: seg_indptr[1:] = torch.cumsum(seg_lens, dim=0)",,,,False,scanner,sglang-c00656,,False,,Integer cumsum is exact.,0bcd822377da7b5718e674eaf9c870d349424dd1
sglang-0214,sglang,B,torch-op,int64,global,python/sglang/srt/lora/backend/triton_backend.py,320,323,prepare_lora_batch,True,forward,both,n/a,any,,any,,,high,"Integer prefix sum of lengths, counts or offsets.","python/sglang/srt/lora/backend/triton_backend.py:321: seg_indptr[1:] = torch.cumsum(seg_lens, dim=0)",,,,False,scanner,sglang-c00658,,False,,Integer cumsum is exact.,0bcd822377da7b5718e674eaf9c870d349424dd1
sglang-0215,sglang,B,torch-op,int64,global,python/sglang/srt/lora/backend/triton_backend.py,415,418,_build_lm_head_batch_info,True,forward,both,n/a,any,,any,,,high,"Integer prefix sum of lengths, counts or offsets.","python/sglang/srt/lora/backend/triton_backend.py:416: seg_indptr[1:] = torch.cumsum(seg_lens, dim=0)",,,,False,scanner,sglang-c00659,,False,,Integer cumsum is exact.,0bcd822377da7b5718e674eaf9c870d349424dd1
sglang-0216,sglang,B,torch-op,int64,global,python/sglang/kernels/ops/moe/virtual_experts.py,449,452,_align_block_size_torch,False,forward,both,n/a,any,,any,,,high,"Integer prefix sum of lengths, counts or offsets.","python/sglang/kernels/ops/moe/virtual_experts.py:450: padded_offsets = torch.cumsum(padded_counts, dim=0) - padded_counts | python/sglang/srt/lora/lora_moe_runners.py:349-350: called only if lora_info.lora_use_virtual_experts",,,,False,scanner,sglang-c00301,,False,,Integer cumsum is exact. Opt-in: --lora-use-virtual-experts defaults to False (server_args.py:3031-3035).,0bcd822377da7b5718e674eaf9c870d349424dd1
sglang-0217,sglang,B,torch-op,int64,global,python/sglang/kernels/ops/moe/virtual_experts.py,470,473,_align_block_size_torch,False,forward,both,n/a,any,,any,,,high,"Integer prefix sum of lengths, counts or offsets.","python/sglang/kernels/ops/moe/virtual_experts.py:471: block_offsets = torch.cumsum(real_block_counts, dim=0) | python/sglang/srt/lora/lora_moe_runners.py:349-350: called only if lora_info.lora_use_virtual_experts",,,,False,scanner,sglang-c00303,,False,,Integer cumsum is exact. Opt-in: --lora-use-virtual-experts defaults to False (server_args.py:3031-3035).,0bcd822377da7b5718e674eaf9c870d349424dd1
sglang-0218,sglang,B,torch-op,int64,global,python/sglang/kernels/ops/moe/trtllm_lora_temp/virtual_experts.py,544,547,_align_block_size_torch,False,forward,both,n/a,any,,any,,,high,"Integer prefix sum of lengths, counts or offsets.","python/sglang/kernels/ops/moe/trtllm_lora_temp/virtual_experts.py:545: padded_offsets = torch.cumsum(padded_counts, dim=0) - padded_counts | python/sglang/srt/lora/lora_moe_runners.py:349-350: called only if lora_info.lora_use_virtual_experts",,,,False,scanner,sglang-c00297,,False,,Integer cumsum is exact. Opt-in: --lora-use-virtual-experts defaults to False (server_args.py:3031-3035).,0bcd822377da7b5718e674eaf9c870d349424dd1
sglang-0219,sglang,B,torch-op,int64,global,python/sglang/kernels/ops/moe/trtllm_lora_temp/virtual_experts.py,565,568,_align_block_size_torch,False,forward,both,n/a,any,,any,,,high,"Integer prefix sum of lengths, counts or offsets.","python/sglang/kernels/ops/moe/trtllm_lora_temp/virtual_experts.py:566: block_offsets = torch.cumsum(real_block_counts, dim=0) | python/sglang/srt/lora/lora_moe_runners.py:349-350: called only if lora_info.lora_use_virtual_experts",,,,False,scanner,sglang-c00299,,False,,Integer cumsum is exact. Opt-in: --lora-use-virtual-experts defaults to False (server_args.py:3031-3035).,0bcd822377da7b5718e674eaf9c870d349424dd1
sglang-0220,sglang,B,torch-op,int64,global,python/sglang/srt/managers/mm_utils.py,1153,1156,get_new_expanded_mm_items,True,forward,both,n/a,any,,any,,,high,"Integer prefix sum of lengths, counts or offsets.",python/sglang/srt/managers/mm_utils.py:1154: cumulative = torch.cumsum(,,,,False,scanner,sglang-c00666,,False,,Integer cumsum is exact.,0bcd822377da7b5718e674eaf9c870d349424dd1
sglang-0221,sglang,B,torch-op,int64,global,python/sglang/srt/managers/mm_utils.py,1221,1224,get_new_expanded_mm_items,True,forward,both,n/a,any,,any,,,high,"Integer prefix sum of lengths, counts or offsets.",python/sglang/srt/managers/mm_utils.py:1222: cumulative = torch.cumsum(,,,,False,scanner,sglang-c00667,,False,,Integer cumsum is exact.,0bcd822377da7b5718e674eaf9c870d349424dd1
sglang-0222,sglang,B,torch-op,int64,global,python/sglang/srt/mem_cache/allocator/paged.py,54,57,alloc_extend_naive,True,forward,both,n/a,any,,any,,,high,"Integer prefix sum of lengths, counts or offsets.","python/sglang/srt/mem_cache/allocator/paged.py:55: end_pos = torch.cumsum(extend_lens, 0)",,,,False,scanner,sglang-c00673,,False,,Integer cumsum is exact.,0bcd822377da7b5718e674eaf9c870d349424dd1
sglang-0223,sglang,B,torch-op,int64,global,python/sglang/srt/mem_cache/allocator/paged.py,63,66,alloc_extend_naive,True,forward,both,n/a,any,,any,,,high,"Integer prefix sum of lengths, counts or offsets.","python/sglang/srt/mem_cache/allocator/paged.py:64: end_new_pages = torch.cumsum(num_new_pages, 0)",,,,False,scanner,sglang-c00674,,False,,Integer cumsum is exact.,0bcd822377da7b5718e674eaf9c870d349424dd1
sglang-0224,sglang,B,torch-op,int64,global,python/sglang/srt/mem_cache/sparsity/backend/backend_adaptor.py,147,150,adapt_for_attn_metadata,True,forward,both,n/a,any,,any,,,high,"Integer prefix sum of lengths, counts or offsets.",python/sglang/srt/mem_cache/sparsity/backend/backend_adaptor.py:148: torch.cumsum(,,,,False,scanner,sglang-c00680,,False,,Integer cumsum is exact.,0bcd822377da7b5718e674eaf9c870d349424dd1
sglang-0225,sglang,B,torch-op,int64,global,python/sglang/srt/model_executor/forward_batch_deepseek_mha_mixin.py,196,199,prepare_chunked_prefix_cache_info,True,forward,both,n/a,any,,any,,,high,"Integer prefix sum of lengths, counts or offsets.","python/sglang/srt/model_executor/forward_batch_deepseek_mha_mixin.py:197: self.prefix_chunk_cu_seq_lens[:, 1:] = prefix_chunk_seq_lens_cuda.cumsum(",,,,False,scanner,sglang-c00689,,False,,Integer cumsum is exact.,0bcd822377da7b5718e674eaf9c870d349424dd1
sglang-0226,sglang,B,torch-op,int64,global,python/sglang/srt/model_executor/forward_batch_deepseek_mha_mixin.py,231,234,fetch_mha_one_shot_kv_indices,True,forward,both,n/a,any,,any,,,high,"Integer prefix sum of lengths, counts or offsets.","python/sglang/srt/model_executor/forward_batch_deepseek_mha_mixin.py:232: kv_indptr[1:] = torch.cumsum(self.seq_lens, dim=0)",,,,False,scanner,sglang-c00690,,False,,Integer cumsum is exact.,0bcd822377da7b5718e674eaf9c870d349424dd1
sglang-0227,sglang,B,torch-op,int64,global,python/sglang/srt/model_executor/forward_batch_info.py,1832,1835,compute_position_torch,True,forward,both,n/a,any,,any,,,high,"Integer prefix sum of lengths, counts or offsets.","python/sglang/srt/model_executor/forward_batch_info.py:1833: extend_start_loc[1:] = torch.cumsum(extend_seq_lens[:-1], dim=0)",,,,False,scanner,sglang-c00691,,False,,Integer cumsum is exact.,0bcd822377da7b5718e674eaf9c870d349424dd1
sglang-0229,sglang,B,torch-op,int64,global,python/sglang/srt/models/dots_vlm_vit.py,322,325,forward,True,forward,both,n/a,any,,any,,,high,"Integer prefix sum of lengths, counts or offsets.",python/sglang/srt/models/dots_vlm_vit.py:323: cu_seqlens = torch.repeat_interleave(,,,,False,scanner,sglang-c00700,,False,,Integer cumsum is exact.,0bcd822377da7b5718e674eaf9c870d349424dd1
sglang-0230,sglang,B,torch-op,int64,global,python/sglang/srt/models/ernie45_vl.py,281,284,fwd_placeholder,True,forward,both,n/a,any,,any,,,high,"Integer prefix sum of lengths, counts or offsets.",python/sglang/srt/models/ernie45_vl.py:282: batch_offset[1:] = tokens_per_img_or_vid.cumsum()[:-1],,,,False,scanner,sglang-c00701,,False,,Integer cumsum is exact.,0bcd822377da7b5718e674eaf9c870d349424dd1
sglang-0231,sglang,B,torch-op,int64,global,python/sglang/srt/models/ernie45_vl.py,485,488,forward,True,forward,both,n/a,any,,any,,,high,"Integer prefix sum of lengths, counts or offsets.",python/sglang/srt/models/ernie45_vl.py:486: cu_seqlens = torch.repeat_interleave(,,,,False,scanner,sglang-c00702,,False,,Integer cumsum is exact.,0bcd822377da7b5718e674eaf9c870d349424dd1
sglang-0232,sglang,B,torch-op,int64,global,python/sglang/srt/models/gemma3n_audio.py,98,101,forward,True,forward,both,n/a,any,,any,,,high,"Integer prefix sum of lengths, counts or offsets.","python/sglang/srt/models/gemma3n_audio.py:99: cum_count_elements = torch.cumsum(elements_in_group_at_t, dim=1)",,,,False,scanner,sglang-c00705,,False,,Integer cumsum is exact.,0bcd822377da7b5718e674eaf9c870d349424dd1
sglang-0233,sglang,B,torch-op,int64,global,python/sglang/srt/models/glm4v.py,506,509,forward,True,forward,both,n/a,any,,any,,,high,"Integer prefix sum of lengths, counts or offsets.",python/sglang/srt/models/glm4v.py:507: cu_seqlens = torch.repeat_interleave(,,,,False,scanner,sglang-c00708,,False,,Integer cumsum is exact.,0bcd822377da7b5718e674eaf9c870d349424dd1
sglang-0234,sglang,B,torch-op,int64,global,python/sglang/srt/models/glm_ocr.py,240,243,forward,True,forward,both,n/a,any,,any,,,high,"Integer prefix sum of lengths, counts or offsets.",python/sglang/srt/models/glm_ocr.py:241: cu_seqlens = torch.repeat_interleave(,,,,False,scanner,sglang-c00709,,False,,Integer cumsum is exact.,0bcd822377da7b5718e674eaf9c870d349424dd1
sglang-0235,sglang,B,torch-op,int64,global,python/sglang/srt/models/idefics2.py,336,339,compute_cu_seqlens,True,forward,both,n/a,any,,any,,,high,"Integer prefix sum of lengths, counts or offsets.","python/sglang/srt/models/idefics2.py:337: torch.cumsum(seqlen, dim=0, dtype=torch.int32),",,,,False,scanner,sglang-c00711,,False,,Integer cumsum is exact.,0bcd822377da7b5718e674eaf9c870d349424dd1
sglang-0236,sglang,B,torch-op,int64,global,python/sglang/srt/models/kimi_k25.py,489,492,forward,True,forward,both,n/a,any,,any,,,high,"Integer prefix sum of lengths, counts or offsets.","python/sglang/srt/models/kimi_k25.py:490: cu_seqlens = lengths.to(hidden_states.device).cumsum(dim=0, dtype=torch.int32)",,,,False,scanner,sglang-c00712,,False,,Integer cumsum is exact.,0bcd822377da7b5718e674eaf9c870d349424dd1
sglang-0237,sglang,B,torch-op,int64,global,python/sglang/srt/models/kimi_vl_moonvit.py,517,520,forward,True,forward,both,n/a,any,,any,,,high,"Integer prefix sum of lengths, counts or offsets.","python/sglang/srt/models/kimi_vl_moonvit.py:518: cu_seqlens = lengths.cumsum(dim=0, dtype=torch.int32)",,,,False,scanner,sglang-c00713,,False,,Integer cumsum is exact.,0bcd822377da7b5718e674eaf9c870d349424dd1
sglang-0238,sglang,B,torch-op,int64,global,python/sglang/srt/models/lfm2_vl.py,251,254,get_image_feature,True,forward,both,n/a,any,,any,,,high,"Integer prefix sum of lengths, counts or offsets.","python/sglang/srt/models/lfm2_vl.py:252: cu_seqlens[1:] = torch.cumsum(lengths, dim=0)",,,,False,scanner,sglang-c00714,,False,,Integer cumsum is exact.,0bcd822377da7b5718e674eaf9c870d349424dd1
sglang-0239,sglang,B,torch-op,int64,global,python/sglang/srt/models/mimo_audio.py,448,451,get_sequence_mask,True,forward,both,n/a,any,,any,,,high,"Integer prefix sum of lengths, counts or offsets.","python/sglang/srt/models/mimo_audio.py:449: unpacking_index = torch.cumsum(sequence_mask.to(torch.int64).view(-1), dim=0) - 1",,,,False,scanner,sglang-c00716,,False,,Integer cumsum is exact.,0bcd822377da7b5718e674eaf9c870d349424dd1
sglang-0240,sglang,B,torch-op,int64,global,python/sglang/srt/models/mimo_audio.py,466,469,get_position_ids,True,forward,both,n/a,any,,any,,,high,"Integer prefix sum of lengths, counts or offsets.","python/sglang/srt/models/mimo_audio.py:467: offset = torch.cat([torch.zeros(1).to(lengths), lengths[:-1].cumsum(dim=0)])",,,,False,scanner,sglang-c00717,,False,,Integer cumsum is exact.,0bcd822377da7b5718e674eaf9c870d349424dd1
sglang-0241,sglang,B,torch-op,int64,global,python/sglang/srt/models/mimo_audio.py,686,689,get_features,True,forward,both,n/a,any,,any,,,high,"Integer prefix sum of lengths, counts or offsets.","python/sglang/srt/models/mimo_audio.py:687: torch.cumsum(output_length, dim=0), (1, 0), ""constant"", 0",,,,False,scanner,sglang-c00718,,False,,Integer cumsum is exact.,0bcd822377da7b5718e674eaf9c870d349424dd1
sglang-0242,sglang,B,torch-op,int64,global,python/sglang/srt/models/mimo_vl.py,433,436,_prepare_forward,True,forward,both,n/a,any,,any,,,high,"Integer prefix sum of lengths, counts or offsets.","python/sglang/srt/models/mimo_vl.py:434: seqlens.cumsum(dim=0).to(device=x.device, dtype=torch.int32),",,,,False,scanner,sglang-c00719,,False,,Integer cumsum is exact.,0bcd822377da7b5718e674eaf9c870d349424dd1
sglang-0243,sglang,B,torch-op,int64,global,python/sglang/srt/models/minicpmv_vit.py,223,226,forward,True,forward,both,n/a,any,,any,,,high,"Integer prefix sum of lengths, counts or offsets.",python/sglang/srt/models/minicpmv_vit.py:224: torch.cumsum(,,,,False,scanner,sglang-c00721,,False,,Integer cumsum is exact.,0bcd822377da7b5718e674eaf9c870d349424dd1
sglang-0244,sglang,B,torch-op,int64,global,python/sglang/srt/models/minicpmv_vit.py,473,476,compute_cu_seqlens,True,forward,both,n/a,any,,any,,,high,"Integer prefix sum of lengths, counts or offsets.","python/sglang/srt/models/minicpmv_vit.py:474: torch.cumsum(seqlen, dim=0, dtype=torch.int32),",,,,False,scanner,sglang-c00722,,False,,Integer cumsum is exact.,0bcd822377da7b5718e674eaf9c870d349424dd1
sglang-0245,sglang,B,torch-op,int64,global,python/sglang/srt/models/moss_vl.py,544,547,forward,True,forward,both,n/a,any,,any,,,high,"Integer prefix sum of lengths, counts or offsets.",python/sglang/srt/models/moss_vl.py:545: cu_seqlens = torch.repeat_interleave(,,,,False,scanner,sglang-c00724,,False,,Integer cumsum is exact.,0bcd822377da7b5718e674eaf9c870d349424dd1
sglang-0246,sglang,B,torch-op,int64,global,python/sglang/srt/models/points_v15_chat.py,55,58,forward,True,forward,both,n/a,any,,any,,,high,"Integer prefix sum of lengths, counts or offsets.",python/sglang/srt/models/points_v15_chat.py:56: cu_seqlens = torch.repeat_interleave(,,,,False,scanner,sglang-c00727,,False,,Integer cumsum is exact.,0bcd822377da7b5718e674eaf9c870d349424dd1
sglang-0247,sglang,B,torch-op,int64,global,python/sglang/srt/models/qwen2_5_vl.py,481,484,get_window_index,True,forward,both,n/a,any,,any,,,high,"Integer prefix sum of lengths, counts or offsets.",python/sglang/srt/models/qwen2_5_vl.py:482: seqlens.cumsum(0) * self.spatial_merge_unit + cu_window_seqlens[-1],,,,False,scanner,sglang-c00728,,False,,Integer cumsum is exact.,0bcd822377da7b5718e674eaf9c870d349424dd1
sglang-0248,sglang,B,torch-op,int64,global,python/sglang/srt/models/qwen2_5_vl.py,563,566,forward,True,forward,both,n/a,any,,any,,,high,"Integer prefix sum of lengths, counts or offsets.","python/sglang/srt/models/qwen2_5_vl.py:564: (grid_thw[:, 0] * grid_thw[:, 1] * grid_thw[:, 2])",,,,False,scanner,sglang-c00729,,False,,Integer cumsum is exact.,0bcd822377da7b5718e674eaf9c870d349424dd1
sglang-0249,sglang,B,torch-op,int64,global,python/sglang/srt/models/qwen2_5_vl.py,659,662,forward_with_cuda_graph,True,forward,both,n/a,any,,any,,,high,"Integer prefix sum of lengths, counts or offsets.","python/sglang/srt/models/qwen2_5_vl.py:660: (grid_thw[:, 0] * grid_thw[:, 1] * grid_thw[:, 2])",,,,False,scanner,sglang-c00730,,False,,Integer cumsum is exact.,0bcd822377da7b5718e674eaf9c870d349424dd1
sglang-0250,sglang,B,torch-op,int64,global,python/sglang/srt/models/qwen3_omni_moe.py,287,290,forward,True,forward,both,n/a,any,,any,,,high,"Integer prefix sum of lengths, counts or offsets.","python/sglang/srt/models/qwen3_omni_moe.py:288: tail_chunk_index = F.pad(chunk_num, (1, 0), value=-1).cumsum(0)[1:]",,,,False,scanner,sglang-c00731,,False,,Integer cumsum is exact.,0bcd822377da7b5718e674eaf9c870d349424dd1
sglang-0251,sglang,B,torch-op,int64,global,python/sglang/srt/models/qwen3_omni_moe.py,346,349,forward,True,forward,both,n/a,any,,any,,,high,"Integer prefix sum of lengths, counts or offsets.","python/sglang/srt/models/qwen3_omni_moe.py:347: cu_seqlens = torch.tensor(cu_chunk_lens, device=aftercnn_lens.device).cumsum(",,,,False,scanner,sglang-c00732,,False,,Integer cumsum is exact.,0bcd822377da7b5718e674eaf9c870d349424dd1
sglang-0253,sglang,B,torch-op,int64,global,python/sglang/srt/models/roberta.py,198,201,create_position_ids_from_input_ids,True,forward,both,n/a,any,,any,,,high,"Integer prefix sum of lengths, counts or offsets.","python/sglang/srt/models/roberta.py:199: torch.cumsum(mask, dim=0).type_as(mask) + past_key_values_length",,,,False,scanner,sglang-c00734,,False,,Integer cumsum is exact.,0bcd822377da7b5718e674eaf9c870d349424dd1
sglang-0255,sglang,B,torch-op,int64,global,python/sglang/srt/models/zaya.py,1077,1080,forward,True,forward,both,n/a,any,,any,,,high,"Integer prefix sum of lengths, counts or offsets.","python/sglang/srt/models/zaya.py:1078: cumsum_mask = torch.cumsum(n_mask, dim=-1)",,,,False,scanner,sglang-c00738,,False,,Integer cumsum is exact.,0bcd822377da7b5718e674eaf9c870d349424dd1
sglang-0256,sglang,B,torch-op,int64,global,python/sglang/srt/multimodal/processors/moss_vl.py,194,197,_compute_position_ids,True,forward,both,n/a,any,,any,,,high,"Integer prefix sum of lengths, counts or offsets.",python/sglang/srt/multimodal/processors/moss_vl.py:195: cumulative_regular = is_regular_token.long().cumsum(dim=1),,,,False,scanner,sglang-c00739,,False,,Integer cumsum is exact.,0bcd822377da7b5718e674eaf9c870d349424dd1
sglang-0257,sglang,B,torch-op,int64,global,python/sglang/srt/multimodal/processors/moss_vl.py,267,270,_compute_vision_position_ids,True,forward,both,n/a,any,,any,,,high,"Integer prefix sum of lengths, counts or offsets.",python/sglang/srt/multimodal/processors/moss_vl.py:268: cum_shifts = shift_map.cumsum(dim=1),,,,False,scanner,sglang-c00740,,False,,Integer cumsum is exact.,0bcd822377da7b5718e674eaf9c870d349424dd1
sglang-0258,sglang,B,torch-op,int64,global,python/sglang/srt/speculative/dflash_info.py,159,162,generate_attn_arg_prefill,True,forward,both,n/a,any,,any,,,high,"Integer prefix sum of lengths, counts or offsets.","python/sglang/srt/speculative/dflash_info.py:161: cum_kv_seq_len[1:] = torch.cumsum(paged_kernel_lens, dim=0)",,,,False,scanner,sglang-c00746,,False,,Integer cumsum is exact. The padding added before the prefix sum is now the per-request verify_lens rather than a constant draft_token_num (dflash_info.py:160).,0bcd822377da7b5718e674eaf9c870d349424dd1
sglang-0259,sglang,B,torch-op,int64,global,python/sglang/srt/speculative/eagle_info.py,102,105,generate_attn_arg_prefill,True,forward,both,n/a,any,,any,,,high,"Integer prefix sum of lengths, counts or offsets.","python/sglang/srt/speculative/eagle_info.py:103: cum_kv_seq_len[1:] = torch.cumsum(paged_kernel_lens, dim=0)",,,,False,scanner,sglang-c00760,,False,,Integer cumsum is exact.,0bcd822377da7b5718e674eaf9c870d349424dd1
sglang-0260,sglang,B,torch-op,int64,global,python/sglang/srt/speculative/eagle_info.py,370,373,generate_attn_arg_prefill,True,forward,both,n/a,any,,any,,,high,"Integer prefix sum of lengths, counts or offsets.","python/sglang/srt/speculative/eagle_info.py:371: cum_kv_seq_len[1:] = torch.cumsum(paged_kernel_lens, dim=0)",,,,False,scanner,sglang-c00761,,False,,Integer cumsum is exact.,0bcd822377da7b5718e674eaf9c870d349424dd1
sglang-0261,sglang,B,torch-op,int64,global,python/sglang/srt/speculative/eagle_utils.py,317,320,sgl_build_tree_kernel_triton,True,forward,both,n/a,any,,any,,,high,"Integer prefix sum of lengths, counts or offsets.","python/sglang/srt/speculative/eagle_utils.py:318: seq_len_prefix_sum = torch.cumsum(verified_seq_len, dim=0) - verified_seq_len",,,,False,scanner,sglang-c00762,,False,,Integer cumsum is exact.,0bcd822377da7b5718e674eaf9c870d349424dd1
sglang-0262,sglang,B,torch-op,int64,global,python/sglang/srt/speculative/frozen_kv_mtp_utils.py,153,156,select_last_extend_hidden,True,forward,both,n/a,any,,any,,,high,"Integer prefix sum of lengths, counts or offsets.","python/sglang/srt/speculative/frozen_kv_mtp_utils.py:154: last_indices = torch.cumsum(lens, dim=0) - 1",,,,False,scanner,sglang-c00764,,False,,Integer cumsum is exact.,0bcd822377da7b5718e674eaf9c870d349424dd1
sglang-0263,sglang,B,torch-op,int64,global,python/sglang/srt/speculative/ngram_info.py,70,73,generate_attn_arg_prefill,True,forward,both,n/a,any,,any,,,high,"Integer prefix sum of lengths, counts or offsets.","python/sglang/srt/speculative/ngram_info.py:71: cum_kv_seq_len[1:] = torch.cumsum(paged_kernel_lens, dim=0)",,,,False,scanner,sglang-c00765,,False,,Integer cumsum is exact.,0bcd822377da7b5718e674eaf9c870d349424dd1
sglang-0264,sglang,C,library-call,n/a,n/a,python/sglang/srt/layers/quantization/unquant.py,327,330,UnquantizedLinearMethod.apply,True,forward,both,both,any,,any,,,high,Every unquantised linear layer: F.linear (cuBLAS/cuBLASLt through ATen). Deterministic mode patches matmul through batch_invariant_ops (sglang/srt/batch_invariant_ops).,"python/sglang/srt/layers/quantization/unquant.py:329: return F.linear(x, layer.weight, bias) | python/sglang/srt/layers/quantization/unquant.py:404: second apply variant",,cuBLASLt,,False,manual,,,False,cuBLASLt linear bf16: identical/identical (NVIDIA-B200-580.167.08-torch2.13.0+cu130; relation=operator_example; evaluations=240; kernel_identity_verified=False) | cuBLASLt mm bf16: identical/identical (NVIDIA-B200-580.167.08-torch2.13.0+cu130; relation=operator_example; evaluations=240; kernel_identity_verified=False) | cuBLASLt linear bf16: identical/identical (NVIDIA-H100-80GB-HBM3-580.126.09-torch2.13.0+cu130; relation=operator_example; evaluations=480; kernel_identity_verified=False) | cuBLASLt linear fp16: identical/identical (NVIDIA-H100-80GB-HBM3-580.126.09-torch2.13.0+cu130; relation=operator_example; evaluations=240; kernel_identity_verified=False) | cuBLASLt mm bf16: identical/identical (NVIDIA-H100-80GB-HBM3-580.126.09-torch2.13.0+cu130; relation=operator_example; evaluations=480; kernel_identity_verified=False) | cuBLASLt mm fp16: identical/identical (NVIDIA-H100-80GB-HBM3-580.126.09-torch2.13.0+cu130; relation=operator_example; evaluations=240; kernel_identity_verified=False) | sglang_qwen3_8b_bf16_deterministic_mode_x6: identical/identical (NVIDIA-H100-80GB-HBM3-580.126.09-torch2.13.0+cu130; relation=end_to_end_configuration; evaluations=14; kernel_identity_verified=False) | sglang_qwen3_8b_bf16_no_overlap_x6: DIFFERS/identical (NVIDIA-H100-80GB-HBM3-580.126.09-torch2.13.0+cu130; relation=end_to_end_configuration; evaluations=14; kernel_identity_verified=False) | cuBLASLt linear bf16: identical/identical (NVIDIA-RTX-PRO-6000-Blackwell-Server-Edition-595.91.07-torch2.14.0+cu130; relation=operator_example; evaluations=240; kernel_identity_verified=False) | cuBLASLt mm bf16: identical/identical (NVIDIA-RTX-PRO-6000-Blackwell-Server-Edition-595.91.07-torch2.14.0+cu130; relation=operator_example; evaluations=240; kernel_identity_verified=False),,0bcd822377da7b5718e674eaf9c870d349424dd1
sglang-0265,sglang,C,library-call,n/a,n/a,python/sglang/srt/layers/quantization/fp8_utils.py,1771,1775,_apply_fallback_scaled_mm (torch._scaled_mm),True,forward,both,both,any,,any,,,high,"FP8 per-tensor/per-token linear through torch._scaled_mm (also 2025, 2039): cuBLASLt.",python/sglang/srt/layers/quantization/fp8_utils.py:1773: torch._scaled_mm(,,cuBLASLt,,False,scanner,sglang-c00634,,False,cuBLASLt linear bf16: identical/identical (NVIDIA-B200-580.167.08-torch2.13.0+cu130; relation=operator_example; evaluations=240; kernel_identity_verified=False) | cuBLASLt mm bf16: identical/identical (NVIDIA-B200-580.167.08-torch2.13.0+cu130; relation=operator_example; evaluations=240; kernel_identity_verified=False) | cuBLASLt linear bf16: identical/identical (NVIDIA-H100-80GB-HBM3-580.126.09-torch2.13.0+cu130; relation=operator_example; evaluations=480; kernel_identity_verified=False) | cuBLASLt linear fp16: identical/identical (NVIDIA-H100-80GB-HBM3-580.126.09-torch2.13.0+cu130; relation=operator_example; evaluations=240; kernel_identity_verified=False) | cuBLASLt mm bf16: identical/identical (NVIDIA-H100-80GB-HBM3-580.126.09-torch2.13.0+cu130; relation=operator_example; evaluations=480; kernel_identity_verified=False) | cuBLASLt mm fp16: identical/identical (NVIDIA-H100-80GB-HBM3-580.126.09-torch2.13.0+cu130; relation=operator_example; evaluations=240; kernel_identity_verified=False) | cuBLASLt linear bf16: identical/identical (NVIDIA-RTX-PRO-6000-Blackwell-Server-Edition-595.91.07-torch2.14.0+cu130; relation=operator_example; evaluations=240; kernel_identity_verified=False) | cuBLASLt mm bf16: identical/identical (NVIDIA-RTX-PRO-6000-Blackwell-Server-Edition-595.91.07-torch2.14.0+cu130; relation=operator_example; evaluations=240; kernel_identity_verified=False),,0bcd822377da7b5718e674eaf9c870d349424dd1
sglang-0266,sglang,C,library-call,n/a,n/a,python/sglang/srt/layers/quantization/fp8_utils.py,402,409,flashinfer_bmm_fp8,True,forward,both,both,any,,any,,,high,FP8 batched matmul for MLA through FlashInfer's bmm_fp8 (cuBLASLt).,python/sglang/srt/layers/quantization/fp8_utils.py:410: return _raw_flashinfer_bmm_fp8(,,cuBLASLt,,False,manual,,,False,cuBLASLt linear bf16: identical/identical (NVIDIA-B200-580.167.08-torch2.13.0+cu130; relation=operator_example; evaluations=240; kernel_identity_verified=False) | cuBLASLt mm bf16: identical/identical (NVIDIA-B200-580.167.08-torch2.13.0+cu130; relation=operator_example; evaluations=240; kernel_identity_verified=False) | cuBLASLt linear bf16: identical/identical (NVIDIA-H100-80GB-HBM3-580.126.09-torch2.13.0+cu130; relation=operator_example; evaluations=480; kernel_identity_verified=False) | cuBLASLt linear fp16: identical/identical (NVIDIA-H100-80GB-HBM3-580.126.09-torch2.13.0+cu130; relation=operator_example; evaluations=240; kernel_identity_verified=False) | cuBLASLt mm bf16: identical/identical (NVIDIA-H100-80GB-HBM3-580.126.09-torch2.13.0+cu130; relation=operator_example; evaluations=480; kernel_identity_verified=False) | cuBLASLt mm fp16: identical/identical (NVIDIA-H100-80GB-HBM3-580.126.09-torch2.13.0+cu130; relation=operator_example; evaluations=240; kernel_identity_verified=False) | cuBLASLt linear bf16: identical/identical (NVIDIA-RTX-PRO-6000-Blackwell-Server-Edition-595.91.07-torch2.14.0+cu130; relation=operator_example; evaluations=240; kernel_identity_verified=False) | cuBLASLt mm bf16: identical/identical (NVIDIA-RTX-PRO-6000-Blackwell-Server-Edition-595.91.07-torch2.14.0+cu130; relation=operator_example; evaluations=240; kernel_identity_verified=False),,0bcd822377da7b5718e674eaf9c870d349424dd1
sglang-0267,sglang,C,library-call,n/a,n/a,python/sglang/srt/layers/attention/trtllm_mha_backend.py,1173,1178,_run_fixed_q_len_decode (TRTLLM MHA backend),True,forward,both,both,any,,any,,,high,"trtllm_batch_decode_with_kv_cache / trtllm_batch_context_with_kv_cache (lines 1173, 1439 and 1456 for decode, 1530 for context): TensorRT-LLM-gen attention cubins through FlashInfer (also the trtllm_mla backend).",python/sglang/srt/layers/attention/trtllm_mha_backend.py:1173: flashinfer.decode.trtllm_batch_decode_with_kv_cache( | python/sglang/srt/layers/attention/trtllm_mha_backend.py:1530: flashinfer.prefill.trtllm_batch_context_with_kv_cache(,,TensorRT-LLM cubin,,False,manual,,,False,fi_decode_trtllm-gen: identical/identical (NVIDIA-B200-580.167.08-torch2.13.0+cu130; relation=operator_example; evaluations=8; kernel_identity_verified=False) | sglang_qwen3_8b_bf16_trtllm_mha_x6: identical/identical (NVIDIA-B200-580.167.08-torch2.13.0+cu130; relation=end_to_end_configuration; evaluations=14; kernel_identity_verified=False),"Default attention backend on sm100 for several model families (arg_groups/model_override_base.py:320, arg_groups/model_overrides/gemma4.py:28). forward_decode now reaches the cubin through the _run_fixed_q_len_decode helper (trtllm_mha_backend.py:1306-1316).",0bcd822377da7b5718e674eaf9c870d349424dd1
sglang-0268,sglang,C,library-call,n/a,n/a,python/sglang/srt/layers/attention/vision.py,745,749,vision attention (cuDNN),unknown,forward,both,both,any,,any,,,high,Vision encoder attention through FlashInfer's cudnn_batch_prefill_with_kv_cache.,python/sglang/srt/layers/attention/vision.py:747: cudnn_batch_prefill_with_kv_cache(,,cuDNN,,False,scanner,sglang-c00587,,False,,,0bcd822377da7b5718e674eaf9c870d349424dd1
sglang-0269,sglang,C,library-call,n/a,n/a,python/sglang/srt/distributed/parallel_state.py,430,436,GroupCoordinator (PyNccl),True,forward,both,both,any,,any,,,high,"Tensor-parallel collectives fall back to PyNccl (NCCL) when the custom all-reduce is not used; torch.distributed is called throughout srt, with 22 torch.distributed.all_reduce call sites at this sha.",python/sglang/srt/distributed/parallel_state.py:432: from sglang.srt.distributed.device_communicators.pynccl import ...,,NCCL,,False,manual,,,False,nccl_allreduce_rank0_Tree: identical/identical (NVIDIA-H100-80GB-HBM3-580.126.09-torch2.13.0+cu130; relation=operator_example; evaluations=8; kernel_identity_verified=False) | nccl_allreduce_rank0_default: identical/identical (NVIDIA-H100-80GB-HBM3-580.126.09-torch2.13.0+cu130; relation=operator_example; evaluations=8; kernel_identity_verified=False) | nccl_allreduce_rank1_Tree: identical/identical (NVIDIA-H100-80GB-HBM3-580.126.09-torch2.13.0+cu130; relation=operator_example; evaluations=8; kernel_identity_verified=False) | nccl_allreduce_rank1_default: identical/identical (NVIDIA-H100-80GB-HBM3-580.126.09-torch2.13.0+cu130; relation=operator_example; evaluations=8; kernel_identity_verified=False) | sglang_qwen3_8b_bf16_tp2_x6: DIFFERS/identical (NVIDIA-H100-80GB-HBM3-580.126.09-torch2.13.0+cu130; relation=end_to_end_configuration; evaluations=14; kernel_identity_verified=False) | nccl_allreduce_rank0_Tree_cancellation: identical/identical (NVIDIA-L40S-580.178.04-torch2.9.1+cu130; relation=operator_example; evaluations=8; kernel_identity_verified=False) | nccl_allreduce_rank0_Tree_random: identical/identical (NVIDIA-L40S-580.178.04-torch2.9.1+cu130; relation=operator_example; evaluations=8; kernel_identity_verified=False) | nccl_allreduce_rank0_default_cancellation: identical/identical (NVIDIA-L40S-580.178.04-torch2.9.1+cu130; relation=operator_example; evaluations=8; kernel_identity_verified=False) | nccl_allreduce_rank0_default_random: identical/identical (NVIDIA-L40S-580.178.04-torch2.9.1+cu130; relation=operator_example; evaluations=8; kernel_identity_verified=False) | nccl_allreduce_rank1_Tree_cancellation: identical/identical (NVIDIA-L40S-580.178.04-torch2.9.1+cu130; relation=operator_example; evaluations=8; kernel_identity_verified=False) | nccl_allreduce_rank1_Tree_random: identical/identical (NVIDIA-L40S-580.178.04-torch2.9.1+cu130; relation=operator_example; evaluations=8; kernel_identity_verified=False) | nccl_allreduce_rank1_default_cancellation: identical/identical (NVIDIA-L40S-580.178.04-torch2.9.1+cu130; relation=operator_example; evaluations=8; kernel_identity_verified=False) | nccl_allreduce_rank1_default_random: identical/identical (NVIDIA-L40S-580.178.04-torch2.9.1+cu130; relation=operator_example; evaluations=8; kernel_identity_verified=False) | nccl_allreduce_rank2_Tree_cancellation: identical/identical (NVIDIA-L40S-580.178.04-torch2.9.1+cu130; relation=operator_example; evaluations=8; kernel_identity_verified=False) | nccl_allreduce_rank2_Tree_random: identical/identical (NVIDIA-L40S-580.178.04-torch2.9.1+cu130; relation=operator_example; evaluations=8; kernel_identity_verified=False) | nccl_allreduce_rank2_default_cancellation: identical/identical (NVIDIA-L40S-580.178.04-torch2.9.1+cu130; relation=operator_example; evaluations=8; kernel_identity_verified=False) | nccl_allreduce_rank2_default_random: identical/identical (NVIDIA-L40S-580.178.04-torch2.9.1+cu130; relation=operator_example; evaluations=8; kernel_identity_verified=False),,0bcd822377da7b5718e674eaf9c870d349424dd1
sglang-0271,sglang,C,library-call,n/a,n/a,python/sglang/srt/layers/moe/moe_runner/flashinfer_cutlass.py,232,236,FlashInfer CUTLASS MoE runner,False,forward,both,both,any,,any,,,high,"moe_runner_backend flashinfer_cutlass: calls flashinfer cutlass_fused_moe with use_fused_finalize taken from SGLANG_FLASHINFER_MOE_FUSED_FINALIZE, which is EnvBool(True), so the finalize is still the atomic epilogue by default (flashinfer-0001, class A).",python/sglang/srt/layers/moe/moe_runner/flashinfer_cutlass.py:234: output = flashinfer_cutlass_fused_moe( | python/sglang/srt/layers/moe/moe_runner/flashinfer_cutlass.py:251: use_fused_finalize=envs.SGLANG_FLASHINFER_MOE_FUSED_FINALIZE.get() on that call | python/sglang/srt/layers/moe/moe_runner/flashinfer_cutlass.py:412: second call site | python/sglang/srt/layers/moe/moe_runner/flashinfer_cutlass.py:439: use_fused_finalize=envs.SGLANG_FLASHINFER_MOE_FUSED_FINALIZE.get() on the second call | python/sglang/srt/environ.py:974: SGLANG_FLASHINFER_MOE_FUSED_FINALIZE = EnvBool(True),,other,,False,manual,,,False,,Opt-in backend at this sha; recorded as the engine-side entry to a class-A FlashInfer site. Since the July pin SGLang exposes the finalize choice: setting SGLANG_FLASHINFER_MOE_FUSED_FINALIZE=0 selects FlashInfer's deterministic non-fused finalize.,0bcd822377da7b5718e674eaf9c870d349424dd1
sglang-0272,sglang,B,torch-op,unknown,global,python/sglang/srt/layers/sparse_pooler.py,88,90,SparsePooler.forward,True,forward,both,n/a,any,,any,,,high,Sparse embedding pooling: scatter_reduce_ with amax of token weights into vocabulary slots.,"python/sglang/srt/layers/sparse_pooler.py:89-91: scatter_reduce_(0, flat_indices, token_weights, reduce='amax') on float token weights",,,sparse (SPLADE-style) pooling models,False,scanner,sglang-c00644,,False,,"Max is exact regardless of order, including for duplicate indices, so no float accumulation. dtype follows token_weights.",0bcd822377da7b5718e674eaf9c870d349424dd1
sglang-0273,sglang,A,torch-op,unknown,global,python/sglang/srt/layers/pooler.py,68,71,pool_hidden_states (MEAN branch),True,forward,prefill,n/a,any,,any,torch.use_deterministic_algorithms,False,high,"Mean pooling for embedding and reward models: a float cumsum over the whole packed hidden-state tensor, differenced at the per-request end indices to get each request's sum. New since the July pin, when pool_hidden_states supported only LAST and CLS.","python/sglang/srt/layers/pooler.py:68: cumulative_hidden_states = torch.cumsum(hidden_states, dim=0) over the float hidden states | python/sglang/srt/layers/pooler.py:69-72: the prefix sums are differenced per request and divided by the prompt length | python/sglang/srt/layers/pooler.py:65: the branch is taken when pooling_type is PoolingType.MEAN | python/sglang/srt/models/gemma3_causal.py:975: Pooler(pooling_type=PoolingType.MEAN, normalize=False) | python/sglang/srt/layers/pooler.py:158: Pooler.forward calls pool_hidden_states with the configured pooling type",,,"An embedding or reward model whose Pooler is built with PoolingType.MEAN, for example Gemma3 at models/gemma3_causal.py:975. No option has to be changed.",False,scanner,sglang-c00633,python/sglang/srt/layers/pooler.py:158;python/sglang/srt/layers/pooler.py:187,True,,"PyTorch lists CUDA float cumsum as non-deterministic unless deterministic algorithms are enabled. The dtype follows the model's hidden-state dtype, bfloat16 for a stock Gemma3 embedding deployment. Same PyTorch caveat as the sampler cumsum (sglang-0031) and the Gemma3n audio cumsum (sglang-0035). The LAST and CLS branches next to it are integer prefix sums over lengths (sglang-0201, sglang-0202, sglang-0274).",0bcd822377da7b5718e674eaf9c870d349424dd1
sglang-0274,sglang,B,torch-op,int64,global,python/sglang/srt/layers/pooler.py,65,67,pool_hidden_states (MEAN branch),True,forward,prefill,n/a,any,,any,,,high,"Integer prefix sum of lengths, counts or offsets.","python/sglang/srt/layers/pooler.py:67: end_indices = torch.cumsum(prompt_lens, dim=0) - 1",,,,False,scanner,sglang-c00632,,False,,Integer cumsum is exact. Sibling of sglang-0201 and sglang-0202 in the MEAN branch added since the July pin.,0bcd822377da7b5718e674eaf9c870d349424dd1
sglang-0275,sglang,C,ptx-multimem-ld_reduce,bfloat162,global,python/sglang/kernels/ops/communication/mnnvl_cutedsl/cute_dsl_primitives.py,802,807,ldmc_bf16x8,False,forward,both,both,any,,TP,SGLANG_FLASHINFER_MNNVL_CUTEDSL_AR_FUSION,False,high,"MNNVL CuTe DSL fused all-reduce: each rank loads the multicast address with multimem.ld_reduce.add.acc::f32.v4.bf16x2, so the NVLink switch sums the peers' bf16 contributions in fp32 in an order the source does not fix. Launched from the reduction loop of the fused all-reduce plus residual plus RMSNorm kernel.",python/sglang/kernels/ops/communication/mnnvl_cutedsl/cute_dsl_primitives.py:806: multimem.ld_reduce.relaxed.sys.global.add.acc::f32.v4.bf16x2 inline PTX | python/sglang/kernels/ops/communication/mnnvl_cutedsl/kernel_ht/device_kernel.py:950: reduced_packed = ldmc_bf16x8(input_address) in the reduction loop | python/sglang/srt/environ.py:1592: SGLANG_FLASHINFER_MNNVL_CUTEDSL_AR_FUSION = EnvBool(False),,hardware-multicast,,False,scanner,sglang-c00276,python/sglang/kernels/ops/communication/mnnvl_cutedsl/kernel_ht/device_kernel.py:950,False,,"Same construction as FlashInfer's NVLS all-reduce loads (flashinfer-0026, flashinfer-0089). New at this pin: SGLang vendored the MNNVL CuTe DSL all-reduce into its kernel library.",0bcd822377da7b5718e674eaf9c870d349424dd1
sglang-0276,sglang,A3,atomicAdd,half2,global,python/sglang/kernels/jit/csrc/gemm/marlin_moe/marlin_template.h,1640,1645,Marlin MoE (write-out with use_atomic_add),True,forward,both,moe,gptq_marlin;awq_marlin;compressed-tensors wNa16;fp8 marlin;fp4 marlin,,any,"use_atomic_add (computed in fused_marlin_moe, not read from should_use_atomic_add_reduce)","True on compute capability 9 or later, or for half activations on any device, unless the checkpoint is mxfp4 Marlin",high,"SGLang's MoE Marlin port, JIT compiled from python/sglang/kernels/jit/csrc/gemm/marlin_moe/marlin_template.h: when use_atomic_add is set and a column slice spans several blocks, each slice's partial product is atomically added into the expert's output row, so the K slices accumulate in arrival order. This is the same K-slice reduction as sglang-0008, in the quantised MoE kernel rather than the dense linear one. The MoE path computes use_atomic_add itself and never calls should_use_atomic_add_reduce, so neither the shape condition that bounds sglang-0008 nor the environment switch that guard is written around applies here.","python/sglang/kernels/jit/csrc/gemm/marlin_moe/marlin_template.h:1641: atomicAdd(&C_half2[a], res) under if (use_atomic_add && slice_count > 1) at 1640 | python/sglang/srt/layers/moe/fused_moe_triton/fused_marlin_moe.py:300-303: use_atomic_add = (hidden_states.dtype == torch.half or torch.cuda.get_device_capability(hidden_states.device)[0] >= 9) and (not is_mxfp4_marlin) | python/sglang/srt/layers/moe/fused_moe_triton/fused_marlin_moe.py:329: the first Marlin GEMM call passes use_atomic_add=use_atomic_add; the second passes it at :392 | python/sglang/kernels/ops/moe/moe_wna16_marlin.py:171: moe_wna16_marlin_gemm forwards use_atomic_add to the kernel | python/sglang/srt/layers/quantization/marlin_utils.py:463-485: should_use_atomic_add_reduce, the shape and environment guard sglang-0008 records, is defined here and is not called from the MoE path | python/sglang/srt/layers/moe/moe_runner/marlin.py:174: the Marlin MoE runner calls fused_marlin_moe | python/sglang/srt/layers/quantization/compressed_tensors/schemes/compressed_tensors_wNa16_moe.py:474: the compressed-tensors WNA16 MoE scheme calls fused_marlin_moe",,,"a quantised MoE checkpoint served through the Marlin MoE runner or the compressed-tensors WNA16 MoE scheme, on a device of compute capability 9 or later, or with half activations on any device, and a K split that gives slice_count > 1",False,scanner,sglang-c00130,python/sglang/srt/layers/moe/moe_runner/marlin.py:174;python/sglang/srt/layers/quantization/compressed_tensors/schemes/compressed_tensors_wNa16_moe.py:474;python/sglang/srt/layers/moe/fused_moe_triton/fused_marlin_moe.py:305;python/sglang/srt/layers/moe/fused_moe_triton/fused_marlin_moe.py:368,True,,"Source reading only. No probe in this census exercises the MoE Marlin path, so this row carries no runtime evidence and states no measured verdict; the measured Marlin evidence on sglang-0008 is the dense linear kernel and does not transfer. The site is not new at this pin: the same code is at fused_marlin_moe.py:217 and jit_kernel/csrc/gemm/marlin_moe/marlin_template.h:1629 at b41552334d46. The census did not see it before because the JIT tree was outside the scan scope until this pin. The upstream issue and pull request the census filed about the dead 'if not True' guard concern should_use_atomic_add_reduce and therefore do not cover this path.",0bcd822377da7b5718e674eaf9c870d349424dd1
vllm-0001,vllm,A,atomicAdd,half2,global,csrc/libtorch_stable/quantization/gptq/q_gemm.cu,250,257,gemm_half_q_half_gptq_4bit_kernel,False,forward,both,dense,gptq;compressed-tensors wNa16,,any,,,high,"Exllama 4-bit GEMM: GPTQ, AutoGPTQ and compressed-tensors wNa16 linear layers when ExllamaLinearKernel is selected. It is sixth in the CUDA priority list (CutlassW4A8, Machete, AllSpark, Marlin, Conch, Exllama, ...), so it is reached only when every earlier kernel cannot implement the layer or is disabled through VLLM_DISABLED_KERNELS. exllama.py always passes use_exllama=True. K is split across blockIdx.z and every z-block atomically adds its fp16 partial into the output; used only when size_m <= 50 (24 for 8-bit), larger M reconstructs the weight and calls cuBLAS.","csrc/libtorch_stable/quantization/gptq/q_gemm.cu:255-256: atomicAdd(out, result01); atomicAdd(out + 1, result23) on half2 output | vllm/model_executor/kernels/linear/__init__.py:479-489: _POSSIBLE_KERNELS[CUDA] order: CutlassW4A8, Machete, AllSpark, Marlin, Conch, Exllama, TritonW4A16, Humming; choose_mp_linear_kernel returns the first that can_implement | vllm/model_executor/kernels/linear/mixed_precision/exllama.py:169-171: ops.gptq_gemm(x_2d, w_q, w_zp, w_s, w_g_idx, True, use_v2_format, bits): use_exllama is hard-coded True | csrc/libtorch_stable/quantization/gptq/q_gemm.cu:669: gridDim.z = DIVIDE(size_k, BLOCK_KN_SIZE): the K dimension is split across blocks | csrc/libtorch_stable/quantization/gptq/q_gemm.cu:146: offset_k = blockIdx.z * BLOCK_KN_SIZE: each z-block handles one K chunk of the same output tile | csrc/libtorch_stable/quantization/gptq/q_gemm.cu:1438-1440: use_reconstruct when size_m > MAX_Q_GEMM_ROWS (50) or > MAX_Q_GEMM_ROWS_8BIT (24); otherwise the atomic kernel runs | vllm/envs.py:127: VLLM_DISABLED_KERNELS defaults to an empty list",,,,False,scanner,vllm-c00104;vllm-c00105,vllm/model_executor/kernels/linear/mixed_precision/exllama.py:169;csrc/libtorch_stable/quantization/gptq/q_gemm.cu:1467-1477,False,,"This is the kernel Cankaya 2026 identified (q_gemm.cu:319-320 in vLLM 0.11.2). Not on the default path at this sha because Marlin (and Machete on sm90+) precede it in the kernel priority list; it is reached when those are disabled or cannot implement the layer. New at this sha: choose_mp_linear_kernel first applies --linear-backend filtering, and --linear-backend=exllama narrows the list to ExllamaLinearKernel, so that setting also reaches this kernel; the option defaults to auto (vllm/config/kernel.py:269), which leaves the priority list unchanged.",98dff2a81d747d1dba01a47f939f48c3526d4206
vllm-0002,vllm,A,atomicAdd,half2,global,csrc/libtorch_stable/quantization/gptq/q_gemm.cu,367,374,gemm_half_q_half_gptq_2bit_kernel,False,forward,both,dense,gptq;compressed-tensors wNa16,,any,,,high,"Exllama 2-bit GEMM: GPTQ, AutoGPTQ and compressed-tensors wNa16 linear layers when ExllamaLinearKernel is selected. It is sixth in the CUDA priority list (CutlassW4A8, Machete, AllSpark, Marlin, Conch, Exllama, ...), so it is reached only when every earlier kernel cannot implement the layer or is disabled through VLLM_DISABLED_KERNELS. exllama.py always passes use_exllama=True. K is split across blockIdx.z and every z-block atomically adds its fp16 partial into the output; used only when size_m <= 50 (24 for 8-bit), larger M reconstructs the weight and calls cuBLAS.","csrc/libtorch_stable/quantization/gptq/q_gemm.cu:372-373: atomicAdd(out, result01); atomicAdd(out + 1, result23) on half2 output | vllm/model_executor/kernels/linear/__init__.py:479-489: _POSSIBLE_KERNELS[CUDA] order: CutlassW4A8, Machete, AllSpark, Marlin, Conch, Exllama, TritonW4A16, Humming; choose_mp_linear_kernel returns the first that can_implement | vllm/model_executor/kernels/linear/mixed_precision/exllama.py:169-171: ops.gptq_gemm(x_2d, w_q, w_zp, w_s, w_g_idx, True, use_v2_format, bits): use_exllama is hard-coded True | csrc/libtorch_stable/quantization/gptq/q_gemm.cu:669: gridDim.z = DIVIDE(size_k, BLOCK_KN_SIZE): the K dimension is split across blocks | csrc/libtorch_stable/quantization/gptq/q_gemm.cu:146: offset_k = blockIdx.z * BLOCK_KN_SIZE: each z-block handles one K chunk of the same output tile | csrc/libtorch_stable/quantization/gptq/q_gemm.cu:1438-1440: use_reconstruct when size_m > MAX_Q_GEMM_ROWS (50) or > MAX_Q_GEMM_ROWS_8BIT (24); otherwise the atomic kernel runs | vllm/envs.py:127: VLLM_DISABLED_KERNELS defaults to an empty list",,,,False,scanner,vllm-c00106;vllm-c00107,vllm/model_executor/kernels/linear/mixed_precision/exllama.py:169;csrc/libtorch_stable/quantization/gptq/q_gemm.cu:1467-1477,False,,"This is the kernel Cankaya 2026 identified (q_gemm.cu:319-320 in vLLM 0.11.2). Not on the default path at this sha because Marlin (and Machete on sm90+) precede it in the kernel priority list; it is reached when those are disabled or cannot implement the layer. New at this sha: choose_mp_linear_kernel first applies --linear-backend filtering, and --linear-backend=exllama narrows the list to ExllamaLinearKernel, so that setting also reaches this kernel; the option defaults to auto (vllm/config/kernel.py:269), which leaves the priority list unchanged.",98dff2a81d747d1dba01a47f939f48c3526d4206
vllm-0003,vllm,A,atomicAdd,half2,global,csrc/libtorch_stable/quantization/gptq/q_gemm.cu,491,498,gemm_half_q_half_gptq_3bit_kernel,False,forward,both,dense,gptq;compressed-tensors wNa16,,any,,,high,"Exllama 3-bit GEMM: GPTQ, AutoGPTQ and compressed-tensors wNa16 linear layers when ExllamaLinearKernel is selected. It is sixth in the CUDA priority list (CutlassW4A8, Machete, AllSpark, Marlin, Conch, Exllama, ...), so it is reached only when every earlier kernel cannot implement the layer or is disabled through VLLM_DISABLED_KERNELS. exllama.py always passes use_exllama=True. K is split across blockIdx.z and every z-block atomically adds its fp16 partial into the output; used only when size_m <= 50 (24 for 8-bit), larger M reconstructs the weight and calls cuBLAS.","csrc/libtorch_stable/quantization/gptq/q_gemm.cu:496-497: atomicAdd(out, result01); atomicAdd(out + 1, result23) on half2 output | vllm/model_executor/kernels/linear/__init__.py:479-489: _POSSIBLE_KERNELS[CUDA] order: CutlassW4A8, Machete, AllSpark, Marlin, Conch, Exllama, TritonW4A16, Humming; choose_mp_linear_kernel returns the first that can_implement | vllm/model_executor/kernels/linear/mixed_precision/exllama.py:169-171: ops.gptq_gemm(x_2d, w_q, w_zp, w_s, w_g_idx, True, use_v2_format, bits): use_exllama is hard-coded True | csrc/libtorch_stable/quantization/gptq/q_gemm.cu:669: gridDim.z = DIVIDE(size_k, BLOCK_KN_SIZE): the K dimension is split across blocks | csrc/libtorch_stable/quantization/gptq/q_gemm.cu:146: offset_k = blockIdx.z * BLOCK_KN_SIZE: each z-block handles one K chunk of the same output tile | csrc/libtorch_stable/quantization/gptq/q_gemm.cu:1438-1440: use_reconstruct when size_m > MAX_Q_GEMM_ROWS (50) or > MAX_Q_GEMM_ROWS_8BIT (24); otherwise the atomic kernel runs | vllm/envs.py:127: VLLM_DISABLED_KERNELS defaults to an empty list",,,,False,scanner,vllm-c00108;vllm-c00109,vllm/model_executor/kernels/linear/mixed_precision/exllama.py:169;csrc/libtorch_stable/quantization/gptq/q_gemm.cu:1467-1477,False,,"This is the kernel Cankaya 2026 identified (q_gemm.cu:319-320 in vLLM 0.11.2). Not on the default path at this sha because Marlin (and Machete on sm90+) precede it in the kernel priority list; it is reached when those are disabled or cannot implement the layer. New at this sha: choose_mp_linear_kernel first applies --linear-backend filtering, and --linear-backend=exllama narrows the list to ExllamaLinearKernel, so that setting also reaches this kernel; the option defaults to auto (vllm/config/kernel.py:269), which leaves the priority list unchanged.",98dff2a81d747d1dba01a47f939f48c3526d4206
vllm-0004,vllm,A,atomicAdd,half2,global,csrc/libtorch_stable/quantization/gptq/q_gemm.cu,611,618,gemm_half_q_half_gptq_8bit_kernel,False,forward,both,dense,gptq;compressed-tensors wNa16,,any,,,high,"Exllama 8-bit GEMM: GPTQ, AutoGPTQ and compressed-tensors wNa16 linear layers when ExllamaLinearKernel is selected. It is sixth in the CUDA priority list (CutlassW4A8, Machete, AllSpark, Marlin, Conch, Exllama, ...), so it is reached only when every earlier kernel cannot implement the layer or is disabled through VLLM_DISABLED_KERNELS. exllama.py always passes use_exllama=True. K is split across blockIdx.z and every z-block atomically adds its fp16 partial into the output; used only when size_m <= 50 (24 for 8-bit), larger M reconstructs the weight and calls cuBLAS.","csrc/libtorch_stable/quantization/gptq/q_gemm.cu:616-617: atomicAdd(out, result01); atomicAdd(out + 1, result23) on half2 output | vllm/model_executor/kernels/linear/__init__.py:479-489: _POSSIBLE_KERNELS[CUDA] order: CutlassW4A8, Machete, AllSpark, Marlin, Conch, Exllama, TritonW4A16, Humming; choose_mp_linear_kernel returns the first that can_implement | vllm/model_executor/kernels/linear/mixed_precision/exllama.py:169-171: ops.gptq_gemm(x_2d, w_q, w_zp, w_s, w_g_idx, True, use_v2_format, bits): use_exllama is hard-coded True | csrc/libtorch_stable/quantization/gptq/q_gemm.cu:669: gridDim.z = DIVIDE(size_k, BLOCK_KN_SIZE): the K dimension is split across blocks | csrc/libtorch_stable/quantization/gptq/q_gemm.cu:146: offset_k = blockIdx.z * BLOCK_KN_SIZE: each z-block handles one K chunk of the same output tile | csrc/libtorch_stable/quantization/gptq/q_gemm.cu:1438-1440: use_reconstruct when size_m > MAX_Q_GEMM_ROWS (50) or > MAX_Q_GEMM_ROWS_8BIT (24); otherwise the atomic kernel runs | vllm/envs.py:127: VLLM_DISABLED_KERNELS defaults to an empty list",,,,False,scanner,vllm-c00110;vllm-c00111,vllm/model_executor/kernels/linear/mixed_precision/exllama.py:169;csrc/libtorch_stable/quantization/gptq/q_gemm.cu:1467-1477,False,,"This is the kernel Cankaya 2026 identified (q_gemm.cu:319-320 in vLLM 0.11.2). Not on the default path at this sha because Marlin (and Machete on sm90+) precede it in the kernel priority list; it is reached when those are disabled or cannot implement the layer. New at this sha: choose_mp_linear_kernel first applies --linear-backend filtering, and --linear-backend=exllama narrows the list to ExllamaLinearKernel, so that setting also reaches this kernel; the option defaults to auto (vllm/config/kernel.py:269), which leaves the priority list unchanged.",98dff2a81d747d1dba01a47f939f48c3526d4206
vllm-0005,vllm,A,atomicAdd,float16,global,csrc/libtorch_stable/quantization/gptq/q_gemm.cu,1203,1206,gemm_half_q_half_alt_4bit_kernel,False,forward,both,dense,gptq,,any,,,high,"GPTQ non-exllama ('alt') 4-bit GEMV/GEMM: K split across blockIdx.z (gridDim.z = DIVIDE(size_k, BLOCK_KN_SIZE) at line 1308), each z-block atomically adds its half partial into mul. Reached only with use_exllama=False, which no Python caller passes at this sha.","csrc/libtorch_stable/quantization/gptq/q_gemm.cu:1205: atomicAdd(&mul[(b + m) * width + w], res[m]) | csrc/libtorch_stable/quantization/gptq/q_gemm.cu:1308: gridDim.z = DIVIDE(size_k, BLOCK_KN_SIZE) | csrc/libtorch_stable/quantization/gptq/q_gemm.cu:1441-1445: in the use_exllama==false branch use_reconstruct = (bit < 4 || size_m > MAX_ALT_GEMM_ROWS (8)); only below that row count does gemm_half_q_half_alt run | vllm/model_executor/kernels/linear/mixed_precision/exllama.py:169: the only caller passes use_exllama=True",,,,False,scanner,vllm-c00112,csrc/libtorch_stable/quantization/gptq/q_gemm.cu:1479-1480,False,,Dead at this sha from Python; kept because the op is still exported.,98dff2a81d747d1dba01a47f939f48c3526d4206
vllm-0006,vllm,A,atomicAdd,float16,global,csrc/libtorch_stable/quantization/gptq/q_gemm.cu,1291,1294,gemm_half_q_half_alt_8bit_kernel,False,forward,both,dense,gptq,,any,,,high,"GPTQ 'alt' 8-bit kernel, same structure as the 4-bit alt kernel.","csrc/libtorch_stable/quantization/gptq/q_gemm.cu:1293: atomicAdd(&mul[(b + m) * width + w], res[m]) | csrc/libtorch_stable/quantization/gptq/q_gemm.cu:1308: gridDim.z = DIVIDE(size_k, BLOCK_KN_SIZE)",,,,False,scanner,vllm-c00113,csrc/libtorch_stable/quantization/gptq/q_gemm.cu:1479-1480,False,,Dead at this sha from Python; see vllm-0005.,98dff2a81d747d1dba01a47f939f48c3526d4206
vllm-0007,vllm,A,atomicCAS-loop,float16,global,csrc/libtorch_stable/quantization/gptq/compat.cuh,21,28,atomicAdd_half,False,forward,both,dense,gptq,,any,,,high,Software half atomicAdd (CAS loop on the containing 32-bit word) that the gptq namespace installs as atomicAdd(half*) for __CUDA_ARCH__ < 700 or ROCm; used by the alt kernels on such devices.,"csrc/libtorch_stable/quantization/gptq/compat.cuh:26: old = atomicCAS(address_as_ui, assumed, ...) loop with __half_as_ushort reinterpretation | csrc/libtorch_stable/quantization/gptq/compat.cuh:44-51: installed as atomicAdd(half*, half) only under __CUDA_ARCH__ < 700 || USE_ROCM",,,,False,scanner,vllm-c00097,,False,,Same contention as the native atomicAdd it replaces.,98dff2a81d747d1dba01a47f939f48c3526d4206
vllm-0008,vllm,A,atomicCAS-loop,half2,global,csrc/libtorch_stable/quantization/gptq/compat.cuh,33,40,atomicAdd_half2,False,forward,both,dense,gptq,,any,,,high,Software half2 atomicAdd installed as atomicAdd(half2*) for __CUDA_ARCH__ < 600 or ROCm.,csrc/libtorch_stable/quantization/gptq/compat.cuh:40: atomicCAS loop | csrc/libtorch_stable/quantization/gptq/compat.cuh:53-56: installed only under __CUDA_ARCH__ < 600 || USE_ROCM | csrc/libtorch_stable/quantization/gptq/compat.cuh:32: Additional scanner location for this site: atomicAdd_half2( in atomicAdd_half2; the compact snippet omits this line.,,,,False,scanner,vllm-c00098;vllm-c00099,,False,,,98dff2a81d747d1dba01a47f939f48c3526d4206
vllm-0009,vllm,C,library-call,n/a,n/a,csrc/libtorch_stable/quantization/gptq/q_gemm.cu,1454,1458,gemm_half_q_half_cuda,False,forward,both,dense,gptq,,any,,,high,Exllama path for size_m > 50 (8-bit: > 24): the quantised weight is reconstructed to fp16 and multiplied with cublasHgemm.,"csrc/libtorch_stable/quantization/gptq/q_gemm.cu:1456: cublasHgemm(cublas_handle, ...) | csrc/libtorch_stable/quantization/gptq/q_gemm.cu:1438-1440: size_m threshold selecting this branch",,cuBLAS,,False,scanner,vllm-c00114,,False,,,98dff2a81d747d1dba01a47f939f48c3526d4206
vllm-0010,vllm,A3,atomicAdd,half2,global,csrc/libtorch_stable/quantization/marlin/marlin_template.h,1729,1736,Marlin (write-out with use_atomic_add),True,forward,both,dense,gptq;awq;compressed-tensors wNa16;fp8 (marlin fp8);nvfp4/mxfp4 (marlin),,any,VLLM_MARLIN_USE_ATOMIC_ADD (-> use_atomic_add kernel argument),False (vllm/envs.py:185),high,"vLLM Marlin GEMM (the default kernel for GPTQ/AWQ/compressed-tensors wNa16 on sm80-89, and on sm90+ when Machete cannot implement the layer). When use_atomic_add is set and a column slice spans several blocks, each block atomically adds its fp16/bf16 partial into C instead of the serialised global reduce.","csrc/libtorch_stable/quantization/marlin/marlin_template.h:1730-1735: if (use_atomic_add && slice_count > 1) atomicAdd(&C_half2[a], sh_red_half2[a]) | vllm/model_executor/layers/quantization/utils/marlin_utils.py:641-645: disable atomicAdd reduce by default, one can enable it with VLLM_MARLIN_USE_ATOMIC_ADD=1 | vllm/envs.py:185: VLLM_MARLIN_USE_ATOMIC_ADD: bool = False | csrc/libtorch_stable/quantization/marlin/marlin_template.h:2001-2009: if (slice_count > 1 && !use_atomic_add) barrier_acquire; global_reduce_fp32|fp16; barrier_release",,,GPTQ or AWQ dense model on CUDA when Marlin is the selected mixed-precision kernel; the atomic branch needs VLLM_MARLIN_USE_ATOMIC_ADD=1 (off by default) and a projection with n < 2048 and k >= 2048 after fusion and tensor-parallel sharding,False,scanner,vllm-c00119,vllm/model_executor/layers/quantization/utils/marlin_utils.py:721;csrc/libtorch_stable/quantization/marlin/marlin.cu:523-524,False,marlin_gemm_atomicFalse_m16_n1024_k8192_bf16: identical/identical (NVIDIA-H100-80GB-HBM3-580.126.09-torch2.13.0+cu130; relation=control; evaluations=12; kernel_identity_verified=False) | marlin_gemm_atomicFalse_m16_n1024_k8192_fp16: identical/identical (NVIDIA-H100-80GB-HBM3-580.126.09-torch2.13.0+cu130; relation=control; evaluations=12; kernel_identity_verified=False) | marlin_gemm_atomicFalse_m16_n512_k3584_bf16: identical/identical (NVIDIA-H100-80GB-HBM3-580.126.09-torch2.13.0+cu130; relation=control; evaluations=12; kernel_identity_verified=False) | marlin_gemm_atomicFalse_m16_n512_k3584_fp16: identical/identical (NVIDIA-H100-80GB-HBM3-580.126.09-torch2.13.0+cu130; relation=control; evaluations=12; kernel_identity_verified=False) | marlin_gemm_atomicFalse_m1_n512_k8192_bf16: identical/identical (NVIDIA-H100-80GB-HBM3-580.126.09-torch2.13.0+cu130; relation=control; evaluations=12; kernel_identity_verified=False) | marlin_gemm_atomicFalse_m1_n512_k8192_fp16: identical/identical (NVIDIA-H100-80GB-HBM3-580.126.09-torch2.13.0+cu130; relation=control; evaluations=12; kernel_identity_verified=False) | marlin_gemm_atomicFalse_m64_n512_k8192_bf16: identical/identical (NVIDIA-H100-80GB-HBM3-580.126.09-torch2.13.0+cu130; relation=control; evaluations=12; kernel_identity_verified=False) | marlin_gemm_atomicFalse_m64_n512_k8192_fp16: identical/identical (NVIDIA-H100-80GB-HBM3-580.126.09-torch2.13.0+cu130; relation=control; evaluations=12; kernel_identity_verified=False) | marlin_gemm_atomicTrue_fp32reduce_m16_n1024_k8192_bf16: DIFFERS/DIFFERS (NVIDIA-H100-80GB-HBM3-580.126.09-torch2.13.0+cu130; relation=operator_example; evaluations=12; kernel_identity_verified=False) | marlin_gemm_atomicTrue_fp32reduce_m16_n1024_k8192_fp16: DIFFERS/DIFFERS (NVIDIA-H100-80GB-HBM3-580.126.09-torch2.13.0+cu130; relation=operator_example; evaluations=12; kernel_identity_verified=False) | marlin_gemm_atomicTrue_fp32reduce_m16_n512_k3584_bf16: DIFFERS/DIFFERS (NVIDIA-H100-80GB-HBM3-580.126.09-torch2.13.0+cu130; relation=operator_example; evaluations=12; kernel_identity_verified=False) | marlin_gemm_atomicTrue_fp32reduce_m16_n512_k3584_fp16: DIFFERS/DIFFERS (NVIDIA-H100-80GB-HBM3-580.126.09-torch2.13.0+cu130; relation=operator_example; evaluations=12; kernel_identity_verified=False) | marlin_gemm_atomicTrue_fp32reduce_m1_n512_k8192_bf16: DIFFERS/DIFFERS (NVIDIA-H100-80GB-HBM3-580.126.09-torch2.13.0+cu130; relation=operator_example; evaluations=12; kernel_identity_verified=False) | marlin_gemm_atomicTrue_fp32reduce_m1_n512_k8192_fp16: DIFFERS/DIFFERS (NVIDIA-H100-80GB-HBM3-580.126.09-torch2.13.0+cu130; relation=operator_example; evaluations=12; kernel_identity_verified=False) | marlin_gemm_atomicTrue_fp32reduce_m64_n512_k8192_bf16: DIFFERS/DIFFERS (NVIDIA-H100-80GB-HBM3-580.126.09-torch2.13.0+cu130; relation=operator_example; evaluations=12; kernel_identity_verified=False) | marlin_gemm_atomicTrue_fp32reduce_m64_n512_k8192_fp16: DIFFERS/DIFFERS (NVIDIA-H100-80GB-HBM3-580.126.09-torch2.13.0+cu130; relation=operator_example; evaluations=12; kernel_identity_verified=False) | marlin_gemm_atomicTrue_m16_n1024_k8192_bf16: DIFFERS/DIFFERS (NVIDIA-H100-80GB-HBM3-580.126.09-torch2.13.0+cu130; relation=operator_example; evaluations=12; kernel_identity_verified=False) | marlin_gemm_atomicTrue_m16_n1024_k8192_fp16: DIFFERS/DIFFERS (NVIDIA-H100-80GB-HBM3-580.126.09-torch2.13.0+cu130; relation=operator_example; evaluations=12; kernel_identity_verified=False) | marlin_gemm_atomicTrue_m16_n512_k3584_bf16: DIFFERS/DIFFERS (NVIDIA-H100-80GB-HBM3-580.126.09-torch2.13.0+cu130; relation=operator_example; evaluations=12; kernel_identity_verified=False) | marlin_gemm_atomicTrue_m16_n512_k3584_fp16: DIFFERS/DIFFERS (NVIDIA-H100-80GB-HBM3-580.126.09-torch2.13.0+cu130; relation=operator_example; evaluations=12; kernel_identity_verified=False) | marlin_gemm_atomicTrue_m1_n512_k8192_bf16: DIFFERS/DIFFERS (NVIDIA-H100-80GB-HBM3-580.126.09-torch2.13.0+cu130; relation=operator_example; evaluations=12; kernel_identity_verified=False) | marlin_gemm_atomicTrue_m1_n512_k8192_fp16: DIFFERS/DIFFERS (NVIDIA-H100-80GB-HBM3-580.126.09-torch2.13.0+cu130; relation=operator_example; evaluations=12; kernel_identity_verified=False) | marlin_gemm_atomicTrue_m64_n512_k8192_bf16: DIFFERS/DIFFERS (NVIDIA-H100-80GB-HBM3-580.126.09-torch2.13.0+cu130; relation=operator_example; evaluations=12; kernel_identity_verified=False) | marlin_gemm_atomicTrue_m64_n512_k8192_fp16: DIFFERS/DIFFERS (NVIDIA-H100-80GB-HBM3-580.126.09-torch2.13.0+cu130; relation=operator_example; evaluations=12; kernel_identity_verified=False) | vllm_qwen2.5_1.5b_gptq_marlin_atomic_add_one_seq_x6: DIFFERS/DIFFERS (NVIDIA-H100-80GB-HBM3-580.126.09-torch2.13.0+cu130; relation=end_to_end_configuration; evaluations=14; kernel_identity_verified=False) | vllm_qwen2.5_1.5b_gptq_marlin_atomic_add_x6: DIFFERS/DIFFERS (NVIDIA-H100-80GB-HBM3-580.126.09-torch2.13.0+cu130; relation=end_to_end_configuration; evaluations=14; kernel_identity_verified=False) | vllm_qwen2.5_1.5b_gptq_marlin_one_seq_x6: identical/identical (NVIDIA-H100-80GB-HBM3-580.126.09-torch2.13.0+cu130; relation=end_to_end_configuration; evaluations=14; kernel_identity_verified=False) | vllm_qwen2.5_1.5b_gptq_marlin_x6: DIFFERS/identical (NVIDIA-H100-80GB-HBM3-580.126.09-torch2.13.0+cu130; relation=end_to_end_configuration; evaluations=14; kernel_identity_verified=False) | vllm_qwen2.5_7b_gptq_marlin: identical/identical (NVIDIA-H100-80GB-HBM3-580.126.09-torch2.13.0+cu130; relation=end_to_end_configuration; evaluations=8; kernel_identity_verified=False),The atomic path is opt-in and documented as experimental. Default is the serialised reduce.,98dff2a81d747d1dba01a47f939f48c3526d4206
vllm-0011,vllm,A2,other,float32,global,csrc/libtorch_stable/quantization/marlin/marlin_template.h,2001,2008,Marlin (serialised global reduce),True,forward,both,dense,gptq;awq;compressed-tensors wNa16;fp8 (marlin fp8);nvfp4/mxfp4 (marlin),,any,,,high,Default split-K combine of the vLLM Marlin kernel: blocks of a column slice enter in slice order under a per-slice lock and accumulate into C (fp32 or fp16 partials depending on use_fp32_reduce).,"csrc/libtorch_stable/quantization/marlin/marlin_template.h:2003: barrier_acquire(&locks[locks_off], slice_idx) waits until the lock equals this block's slice index | csrc/libtorch_stable/quantization/marlin/marlin_template.h:2004-2008: global_reduce_fp32 or global_reduce_fp16 then barrier_release(&locks[locks_off], last) | csrc/libtorch_stable/quantization/marlin/marlin_template.h:200-205: barrier_release increments the lock with red.relaxed.gpu.global.add.s32 or resets it | vllm/model_executor/layers/quantization/utils/marlin_utils.py:712: use_fp32_reduce defaults to USE_FP32_REDUCE_DEFAULT",,,,False,manual,,vllm/model_executor/layers/quantization/utils/marlin_utils.py:712;vllm/model_executor/layers/quantization/utils/marlin_utils.py:760-761,False,,Same design as the reference Marlin kernel (marlin-0001). Order is the static slice order.,98dff2a81d747d1dba01a47f939f48c3526d4206
vllm-0012,vllm,B,ptx-red,int32,global,csrc/libtorch_stable/quantization/marlin/marlin_template.h,200,205,barrier_release,True,forward,both,dense,gptq;awq;compressed-tensors wNa16;fp8 (marlin fp8);nvfp4/mxfp4 (marlin),,any,,,high,Lock increment for the serialised reduce.,"csrc/libtorch_stable/quantization/marlin/marlin_template.h:203: red.relaxed.gpu.global.add.s32 [lock], 1",,,,False,scanner,vllm-c00117,,False,,Exact; imposes the static slice order. Not B-indirect.,98dff2a81d747d1dba01a47f939f48c3526d4206
vllm-0013,vllm,B,atomicAdd,int32,global,csrc/libtorch_stable/quantization/marlin/marlin_template.h,218,222,wait_negative_and_add,False,forward,both,dense,gptq;awq;compressed-tensors wNa16;fp8 (marlin fp8);nvfp4/mxfp4 (marlin),,any,,,high,Lock handshake used only on the atomic-add write-out path (line 2021-2022): later slices wait for slice 0 to initialise C before adding.,"csrc/libtorch_stable/quantization/marlin/marlin_template.h:220: atomicAdd(lock, 1) after the spin | csrc/libtorch_stable/quantization/marlin/marlin_template.h:2021-2022: called when use_atomic_add && slice_count > 1 && slice_idx != 0",,,,False,scanner,vllm-c00118,,False,,Only guards initialisation; the float adds it precedes are still order-dependent (vllm-0010).,98dff2a81d747d1dba01a47f939f48c3526d4206
vllm-0014,vllm,A,atomicAdd,float16,global,csrc/libtorch_stable/moe/moe_wna16.cu,213,220,moe_wna16_gemm_kernel,False,forward,decode,moe,int4 w4a16 passed to a direct fused_experts call,,any,,,high,"MoE wNa16 CUDA kernel (moe_wna16_gemm_kernel): the grid splits K over blockIdx.z (gridDim.z = size_k / BLOCK_SIZE_K). Each block computes the partial dot product of its K slice for up to BLOCK_SIZE_M (token, expert-slot) rows, scales it by the routing weight when mul_topk_weight, rounds it to the activation type with Dtype::float2num and atomicAdds it into output[token_index * size_n + offset_n], a per-(token, expert-slot) row that moe_wna16_gemm zeroes on entry. The K-slice partials of one output element therefore accumulate in arrival order; with three or more slices the stored value depends on block scheduling. Experts of one token write different rows and do not collide. The kernel source is byte-identical to the July pin. What changed is the dispatch: it is now selected only inside dispatch_fused_moe_kernel (renamed from invoke_fused_moe_kernel), which calls should_moe_wna16_use_cuda when the caller passes an int8/int4 wNa16 config with a group size, and only fused_experts_impl and the dots3 vision MoE helper call that function. The wNa16 quantisation methods no longer reach it: the GPTQ and AWQ moe_wna16 methods (MoeWNA16Method.apply, AutoAWQMoEMethod.apply) and compressed-tensors wNa16 MoE (CompressedTensorsWNA16MoEMethod.apply) all build a modular kernel through the WNA16 backend oracle, whose TRITON backend is TritonWNA16Experts and calls invoke_fused_moe_wna16_triton_kernel only, and whose other backends are Marlin, Humming, FlashInfer TRT-LLM, CPU, XPU or emulation. The CUDA kernel is therefore reachable at this sha only from a direct fused_experts call carrying an int4 W4A16 quant config with group size in {32, 64, 128} at M * top_k / num_experts <= 6 (for example tests/kernels/moe/test_moe.py::test_fused_moe_wn16, benchmarks/kernels/benchmark_moe.py --dtype int4_w4a16 and the census kernel probe); the in-tree production fused_experts callers pass fp8 or int8 configs.","csrc/libtorch_stable/moe/moe_wna16.cu:218-219: atomicAdd(&output[token_index * size_n + offset_n], Dtype::float2num(res[m])) for every valid token m of the block | csrc/libtorch_stable/moe/moe_wna16.cu:216-217: res[m] *= topk_weights[token_index] when mul_topk_weight scales the K-slice partial by the routing weight before it is added; the row token_index is per (token, expert slot), so experts do not share a row and the collision is across blockIdx.z K slices | vllm/model_executor/layers/fused_moe/fused_moe.py:1288-1296: should_moe_wna16_use_cuda: CUDA and bit == 4 and group_size in [32, 64, 128] and num_valid_tokens / num_experts <= 6 | vllm/model_executor/layers/fused_moe/fused_moe.py:293-295: the Triton alternative writes with tl.store(c_ptrs, accumulator, mask) | vllm/model_executor/layers/fused_moe/fused_moe.py:943-971: dispatch_fused_moe_kernel is the only site that selects the CUDA kernel: for an int8/int4 wNa16 config with block_shape[1] > 0 it calls should_moe_wna16_use_cuda and, when true, invoke_fused_moe_wna16_cuda_kernel, otherwise invoke_fused_moe_wna16_triton_kernel | vllm/model_executor/layers/quantization/compressed_tensors/compressed_tensors_moe/compressed_tensors_moe_wna16.py:662-676: CompressedTensorsWNA16MoEMethod.apply returns self.moe_kernel.apply(...); it no longer calls fused_experts, so it cannot reach the CUDA kernel | vllm/model_executor/layers/fused_moe/oracle/int_wna16.py:84-85: the WNA16 backend oracle maps WNA16MoEBackend.TRITON to TritonWNA16Experts; the other backends are Marlin, batched Marlin, Humming, FlashInfer TRT-LLM, CPU, XPU and emulation | vllm/model_executor/layers/fused_moe/experts/triton_moe.py:713-730: TritonWNA16Experts.apply calls invoke_fused_moe_wna16_triton_kernel for both GEMMs and never dispatch_fused_moe_kernel, so the Triton kernel is the only wNa16 kernel it can run | vllm/model_executor/layers/quantization/moe_wna16.py:478-492: MoeWNA16Method.apply also returns self.moe_kernel.apply(...) built by make_wna16_moe_kernel | vllm/model_executor/layers/quantization/auto_awq.py:769-784: AutoAWQMoEMethod.apply returns self.moe_kernel.apply(...) for the kernel built by make_wna16_moe_kernel (auto_awq.py:724); the file contains no fused_experts call",,,,False,scanner,vllm-c00048,vllm/model_executor/layers/fused_moe/fused_moe.py:653;vllm/model_executor/layers/fused_moe/fused_moe.py:948-971;vllm/model_executor/layers/fused_moe/fused_moe.py:1791,True,moe_wna16_cuda_m16_e8_bf16: DIFFERS/DIFFERS (NVIDIA-H100-80GB-HBM3-580.126.09-torch2.13.0+cu130; relation=operator_example; evaluations=12; kernel_identity_verified=False) | moe_wna16_cuda_m16_e8_fp16: DIFFERS/DIFFERS (NVIDIA-H100-80GB-HBM3-580.126.09-torch2.13.0+cu130; relation=operator_example; evaluations=12; kernel_identity_verified=False) | moe_wna16_triton_m64_e8_bf16: identical/identical (NVIDIA-H100-80GB-HBM3-580.126.09-torch2.13.0+cu130; relation=control; evaluations=12; kernel_identity_verified=False) | moe_wna16_triton_m64_e8_fp16: identical/identical (NVIDIA-H100-80GB-HBM3-580.126.09-torch2.13.0+cu130; relation=control; evaluations=12; kernel_identity_verified=False),"dtype is the activation type (half or bfloat16 through Dtype::float2num). A plausible source of the INT4 MoE non-determinism Cankaya 2026 saw on Kimi-K2-Thinking: it fires exactly in the decode regime and only for non-Marlin wNa16 MoE layers. Only applicable to runs on vLLM v0.26.0 or earlier, or a source build before #44120 (2026-07-22); at this sha the moe_wna16 and compressed-tensors WNA16 MoE methods both go through the WNA16 backend oracle and do not reach this kernel, which is why default_path is false here where it was true at the July 2026 pin. Confirming which kernel that model selected needs the release it ran on and an engine-level probe on vLLM v0.26.0 or earlier; the kernel-level probe (probes/probe_kernels.py --which vllm_moe_wna16_kernel) reaches the kernel directly through fused_experts and still does at this sha.",98dff2a81d747d1dba01a47f939f48c3526d4206
vllm-0015,vllm,B,atomicAdd,int32,shared,csrc/libtorch_stable/moe/moe_align_sum_kernels.cu,147,151,_moe_align_block_size,True,forward,both,moe,any,,any,,,high,Per-expert token counts in shared memory for the MoE block alignment.,"csrc/libtorch_stable/moe/moe_align_sum_kernels.cu:150-151: atomicAdd(&shared_counts[...], mask) with mask 0/1",,,,False,scanner,vllm-c00046,,False,,Exact counts; the prefix sum that follows is a cub BlockScan (deterministic). The expert filter moved into the get_local_expert_id helper at this sha (lines 86-98); the counting arithmetic is unchanged.,98dff2a81d747d1dba01a47f939f48c3526d4206
vllm-0016,vllm,B-indirect,atomicAdd,int32,global,csrc/libtorch_stable/moe/moe_align_sum_kernels.cu,315,320,_count_and_sort_expert_tokens,True,forward,both,moe,any,,any,,,high,"Ticket counter that assigns each (token, expert) pair its slot in the expert's padded block: rank_post_pad = atomicAdd(&cumsum_buffer[expert], 1); sorted_token_ids[rank_post_pad] = i. The order of tokens within an expert block is therefore arrival order.","csrc/libtorch_stable/moe/moe_align_sum_kernels.cu:316-319: rank_post_pad = atomicAdd(&cumsum_buffer[...], 1); sorted_token_ids[...] = i | vllm/model_executor/layers/fused_moe/fused_moe.py:408-421: offs_token loaded per row from sorted_token_ids | vllm/model_executor/layers/fused_moe/fused_moe.py:540: accumulator = tl.dot(a, b, acc=accumulator): per-row K reduction | csrc/libtorch_stable/moe/moe_align_sum_kernels.cu:400-409: moe_sum_vec_kernel loops k = 0..TOPK-1 in order; the PAD_AWARE branch added at this sha only skips padded slots and does not reorder the sum",True,,,False,scanner,vllm-c00047,vllm/model_executor/layers/fused_moe/fused_moe.py:410,False,vllm_qwen1.5_moe_bf16_one_seq_x6: identical/identical (NVIDIA-B200-580.167.08-torch2.13.0+cu130; relation=end_to_end_configuration; evaluations=14; kernel_identity_verified=False) | vllm_qwen1.5_moe_bf16_x6: DIFFERS/DIFFERS (NVIDIA-B200-580.167.08-torch2.13.0+cu130; relation=end_to_end_configuration; evaluations=14; kernel_identity_verified=False) | vllm_mixtral_gptq_auto_x6: DIFFERS/identical (NVIDIA-H100-80GB-HBM3-580.126.09-torch2.13.0+cu130; relation=end_to_end_configuration; evaluations=14; kernel_identity_verified=False) | vllm_mixtral_gptq_marlin_moe_one_seq_x6: identical/identical (NVIDIA-H100-80GB-HBM3-580.126.09-torch2.13.0+cu130; relation=end_to_end_configuration; evaluations=14; kernel_identity_verified=False) | vllm_qwen1.5_moe_gptq_marlin_x6: identical/identical (NVIDIA-H100-80GB-HBM3-580.126.09-torch2.13.0+cu130; relation=end_to_end_configuration; evaluations=14; kernel_identity_verified=False),"Slot order is non-deterministic but does not feed a float reduction on the Triton, CUTLASS grouped-GEMM or DeepGEMM paths, which are all row-independent. Grouped GEMMs with split-K would change this; none is configured at this sha (see the CUTLASS phase). The expert filter moved into the get_local_expert_id helper at this sha (lines 86-98).",98dff2a81d747d1dba01a47f939f48c3526d4206
vllm-0017,vllm,B,atomicMax,float32,global,csrc/quantization/w8a8/fp8/common.cuh,47,54,atomicMaxFloat,True,forward,both,both,fp8 dynamic per-tensor,,any,,,high,Dynamic per-tensor FP8 (and INT8) scale: every block reduces its absmax then atomicMax/atomicMin on the float scale reinterpreted as int (caller csrc/libtorch_stable/quantization/w8a8/fp8/common.cu:113 segmented_max_reduction_strided).,"csrc/quantization/w8a8/fp8/common.cuh:50: __int_as_float(atomicMax((int*)addr, __float_as_int(value))) for value >= 0 | csrc/quantization/w8a8/fp8/common.cuh:52: atomicMin((unsigned int*)addr, __float_as_uint(value)) for negative values",,,,False,scanner,vllm-c00138;vllm-c00139;vllm-c00140,csrc/libtorch_stable/quantization/w8a8/fp8/common.cu:113,False,,Max is exact and order-invariant. Expected class B from the seed list; confirmed.,98dff2a81d747d1dba01a47f939f48c3526d4206
vllm-0018,vllm,A3,tl.atomic_add,unknown,global,vllm/lora/ops/triton_ops/kernel_utils.py,338,344,do_shrink_kernel,True,forward,both,dense,any,,any,VLLM_BATCH_INVARIANT (-> split_k in the LoRA kernel config),"0: split_k = 64 when batch < 128 else 8, so SPLIT_K > 1 and the atomic path is taken",high,LoRA shrink GEMM (x @ lora_a) for every LoRA-enabled linear layer. K is split across SPLIT_K programs and each adds its scaled partial into the output with tl.atomic_add when SPLIT_K > 1.,"vllm/lora/ops/triton_ops/kernel_utils.py:341-344: if SPLIT_K == 1: tl.store else tl.atomic_add(c_ptr, accumulator, mask=c_mask, sem='relaxed') | vllm/lora/ops/triton_ops/utils.py:221-223: split_k = 64 if batch < 128 else 8; if is_batch_invariant: split_k = 1 | vllm/lora/ops/triton_ops/utils.py:19: is_batch_invariant = envs.VLLM_BATCH_INVARIANT | vllm/lora/ops/triton_ops/lora_shrink_op.py:58-60: pid_sk = pid_sk_m_n % SPLIT_K partitions K across programs",,,any LoRA adapter with VLLM_BATCH_INVARIANT unset,False,scanner,vllm-c00373,vllm/lora/ops/triton_ops/lora_shrink_op.py:48-60;vllm/lora/ops/triton_ops/utils.py:220-228,True,vllm_zephyr_lora_split_k_x6: DIFFERS/DIFFERS (NVIDIA-B200-580.167.08-torch2.13.0+cu130; relation=end_to_end_configuration; evaluations=14; kernel_identity_verified=False) | vllm_zephyr_lora_batch_invariant: identical/identical (NVIDIA-H100-80GB-HBM3-580.126.09-torch2.13.0+cu130; relation=end_to_end_configuration; evaluations=8; kernel_identity_verified=False) | vllm_zephyr_lora_split_k: DIFFERS/DIFFERS (NVIDIA-H100-80GB-HBM3-580.126.09-torch2.13.0+cu130; relation=end_to_end_configuration; evaluations=8; kernel_identity_verified=False),Order-dependent on the default LoRA path. dtype is the element type of the output buffer the punica wrapper allocates for the shrink result; the accumulator is fp32 (from tl.dot) and is converted on store.,98dff2a81d747d1dba01a47f939f48c3526d4206
vllm-0019,vllm,A3,tl.atomic_add,unknown,global,vllm/lora/ops/triton_ops/fp8_kernel_utils.py,378,384,do_shrink_kernel_fp8,True,forward,both,dense,fp8 lora,,any,VLLM_BATCH_INVARIANT (-> split_k in the LoRA kernel config),"0: split_k = 64 when batch < 128 else 8, so SPLIT_K > 1 and the atomic path is taken",high,FP8 variant of the LoRA shrink kernel with the same split-K atomic combine.,"vllm/lora/ops/triton_ops/fp8_kernel_utils.py:381-384: if SPLIT_K == 1: tl.store else tl.atomic_add(..., sem='relaxed')",,,any FP8 LoRA adapter with VLLM_BATCH_INVARIANT unset,False,scanner,vllm-c00370,vllm/lora/ops/triton_ops/utils.py:220-228,True,,Shares the shrink config (op_type 'shrink') so the same split_k default applies.,98dff2a81d747d1dba01a47f939f48c3526d4206
vllm-0020,vllm,A3,tl.atomic_add,float32,global,vllm/lora/ops/triton_ops/fused_moe_lora_op.py,1155,1162,_fused_moe_lora_kernel,True,forward,both,moe,any,,any,split_k in the fused_moe_lora config,"1 for fused_moe_lora_w13/w2 shrink and expand, so the store branch is taken",high,"Fused MoE LoRA kernel write-back: stores when SPLIT_K == 1, otherwise atomically adds the fp32 accumulator.","vllm/lora/ops/triton_ops/fused_moe_lora_op.py:1155-1162: if SPLIT_K == 1: tl.store(...) else tl.atomic_add(c_ptrs, accumulator, mask=c_mask, sem='relaxed') | vllm/lora/ops/triton_ops/utils.py:240-247: default split_k: 1 for fused_moe_lora_w13_shrink and w2_shrink | vllm/lora/ops/triton_ops/utils.py:252-260: default split_k: 1 for the expand ops",,,LoRA on an MoE model; split_k is 1 by default so the plain store runs,False,scanner,vllm-c00372,vllm/lora/ops/triton_ops/utils.py:236-260,False,,Atomic branch unreachable with the default configs.,98dff2a81d747d1dba01a47f939f48c3526d4206
vllm-0021,vllm,A3,tl.atomic_add,float32,global,vllm/lora/ops/triton_ops/fused_moe_lora_fp8_op.py,333,339,_fused_moe_lora_kernel_fp8,True,forward,both,moe,fp8 lora,,any,split_k in the fused_moe_lora config,"1 for fused_moe_lora_w13/w2 shrink and expand, so the store branch is taken",high,"FP8 fused MoE LoRA kernel write-back, same structure as vllm-0020.","vllm/lora/ops/triton_ops/fused_moe_lora_fp8_op.py:331-339: if SPLIT_K == 1: tl.store(...) else tl.atomic_add(c_ptrs, accumulator, mask=c_mask, sem='relaxed')",,,FP8 LoRA on an MoE model; split_k is 1 by default so the plain store runs,False,scanner,vllm-c00371,vllm/lora/ops/triton_ops/utils.py:236-260,False,,Atomic branch unreachable with the default configs.,98dff2a81d747d1dba01a47f939f48c3526d4206
vllm-0022,vllm,A3,atomicAdd,half2,global,csrc/libtorch_stable/moe/marlin_moe_wna16/marlin_template.h,1890,1896,Marlin (MoE write-out with use_atomic_add),False,forward,both,moe,gptq;awq;compressed-tensors wNa16;fp8/fp4 marlin,,any,use_atomic_add argument of moe_wna16_marlin_gemm,"False (constant at both call sites, lines 159 and 226)",high,"Marlin MoE GEMM write-out: with use_atomic_add and a multi-block slice, partials are atomically added into C. vLLM's MoE caller hard-codes use_atomic_add=False and use_fp32_reduce=True, so the serialised reduce is always used.","csrc/libtorch_stable/moe/marlin_moe_wna16/marlin_template.h:1893-1895: if (use_atomic_add && slice_count > 1) atomicAdd(&C_half2[a], sh_red_half2[a]) | vllm/model_executor/layers/fused_moe/experts/marlin_moe.py:159: use_atomic_add=False | vllm/model_executor/layers/fused_moe/experts/marlin_moe.py:226: use_atomic_add=False",,,,False,scanner,vllm-c00045,vllm/model_executor/layers/fused_moe/experts/marlin_moe.py:135-159;vllm/model_executor/layers/fused_moe/experts/marlin_moe.py:202-226,False,vllm_mixtral_gptq_auto_x6: DIFFERS/identical (NVIDIA-H100-80GB-HBM3-580.126.09-torch2.13.0+cu130; relation=end_to_end_configuration; evaluations=14; kernel_identity_verified=False) | vllm_mixtral_gptq_marlin_moe_one_seq_x6: identical/identical (NVIDIA-H100-80GB-HBM3-580.126.09-torch2.13.0+cu130; relation=end_to_end_configuration; evaluations=14; kernel_identity_verified=False) | vllm_qwen1.5_moe_gptq_marlin_x6: identical/identical (NVIDIA-H100-80GB-HBM3-580.126.09-torch2.13.0+cu130; relation=end_to_end_configuration; evaluations=14; kernel_identity_verified=False),Dead from Python at this sha.,98dff2a81d747d1dba01a47f939f48c3526d4206
vllm-0023,vllm,B,ptx-red,int32,global,csrc/libtorch_stable/moe/marlin_moe_wna16/marlin_template.h,208,213,barrier_release,True,forward,both,moe,any,,any,,,high,Lock increment of the Marlin MoE serialised reduce.,csrc/libtorch_stable/moe/marlin_moe_wna16/marlin_template.h:211: red.relaxed.gpu.global.add.s32,,,,False,scanner,vllm-c00043,,False,,Exact; static slice order.,98dff2a81d747d1dba01a47f939f48c3526d4206
vllm-0024,vllm,B,atomicAdd,int32,global,csrc/libtorch_stable/moe/marlin_moe_wna16/marlin_template.h,226,230,wait_negative_and_add,False,forward,both,moe,any,,any,,,high,Lock handshake used only on the (disabled) atomic-add path.,"csrc/libtorch_stable/moe/marlin_moe_wna16/marlin_template.h:228: atomicAdd(lock, 1)",,,,False,scanner,vllm-c00044,,False,,,98dff2a81d747d1dba01a47f939f48c3526d4206
vllm-0025,vllm,B,atomicAdd,int32,global,csrc/libtorch_stable/quantization/w8a8/cutlass/moe/moe_data.cu,30,34,compute_problem_sizes,True,forward,both,moe,fp8 cutlass moe;int8 cutlass moe;nvfp4 cutlass moe,,any,,,high,Per-expert token counts for the CUTLASS grouped GEMM (fp8/int8 MoE).,"csrc/libtorch_stable/quantization/w8a8/cutlass/moe/moe_data.cu:32: atomicAdd(&atomic_buffer[expert_id], occurrences)",,,,False,scanner,vllm-c00120,,False,,Exact counts.,98dff2a81d747d1dba01a47f939f48c3526d4206
vllm-0026,vllm,B-indirect,atomicAdd,int32,global,csrc/libtorch_stable/quantization/w8a8/cutlass/moe/moe_data.cu,106,111,compute_arg_sorts,True,forward,both,moe,fp8 cutlass moe;int8 cutlass moe;nvfp4 cutlass moe,,any,,,medium,"Ticket that places each (token, expert) pair in the expert's contiguous input range: start = atomicAdd(&atomic_buffer[expert], 1); input_permutation[start] = token; output_permutation[i] = start. Row order within an expert group is arrival order.","csrc/libtorch_stable/quantization/w8a8/cutlass/moe/moe_data.cu:108-110: int start = atomicAdd(&atomic_buffer[expert_id], 1); input_permutation[start] = i / topk; output_permutation[i] = start",True,,,False,scanner,vllm-c00122,,False,,"Confidence medium until the CUTLASS phase confirms the grouped-GEMM schedule used here has no cross-CTA reduction. At this sha the invalid-route branch also takes a ticket (line 99, atomic_buffer[num_experts]) and writes -1 into input_permutation with topk_length as the output sentinel, which shuffle_rows turns into a zero row; that counter is exact and feeds no floating-point reduction.",98dff2a81d747d1dba01a47f939f48c3526d4206
vllm-0027,vllm,B,atomicInc,uint32,global,csrc/libtorch_stable/quantization/gptq_allspark/allspark_qgemm_w8a16.cu,426,431,fused_splitk_reduce (partial write),True,forward,both,dense,gptq w8a16 (AllSpark),,any,,,high,AllSpark W8A16 GEMM split-K: blocks z < gridDim.z-1 write partials to C_tmp and increment an arrival counter.,"csrc/libtorch_stable/quantization/gptq_allspark/allspark_qgemm_w8a16.cu:429: atomicInc(red_count_ptr, gridDim.z) after __threadfence",,,,False,scanner,vllm-c00115,,False,,"Exact counter; it orders the reduce below, which then proceeds in z order.",98dff2a81d747d1dba01a47f939f48c3526d4206
vllm-0028,vllm,A2,other,float32,global,csrc/libtorch_stable/quantization/gptq_allspark/allspark_qgemm_w8a16.cu,361,368,fused_splitk_reduce (serialised accumulate),True,forward,both,dense,gptq w8a16 (AllSpark),,any,,,high,"AllSpark split-K combine: block z spins until the counter equals z, reads the running partial written by block z-1 from C_tmp, adds its own fragment (lines 385-392) and either writes C_tmp for the next z or, as the last block, the output. Accumulation order is z = 0, 1, ..., fixed.",csrc/libtorch_stable/quantization/gptq_allspark/allspark_qgemm_w8a16.cu:363-368: spin on ld.global.cg until count == blockIdx.z | csrc/libtorch_stable/quantization/gptq_allspark/allspark_qgemm_w8a16.cu:385-392: C_frag[...] += temp_frag[...] with temp_frag loaded from C_tmp | csrc/libtorch_stable/quantization/gptq_allspark/allspark_qgemm_w8a16.cu:412-424: non-last blocks store C_frag to C_tmp with st.global.cg,,,,False,manual,,,False,,"Serialised, order fixed by blockIdx.z.",98dff2a81d747d1dba01a47f939f48c3526d4206
vllm-0029,vllm,B,atomicAdd,int32,global,csrc/libtorch_stable/minimax_reduce_rms_kernel.cu,58,62,LamportComm::LamportComm,True,forward,both,both,any,,TP,,,medium,Block arrival counter of the MiniMax fused all-reduce + RMSNorm kernel.,"csrc/libtorch_stable/minimax_reduce_rms_kernel.cu:60: atomicAdd(counter_ptr, 1) by thread 0 of every block",,,,False,scanner,vllm-c00042,,False,,Counter only. The cross-rank summation order in this kernel was not read in full; the scanner found no float atomics in the file.,98dff2a81d747d1dba01a47f939f48c3526d4206
vllm-0030,vllm,A3,atomicAdd,float32,global,csrc/rocm/skinny_gemms.cu,1660,1665,wvSplitKrc kernel (ROCm skinny GEMM),False,forward,both,dense,none (bf16/fp16),,any,DTRMNSTC template parameter,"1 (int _DTRMNSTC = 1, constant)",high,"ROCm skinny split-K GEMM: with DTRMNSTC off, k-shards atomically add fp32 partials into the output; with DTRMNSTC on, each shard stores to its own slot and the last-arriving shard sums the slots in fixed ks order.","csrc/rocm/skinny_gemms.cu:1663: atomicAdd((&glbl[g_adr + j]), sum4[nt][0][j]) on the else branch of if (DTRMNSTC) | csrc/rocm/skinny_gemms.cu:1774: int _DTRMNSTC = 1;  // vllm::vllm_is_batch_invariant();",,,,False,scanner,vllm-c00171,,False,,ROCm only; outside the NVIDIA scope of the allowlists but recorded.,98dff2a81d747d1dba01a47f939f48c3526d4206
vllm-0031,vllm,B,atomicAdd,int32,global,csrc/rocm/skinny_gemms.cu,1672,1676,wvSplitKrc kernel (shard counter),True,forward,both,dense,none,,any,,,high,Arrival counter that elects the last k-shard to perform the fixed-order gather.,"csrc/rocm/skinny_gemms.cu:1675: my_cntr = atomicAdd(&cntr[adr_], 1) | csrc/rocm/skinny_gemms.cu:1682-1690: if (my_cntr + 1 == k_rnd) the last shard loops ks = 0..k_rnd-1 in order",,,,False,scanner,vllm-c00172,,False,,Which block reduces is arrival-dependent; the order of the reduction is not. Not B-indirect.,98dff2a81d747d1dba01a47f939f48c3526d4206
vllm-0032,vllm,A,atomicCAS-loop,half2,global,csrc/rocm/q_gemm_rdna3.cu,197,204,atomic_add_pk4_f16,True,forward,both,dense,gptq/awq w4a16 on RDNA3,,any,,,medium,ROCm RDNA3 W4A16 GEMM: K is split across gridDim.z and each z-block adds its packed fp16/bf16 partial with a CAS loop emulating a packed atomic add.,csrc/rocm/q_gemm_rdna3.cu:203: atomicCAS loop on the 32/64-bit word holding the packed values | csrc/rocm/q_gemm_rdna3.cu:22: gridDim.z = K / BLOCK_KN_SIZE | csrc/rocm/q_gemm_rdna3_wmma.cu:187-194: with gridDim.z > 1 multiple K-segments contend on the same output,,,"ROCm build for gfx1100 (VLLM_ROCM_HAS_GFX1100, CMakeLists.txt:1514-1520) serving a GPTQ model; not exercised in this census",False,scanner,vllm-c00148,csrc/rocm/torch_bindings.cpp:55-65;vllm/_custom_ops.py:670-678;CMakeLists.txt:1515-1520,True,,"ROCm RDNA3 only (RDNA3W4A16LinearKernel, compressed_tensors_moe_wna16_rdna3). Contention exists whenever the K-split heuristic returns > 1.",98dff2a81d747d1dba01a47f939f48c3526d4206
vllm-0033,vllm,A,atomicCAS-loop,bfloat162,global,csrc/rocm/q_gemm_rdna3.cu,215,222,atomic_add_pk4_bf16,True,forward,both,dense,gptq/awq w4a16 on RDNA3,,any,,,medium,ROCm RDNA3 W4A16 GEMM: K is split across gridDim.z and each z-block adds its packed fp16/bf16 partial with a CAS loop emulating a packed atomic add.,csrc/rocm/q_gemm_rdna3.cu:221: atomicCAS loop on the 32/64-bit word holding the packed values | csrc/rocm/q_gemm_rdna3.cu:22: gridDim.z = K / BLOCK_KN_SIZE | csrc/rocm/q_gemm_rdna3_wmma.cu:187-194: with gridDim.z > 1 multiple K-segments contend on the same output,,,"ROCm build for gfx1100 (VLLM_ROCM_HAS_GFX1100, CMakeLists.txt:1514-1520) serving a GPTQ model; not exercised in this census",False,scanner,vllm-c00150,csrc/rocm/torch_bindings.cpp:55-65;vllm/_custom_ops.py:670-678;CMakeLists.txt:1515-1520,True,,"ROCm RDNA3 only (RDNA3W4A16LinearKernel, compressed_tensors_moe_wna16_rdna3). Contention exists whenever the K-split heuristic returns > 1.",98dff2a81d747d1dba01a47f939f48c3526d4206
vllm-0034,vllm,A,atomicCAS-loop,half2,global,csrc/rocm/moe_q_gemm_rdna3.cu,91,98,atomic_add_pk4_f16,True,forward,both,moe,gptq/awq w4a16 on RDNA3,,any,,,medium,ROCm RDNA3 W4A16 MoE GEMM: K is split across gridDim.z and each z-block adds its packed fp16/bf16 partial with a CAS loop emulating a packed atomic add.,csrc/rocm/moe_q_gemm_rdna3.cu:97: atomicCAS loop on the 32/64-bit word holding the packed values | csrc/rocm/q_gemm_rdna3.cu:22: gridDim.z = K / BLOCK_KN_SIZE | csrc/rocm/q_gemm_rdna3_wmma.cu:187-194: with gridDim.z > 1 multiple K-segments contend on the same output,,,"ROCm build for gfx1100 (VLLM_ROCM_HAS_GFX1100, CMakeLists.txt:1514-1520) serving a GPTQ model; not exercised in this census",False,scanner,vllm-c00142,csrc/rocm/torch_bindings.cpp:68-74;CMakeLists.txt:1515-1520,True,,"ROCm RDNA3 only (RDNA3W4A16LinearKernel, compressed_tensors_moe_wna16_rdna3). Contention exists whenever the K-split heuristic returns > 1.",98dff2a81d747d1dba01a47f939f48c3526d4206
vllm-0035,vllm,A,atomicCAS-loop,bfloat162,global,csrc/rocm/moe_q_gemm_rdna3.cu,109,116,atomic_add_pk4_bf16,True,forward,both,moe,gptq/awq w4a16 on RDNA3,,any,,,medium,ROCm RDNA3 W4A16 MoE GEMM: K is split across gridDim.z and each z-block adds its packed fp16/bf16 partial with a CAS loop emulating a packed atomic add.,csrc/rocm/moe_q_gemm_rdna3.cu:115: atomicCAS loop on the 32/64-bit word holding the packed values | csrc/rocm/q_gemm_rdna3.cu:22: gridDim.z = K / BLOCK_KN_SIZE | csrc/rocm/q_gemm_rdna3_wmma.cu:187-194: with gridDim.z > 1 multiple K-segments contend on the same output,,,"ROCm build for gfx1100 (VLLM_ROCM_HAS_GFX1100, CMakeLists.txt:1514-1520) serving a GPTQ model; not exercised in this census",False,scanner,vllm-c00144,csrc/rocm/torch_bindings.cpp:68-74;CMakeLists.txt:1515-1520,True,,"ROCm RDNA3 only (RDNA3W4A16LinearKernel, compressed_tensors_moe_wna16_rdna3). Contention exists whenever the K-split heuristic returns > 1.",98dff2a81d747d1dba01a47f939f48c3526d4206
vllm-0036,vllm,A,atomicCAS-loop,half2,global,csrc/rocm/q_gemm_rdna3_wmma.cu,200,207,atomic_add_pk_f16,True,forward,both,dense,gptq/awq w4a16 on RDNA3,,any,,,medium,ROCm RDNA3 W4A16 GEMM: K is split across gridDim.z and each z-block adds its packed fp16/bf16 partial with a CAS loop emulating a packed atomic add.,csrc/rocm/q_gemm_rdna3_wmma.cu:206: atomicCAS loop on the 32/64-bit word holding the packed values | csrc/rocm/q_gemm_rdna3.cu:22: gridDim.z = K / BLOCK_KN_SIZE | csrc/rocm/q_gemm_rdna3_wmma.cu:187-194: with gridDim.z > 1 multiple K-segments contend on the same output | csrc/rocm/q_gemm_rdna3_wmma.cu:197: Additional scanner location for this site: atomic_add_pk_f16( in atomic_add_pk_f16; the compact snippet omits this line.,,,"ROCm build for gfx1100 (VLLM_ROCM_HAS_GFX1100, CMakeLists.txt:1514-1520) serving a GPTQ model; not exercised in this census",False,scanner,vllm-c00153;vllm-c00154,csrc/rocm/torch_bindings.cpp:55-65;vllm/_custom_ops.py:670-678;CMakeLists.txt:1515-1520,True,,"ROCm RDNA3 only (RDNA3W4A16LinearKernel, compressed_tensors_moe_wna16_rdna3). Contention exists whenever the K-split heuristic returns > 1.",98dff2a81d747d1dba01a47f939f48c3526d4206
vllm-0037,vllm,A,atomicCAS-loop,bfloat162,global,csrc/rocm/q_gemm_rdna3_wmma.cu,215,222,atomic_add_pk_bf16,True,forward,both,dense,gptq/awq w4a16 on RDNA3,,any,,,medium,ROCm RDNA3 W4A16 GEMM: K is split across gridDim.z and each z-block adds its packed fp16/bf16 partial with a CAS loop emulating a packed atomic add.,csrc/rocm/q_gemm_rdna3_wmma.cu:221: atomicCAS loop on the 32/64-bit word holding the packed values | csrc/rocm/q_gemm_rdna3.cu:22: gridDim.z = K / BLOCK_KN_SIZE | csrc/rocm/q_gemm_rdna3_wmma.cu:187-194: with gridDim.z > 1 multiple K-segments contend on the same output | csrc/rocm/q_gemm_rdna3_wmma.cu:212: Additional scanner location for this site: atomic_add_pk_bf16( in atomic_add_pk_bf16; the compact snippet omits this line.,,,"ROCm build for gfx1100 (VLLM_ROCM_HAS_GFX1100, CMakeLists.txt:1514-1520) serving a GPTQ model; not exercised in this census",False,scanner,vllm-c00155;vllm-c00156,csrc/rocm/torch_bindings.cpp:55-65;vllm/_custom_ops.py:670-678;CMakeLists.txt:1515-1520,True,,"ROCm RDNA3 only (RDNA3W4A16LinearKernel, compressed_tensors_moe_wna16_rdna3). Contention exists whenever the K-split heuristic returns > 1.",98dff2a81d747d1dba01a47f939f48c3526d4206
vllm-0038,vllm,B-indirect,atomicAdd,int32,shared,csrc/libtorch_stable/persistent_topk.cuh,274,281,histogram_2048_topk,True,forward,both,n/a,any,flashmla_sparse (DeepSeek sparse attention),any,,,medium,"Top-k selection of attention scores for the DeepSeek sparse attention indexer (persistent_topk / top_k_per_row for 512, 1024 or 2048 selected tokens). Histogram counts are exact; output slot positions are atomic tickets.","csrc/libtorch_stable/persistent_topk.cuh:277-281: above_base = atomicAdd(&decode_smem[sOUT_abs], above_count); output_indices[above_base + above_rank] = elem_idx | csrc/libtorch_stable/persistent_topk.cuh:396-400: pass 3 tie handling: slot = atomicAdd(&decode_smem[SBASE + sFIN], -1); if (slot > 0) output_indices[TopK - slot] = idx, so among exactly tied keys the first arrivals win | vllm/model_executor/layers/sparse_attn_indexer.py:625-629: use_persistent_topk when CUDA and topk_tokens in (512, 1024, 2048)",unknown,,,False,scanner,vllm-c00053,vllm/model_executor/layers/sparse_attn_indexer.py:648-655;csrc/libtorch_stable/topk.cu:40;csrc/libtorch_stable/topk.cu:147,False,,The selected set is deterministic except for exact ties; the order is not. Recorded because the consumer performs a floating-point reduction over these keys.,98dff2a81d747d1dba01a47f939f48c3526d4206
vllm-0039,vllm,B-indirect,atomicAdd,int32,shared,csrc/libtorch_stable/persistent_topk.cuh,486,492,histogram_256_topk,True,forward,both,n/a,any,flashmla_sparse (DeepSeek sparse attention),any,,,medium,"Top-k selection of attention scores for the DeepSeek sparse attention indexer (persistent_topk / top_k_per_row for 512, 1024 or 2048 selected tokens). Histogram counts are exact; output slot positions are atomic tickets.","csrc/libtorch_stable/persistent_topk.cuh:490-491: output_pos = atomicAdd(&shared_output_count, 1); output_indices[output_pos] = idx | csrc/libtorch_stable/persistent_topk.cuh:396-400: pass 3 tie handling: slot = atomicAdd(&decode_smem[SBASE + sFIN], -1); if (slot > 0) output_indices[TopK - slot] = idx, so among exactly tied keys the first arrivals win | vllm/model_executor/layers/sparse_attn_indexer.py:625-629: use_persistent_topk when CUDA and topk_tokens in (512, 1024, 2048)",unknown,,,False,scanner,vllm-c00062,vllm/model_executor/layers/sparse_attn_indexer.py:648-655;csrc/libtorch_stable/topk.cu:40;csrc/libtorch_stable/topk.cu:147,False,,The selected set is deterministic except for exact ties; the order is not. Recorded because the consumer performs a floating-point reduction over these keys.,98dff2a81d747d1dba01a47f939f48c3526d4206
vllm-0040,vllm,B-indirect,atomicAdd,int32,global,csrc/libtorch_stable/persistent_topk.cuh,825,830,radix_topk,True,forward,both,n/a,any,flashmla_sparse (DeepSeek sparse attention),any,,,medium,"Top-k selection of attention scores for the DeepSeek sparse attention indexer (persistent_topk / top_k_per_row for 512, 1024 or 2048 selected tokens). Histogram counts are exact; output slot positions are atomic tickets.","csrc/libtorch_stable/persistent_topk.cuh:827: atomicAdd(&state->output_counter, ...) assigns output positions across the cooperating blocks; arrival counters at 708, 757, 841 use red_release | csrc/libtorch_stable/persistent_topk.cuh:396-400: pass 3 tie handling: slot = atomicAdd(&decode_smem[SBASE + sFIN], -1); if (slot > 0) output_indices[TopK - slot] = idx, so among exactly tied keys the first arrivals win | vllm/model_executor/layers/sparse_attn_indexer.py:625-629: use_persistent_topk when CUDA and topk_tokens in (512, 1024, 2048)",unknown,,,False,scanner,vllm-c00080,vllm/model_executor/layers/sparse_attn_indexer.py:648-655;csrc/libtorch_stable/topk.cu:40;csrc/libtorch_stable/topk.cu:147,False,,The selected set is deterministic except for exact ties; the order is not. Recorded because the consumer performs a floating-point reduction over these keys.,98dff2a81d747d1dba01a47f939f48c3526d4206
vllm-0041,vllm,B-indirect,atomicAdd,int32,shared,csrc/libtorch_stable/persistent_topk.cuh,1161,1166,FilteredTopKUnifiedKernel,True,forward,both,n/a,any,flashmla_sparse (DeepSeek sparse attention),any,,,medium,"Top-k selection of attention scores for the DeepSeek sparse attention indexer (persistent_topk / top_k_per_row for 512, 1024 or 2048 selected tokens). Histogram counts are exact; output slot positions are atomic tickets.","csrc/libtorch_stable/persistent_topk.cuh:1163-1164: pos = atomicAdd(&s_counter, 1); s_indices[pos] = base + j | csrc/libtorch_stable/persistent_topk.cuh:396-400: pass 3 tie handling: slot = atomicAdd(&decode_smem[SBASE + sFIN], -1); if (slot > 0) output_indices[TopK - slot] = idx, so among exactly tied keys the first arrivals win | vllm/model_executor/layers/sparse_attn_indexer.py:625-629: use_persistent_topk when CUDA and topk_tokens in (512, 1024, 2048)",unknown,,,False,scanner,vllm-c00086,vllm/model_executor/layers/sparse_attn_indexer.py:648-655;csrc/libtorch_stable/topk.cu:40;csrc/libtorch_stable/topk.cu:147,False,,The selected set is deterministic except for exact ties; the order is not. Recorded because the consumer performs a floating-point reduction over these keys.,98dff2a81d747d1dba01a47f939f48c3526d4206
vllm-0042,vllm,B-indirect,atomicAdd,int32,shared,csrc/libtorch_stable/cooperative_topk.cuh,199,204,tma_stream_pass,True,forward,both,n/a,any,flashmla_sparse (DeepSeek sparse attention),any,,,low,"Cooperative (multi-block, TMA-fed) top-k used by the sparse attention indexer on sm90+ for up to 64 rows. Counters counter_gt/counter_eq (also large_topk lines 368-370) and histograms (324-327) are exact; output placement follows the same ticket scheme as persistent_topk.","csrc/libtorch_stable/cooperative_topk.cuh:201-203: atomicAdd(&smem->counter_gt, 1) / atomicAdd(&smem->counter_eq, 1) per element above or at the threshold bin | vllm/model_executor/layers/sparse_attn_indexer.py:617-624: use_cooperative_topk conditions: CUDA, topk in (512,1024,2048), num_rows <= 64, sm90+, not sm120",unknown,,,False,scanner,vllm-c00034;vllm-c00035,vllm/model_executor/layers/sparse_attn_indexer.py:617-642,False,,The output write path of this file was not read line by line; the counters are the same pattern as persistent_topk. Second reader should confirm.,98dff2a81d747d1dba01a47f939f48c3526d4206
vllm-0043,vllm,B-indirect,atomicAdd,int32,shared,csrc/libtorch_stable/topk_histogram_4096.cuh,184,191,tie_handle,True,forward,both,n/a,any,flashmla_sparse (DeepSeek sparse attention),any,,,low,"4096-bin histogram top-k helper (namespace topk_histogram_4096, included by cooperative_topk.cu): counter and equal_count tickets decide output placement among candidates in the threshold bin.","csrc/libtorch_stable/topk_histogram_4096.cuh:186: atomicAdd(&s->counter, 1) for bin > thr | csrc/libtorch_stable/topk_histogram_4096.cuh:191: atomicAdd(&s->match.equal_count, -1u) in the last round for bin == thr | csrc/libtorch_stable/cooperative_topk.cu:11: namespace hist4096 = vllm::topk_histogram_4096",unknown,,,False,scanner,vllm-c00130;vllm-c00131,,False,,Same caveat as vllm-0040.,98dff2a81d747d1dba01a47f939f48c3526d4206
vllm-0044,vllm,B-indirect,atomicAdd,int32,shared,csrc/libtorch_stable/sampler.cu,266,272,processHistogramStep (topKPerRow),True,forward,both,n/a,any,flashmla_sparse (DeepSeek sparse attention),any,,,medium,"top_k_per_row_prefill / top_k_per_row_decode: elements above the threshold bin take output slots from atomicAdd(&smemFoundTopKValues[0], 1); elements in the threshold bin are radix-sorted (deterministic) or, in the last step, placed by ticket (line 297).","csrc/libtorch_stable/sampler.cu:269: int dstIdx = atomicAdd(&smemFoundTopKValues[0], 1); smemOutput[dstIdx] = idx | csrc/libtorch_stable/sampler.cu:297: dstIdx = atomicAdd(&smemFinal.histo.data[binIdx], 1); if (dstIdx < topK) smemOutput[dstIdx] = ... | csrc/libtorch_stable/sampler.cu:460-480: when the histogram stops early, the threshold-bin items are sorted with cub::BlockRadixSort",unknown,,,False,scanner,vllm-c00126,vllm/model_executor/layers/sparse_attn_indexer.py:509;vllm/model_executor/layers/sparse_attn_indexer.py:657,False,,Default top-k path of the sparse indexer when persistent/cooperative variants are not eligible (prefill always).,98dff2a81d747d1dba01a47f939f48c3526d4206
vllm-0045,vllm,A,torch-op,float32,global,vllm/model_executor/layers/pooler/seqwise/methods.py,97,104,MeanPool.forward_all (segment sums),True,forward,prefill,n/a,any,,any,torch.use_deterministic_algorithms,False,medium,Mean pooling for embedding/pooling models: hidden states of all tokens are summed per sequence with index_add_ on a fp32 buffer. PyTorch's CUDA index_add_ accumulates with atomics unless deterministic algorithms are enabled.,"vllm/model_executor/layers/pooler/seqwise/methods.py:100-104: segment_sums.index_add_(0, segment_ids[start:end], hidden_states[start:end].to(torch.float32))",,,any pooling model whose sequence pooler is MeanPool,False,scanner,vllm-c00404,vllm/model_executor/layers/pooler/seqwise/methods.py:100,True,index_add_default: DIFFERS/DIFFERS (NVIDIA-B200-580.167.08-torch2.13.0+cu130; relation=operator_example; evaluations=8; kernel_identity_verified=False) | index_add_det: identical/identical (NVIDIA-B200-580.167.08-torch2.13.0+cu130; relation=operator_example; evaluations=8; kernel_identity_verified=False) | index_add_default: DIFFERS/DIFFERS (NVIDIA-H100-80GB-HBM3-580.126.09-torch2.13.0+cu130; relation=operator_example; evaluations=12; kernel_identity_verified=False) | index_add_default: DIFFERS/DIFFERS (NVIDIA-H100-80GB-HBM3-580.126.09-torch2.13.0+cu130; relation=operator_example; evaluations=8; kernel_identity_verified=False) | index_add_det: identical/identical (NVIDIA-H100-80GB-HBM3-580.126.09-torch2.13.0+cu130; relation=operator_example; evaluations=12; kernel_identity_verified=False) | index_add_default: DIFFERS/DIFFERS (NVIDIA-RTX-PRO-6000-Blackwell-Server-Edition-595.91.07-torch2.14.0+cu130; relation=operator_example; evaluations=8; kernel_identity_verified=False) | index_add_det: identical/identical (NVIDIA-RTX-PRO-6000-Blackwell-Server-Edition-595.91.07-torch2.14.0+cu130; relation=operator_example; evaluations=8; kernel_identity_verified=False),"Many tokens share a segment id, so contention is real. Library operator: the atomic is inside PyTorch; confidence medium because the ATen implementation for this dtype and index pattern was not read. PyTorch reference: docs.pytorch.org/docs/2.14/generated/torch.use_deterministic_algorithms.html lists this operator on CUDA as normally non-deterministic.",98dff2a81d747d1dba01a47f939f48c3526d4206
vllm-0046,vllm,A,torch-op,unknown,global,vllm/model_executor/models/moondream3.py,576,579,Moondream3 MoE (expert combine),True,forward,both,moe,any,,any,torch.use_deterministic_algorithms,False,medium,"Moondream3's hand-written MoE combine: out.index_add_(0, token_pos, y) accumulates each expert's weighted output into the token rows; a token routed to several experts hits the same row.","vllm/model_executor/models/moondream3.py:579: out.index_add_(0, token_pos, y)",,,"Moondream3 on a device where the fused expert path is not taken: x.is_cuda false, or fused_experts has raised once and disabled it (moondream3.py:501-528)",False,scanner,vllm-c00446,vllm/model_executor/models/moondream3.py:579,True,index_add_default: DIFFERS/DIFFERS (NVIDIA-B200-580.167.08-torch2.13.0+cu130; relation=operator_example; evaluations=8; kernel_identity_verified=False) | index_add_det: identical/identical (NVIDIA-B200-580.167.08-torch2.13.0+cu130; relation=operator_example; evaluations=8; kernel_identity_verified=False) | index_add_default: DIFFERS/DIFFERS (NVIDIA-H100-80GB-HBM3-580.126.09-torch2.13.0+cu130; relation=operator_example; evaluations=12; kernel_identity_verified=False) | index_add_default: DIFFERS/DIFFERS (NVIDIA-H100-80GB-HBM3-580.126.09-torch2.13.0+cu130; relation=operator_example; evaluations=8; kernel_identity_verified=False) | index_add_det: identical/identical (NVIDIA-H100-80GB-HBM3-580.126.09-torch2.13.0+cu130; relation=operator_example; evaluations=12; kernel_identity_verified=False) | index_add_default: DIFFERS/DIFFERS (NVIDIA-RTX-PRO-6000-Blackwell-Server-Edition-595.91.07-torch2.14.0+cu130; relation=operator_example; evaluations=8; kernel_identity_verified=False) | index_add_det: identical/identical (NVIDIA-RTX-PRO-6000-Blackwell-Server-Edition-595.91.07-torch2.14.0+cu130; relation=operator_example; evaluations=8; kernel_identity_verified=False),"Model-specific path (Moondream3 only). Library operator. At this sha the loop moved into the helper _expert_loop (moondream3.py:534-581) and the tensor_model_parallel_all_reduce that followed it moved to the caller (moondream3.py:532), where it runs once per forward on either expert path; the accumulation itself is unchanged.",98dff2a81d747d1dba01a47f939f48c3526d4206
vllm-0047,vllm,A,torch-op,unknown,global,vllm/model_executor/models/mimo_audio.py,86,91,_kmeans,unknown,forward,n/a,n/a,any,,any,torch.use_deterministic_algorithms,False,low,"k-means used by the MiMo audio codec: new_means.scatter_add_(0, buckets, samples) accumulates samples per cluster.","vllm/model_executor/models/mimo_audio.py:89-91: new_means.scatter_add_(0, repeat(buckets, 'n -> n d', d=dim), samples) | vllm/model_executor/models/mimo_audio.py:94: Additional scanner location for this site: dist.all_reduce( in _kmeans; the compact snippet omits this line.",,,,False,scanner,vllm-c00436;vllm-c00437;vllm-c00438,,False,,Whether this runs on the inference path (versus once at initialisation) and on which device was not established.,98dff2a81d747d1dba01a47f939f48c3526d4206
vllm-0048,vllm,A,torch-op,unknown,global,vllm/model_executor/models/phimoe.py,158,163,mp (autograd Function) backward,False,backward,n/a,moe,any,,any,torch.use_deterministic_algorithms,False,high,Backward of the PhiMoE routing function: scatter_add_ of gradients into the score tensor.,"vllm/model_executor/models/phimoe.py:160-163: grad_at_scores_expanded.scatter_add_(dim=-1, index=selected_experts, src=grad_at_output)",,,,False,scanner,vllm-c00459,,False,,Training only.,98dff2a81d747d1dba01a47f939f48c3526d4206
vllm-0049,vllm,A,torch-op,float32,global,vllm/v1/sample/ops/topk_topp_sampler.py,398,404,apply_top_k_top_p_pytorch,False,forward,decode,n/a,any,,any,VLLM_USE_FLASHINFER_SAMPLER and batch size,VLLM_USE_FLASHINFER_SAMPLER=True (vllm/envs.py:49); Triton path when HAS_TRITON and logits.shape[0] >= 8,low,"PyTorch top-p filtering: cumsum over the sorted softmax probabilities on the GPU. PyTorch lists CUDA float cumsum as non-deterministic unless deterministic algorithms are enabled. Reached on CUDA only when the FlashInfer sampler is not used (per-request generators, fp64 Gumbel, processed-logits/logprobs modes, or VLLM_USE_FLASHINFER_SAMPLER=0) and the batch has fewer than 8 rows (otherwise the Triton implementation runs).","vllm/v1/sample/ops/topk_topp_sampler.py:401: probs_sum = torch.cumsum(probs_sort, dim=-1, out=probs_sort) | vllm/v1/sample/ops/topk_topp_sampler.py:408: the following scatter_ uses logits_idx, a permutation from sort, so its indices are unique | vllm/v1/sample/ops/topk_topp_sampler.py:355-364: Additional source location where this gate is applied.",,,,False,scanner,vllm-c00555,vllm/v1/sample/ops/topk_topp_sampler.py:155-182;vllm/v1/sample/ops/topk_topp_sampler.py:349-364,False,cumsum_float_default: identical/identical (NVIDIA-B200-580.167.08-torch2.13.0+cu130; relation=operator_example; evaluations=8; kernel_identity_verified=False) | cumsum_float_default: identical/identical (NVIDIA-H100-80GB-HBM3-580.126.09-torch2.13.0+cu130; relation=operator_example; evaluations=12; kernel_identity_verified=False) | cumsum_float_default: identical/identical (NVIDIA-H100-80GB-HBM3-580.126.09-torch2.13.0+cu130; relation=operator_example; evaluations=8; kernel_identity_verified=False) | cumsum_float_default: identical/identical (NVIDIA-RTX-PRO-6000-Blackwell-Server-Edition-595.91.07-torch2.14.0+cu130; relation=operator_example; evaluations=8; kernel_identity_verified=False),Whether the CUDA scan in the installed PyTorch is actually order-dependent cannot be settled statically; see the probe scripts under probes/. PyTorch reference: docs.pytorch.org/docs/2.14/generated/torch.use_deterministic_algorithms.html lists this operator on CUDA as normally non-deterministic.,98dff2a81d747d1dba01a47f939f48c3526d4206
vllm-0050,vllm,A,torch-op,float32,global,vllm/model_executor/models/diffusion_gemma.py,550,556,entropy-bound acceptance mask,True,forward,decode,n/a,any,,any,torch.use_deterministic_algorithms,False,low,"Diffusion Gemma decoding: cumsum over sorted token entropies (float) on the GPU, then a scatter_ through the sort permutation (unique indices).","vllm/model_executor/models/diffusion_gemma.py:552: cumsum_ent = torch.cumsum(sorted_ent, dim=-1) | vllm/model_executor/models/diffusion_gemma.py:556: eb_mask.scatter_(1, sorted_idx, sorted_mask): permutation indices, A1",,,DiffusionGemma with the entropy-bound acceptance mask,False,scanner,vllm-c00413;vllm-c00414,vllm/model_executor/models/diffusion_gemma.py:470,True,cumsum_float_default: identical/identical (NVIDIA-B200-580.167.08-torch2.13.0+cu130; relation=operator_example; evaluations=8; kernel_identity_verified=False) | cumsum_float_default: identical/identical (NVIDIA-H100-80GB-HBM3-580.126.09-torch2.13.0+cu130; relation=operator_example; evaluations=12; kernel_identity_verified=False) | cumsum_float_default: identical/identical (NVIDIA-H100-80GB-HBM3-580.126.09-torch2.13.0+cu130; relation=operator_example; evaluations=8; kernel_identity_verified=False) | cumsum_float_default: identical/identical (NVIDIA-RTX-PRO-6000-Blackwell-Server-Edition-595.91.07-torch2.14.0+cu130; relation=operator_example; evaluations=8; kernel_identity_verified=False),Model-specific. Same caveat as the sampler cumsum.,98dff2a81d747d1dba01a47f939f48c3526d4206
vllm-0051,vllm,B,torch-op,int32,global,vllm/distributed/eplb/eplb_state.py,770,773,rearrange,True,forward,both,n/a,any,,any,,,high,"EPLB expert load window: integer counts scattered by physical-to-logical map (expert_load_window is int32, eplb_state.py:433-439).",vllm/distributed/eplb/eplb_state.py:771: logical_expert_load_window.scatter_add_(,,,,False,scanner,vllm-c00357,,False,,Integer or scalar-valued operator; exact.,98dff2a81d747d1dba01a47f939f48c3526d4206
vllm-0052,vllm,B,torch-op,int32,global,vllm/distributed/eplb/eplb_state.py,1231,1234,compute_logical_maps,True,forward,both,n/a,any,,any,,,high,EPLB logical replica count: scatter_add_ of a 0/1 mask in the map's integer dtype (eplb_state.py:1215).,vllm/distributed/eplb/eplb_state.py:1232: logical_replica_count.scatter_add_(,,,,False,scanner,vllm-c00359,,False,,Integer or scalar-valued operator; exact.,98dff2a81d747d1dba01a47f939f48c3526d4206
vllm-0053,vllm,B,torch-op,int64,global,vllm/model_executor/layers/utils.py,43,46,get_token_bin_counts_and_mask,True,forward,both,n/a,any,,any,,,high,Repetition/frequency penalty bin counts: scatter_add_ of ones into a torch.long buffer.,"vllm/model_executor/layers/utils.py:44: bin_counts.scatter_add_(1, tokens, torch.ones_like(tokens))",,,,False,scanner,vllm-c00408,,False,,Integer or scalar-valued operator; exact.,98dff2a81d747d1dba01a47f939f48c3526d4206
vllm-0054,vllm,B,torch-op,int32,global,vllm/v1/attention/backends/utils.py,656,659,make_kv_sharing_fast_prefill_common_attn_metadata,True,forward,both,n/a,any,,any,,,high,Decode token counts per request: scatter_add_ of ones in the request-id integer dtype.,vllm/v1/attention/backends/utils.py:657: num_decode_tokens.scatter_add_(,,,,False,scanner,vllm-c00542,,False,,Integer or scalar-valued operator; exact.,98dff2a81d747d1dba01a47f939f48c3526d4206
vllm-0055,vllm,B,torch-op,int32,global,vllm/v1/worker/gpu/sample/penalties.py,65,68,apply_staged_writes,True,forward,both,n/a,any,,any,,,high,Integer bincount of output tokens for penalties (no weights).,vllm/v1/worker/gpu/sample/penalties.py:66: bincount(,,,,False,scanner,vllm-c00578,,False,,Integer or scalar-valued operator; exact.,98dff2a81d747d1dba01a47f939f48c3526d4206
vllm-0056,vllm,B,torch-op,int64,global,vllm/model_executor/models/mimo_audio.py,85,88,_kmeans,True,forward,both,n/a,any,,any,,,high,Integer bincount of k-means bucket assignments (no weights).,"vllm/model_executor/models/mimo_audio.py:86: bins = torch.bincount(buckets, minlength=num_clusters)",,,,False,scanner,vllm-c00436,,False,,Integer or scalar-valued operator; exact.,98dff2a81d747d1dba01a47f939f48c3526d4206
vllm-0057,vllm,B,torch-op,int32,global,vllm/model_executor/layers/fused_moe/experts/cpu_moe.py,91,94,grouped_topk,True,forward,both,n/a,any,,any,,,high,CPU MoE group mask: scatter_ of a scalar 1; all writers store the same value.,"vllm/model_executor/layers/fused_moe/experts/cpu_moe.py:92: group_mask.scatter_(1, group_idx, 1)  # [n, n_group]",,,,False,scanner,vllm-c00387,,False,,"Integer or scalar-valued operator; exact. vllm/model_executor/layers/fused_moe/cpu_fused_moe.py was deleted by #50133 (2026-08-03) and the CPU grouped_topk helper, with this scatter_ unchanged, now lives in vllm/model_executor/layers/fused_moe/experts/cpu_moe.py.",98dff2a81d747d1dba01a47f939f48c3526d4206
vllm-0059,vllm,B,torch-op,bool,global,vllm/model_executor/layers/fused_moe/router/grouped_topk_router.py,138,141,grouped_topk,True,forward,both,n/a,any,,any,,,high,Grouped top-k router group mask: scatter_ of a scalar 1.,"vllm/model_executor/layers/fused_moe/router/grouped_topk_router.py:139: group_mask.scatter_(1, group_idx, 1)  # [n, n_group]",,,,False,scanner,vllm-c00391,,False,,Integer or scalar-valued operator; exact.,98dff2a81d747d1dba01a47f939f48c3526d4206
vllm-0060,vllm,B,torch-op,int64,global,vllm/v1/attention/backends/flex_attention.py,257,260,physical_to_logical_mapping,True,forward,both,n/a,any,,any,,,high,FlexAttention block mapping: scatter_reduce_ with amax/amin (exact).,vllm/v1/attention/backends/flex_attention.py:258: physical_to_logical.scatter_reduce_(,,,,False,scanner,vllm-c00519,,False,,Integer or scalar-valued operator; exact.,98dff2a81d747d1dba01a47f939f48c3526d4206
vllm-0061,vllm,B,torch-op,int64,global,vllm/v1/attention/backends/flex_attention.py,300,303,unique_static_unsorted,True,forward,both,n/a,any,,any,,,high,FlexAttention first index per block: scatter_reduce_(reduce='amin') (exact).,"vllm/v1/attention/backends/flex_attention.py:301: first_idx.scatter_reduce_(1, x_flat, idx, reduce=""amin"")",,,,False,scanner,vllm-c00520,,False,,Integer or scalar-valued operator; exact.,98dff2a81d747d1dba01a47f939f48c3526d4206
vllm-0062,vllm,B,torch-op,int64,global,vllm/model_executor/models/ovis.py,81,84,st_argmax,True,forward,both,n/a,any,,any,,,high,Ovis placeholder construction: scatter of a scalar into zeros.,vllm/model_executor/models/ovis.py:82: return torch.zeros_like(,,,,False,scanner,vllm-c00456,,False,,Integer or scalar-valued operator; exact.,98dff2a81d747d1dba01a47f939f48c3526d4206
vllm-0063,vllm,A1,torch-op,unknown,global,vllm/distributed/kv_transfer/kv_connector/utils.py,256,259,kv_postprocess_blksize_on_receive,True,forward,both,n/a,any,,any,,,high,KV connector block permutation: index_copy_ with distinct block indices.,"vllm/distributed/kv_transfer/kv_connector/utils.py:257: cache.index_copy_(0, indices, permuted_blocks)",,,,False,scanner,vllm-c00360,,False,,"Store with accumulate=False: order-dependent only if indices repeat. Indices shown unique, so A1.",98dff2a81d747d1dba01a47f939f48c3526d4206
vllm-0064,vllm,A1,torch-op,unknown,global,vllm/distributed/kv_transfer/kv_connector/utils.py,285,288,kv_postprocess_layout_on_receive,True,forward,both,n/a,any,,any,,,high,KV connector block permutation: index_copy_ with distinct block indices.,"vllm/distributed/kv_transfer/kv_connector/utils.py:286: cache.index_copy_(0, indices, permuted_blocks)",,,,False,scanner,vllm-c00361,,False,,"Store with accumulate=False: order-dependent only if indices repeat. Indices shown unique, so A1.",98dff2a81d747d1dba01a47f939f48c3526d4206
vllm-0065,vllm,A1,torch-op,unknown,global,vllm/distributed/kv_transfer/kv_connector/utils.py,307,310,kv_postprocess_blksize_and_layout_on_receive,True,forward,both,n/a,any,,any,,,high,KV connector block permutation: index_copy_ with distinct block indices.,"vllm/distributed/kv_transfer/kv_connector/utils.py:308: cache.index_copy_(0, indices, permuted_blocks)",,,,False,scanner,vllm-c00362,,False,,"Store with accumulate=False: order-dependent only if indices repeat. Indices shown unique, so A1.",98dff2a81d747d1dba01a47f939f48c3526d4206
vllm-0066,vllm,A1,torch-op,unknown,global,vllm/model_executor/model_loader/checkpoint_weight_patch.py,259,264,load_checkpoint_weight_patches,True,forward,both,n/a,any,,any,,,high,"Checkpoint-coordinate sparse weight patch: index_copy_ of the patch values into a NaN-filled flat checkpoint tensor at the patch's flat indices, which the model's own load_weights then copies into the parameter.","vllm/model_executor/model_loader/checkpoint_weight_patch.py:260-263: flat.index_copy_(0, patch.indices.to(torch.long), patch.values) | vllm/model_executor/model_loader/checkpoint_weight_patch.py:208-224: validate_unique_indices (default True) sorts each patch's indices and raises when neighbouring indices are equal, so within one patch no destination has two writers",,,,False,scanner,vllm-c00409,,False,,"Store with accumulate=False: order-dependent only if indices repeat, and duplicate indices inside a patch are rejected before loading, so A1. The site moved at this sha: vllm/distributed/weight_transfer/sparse_nccl_engine.py no longer applies patches itself (#53751, checkpoint-coordinate sparse NCCL updates) and calls load_checkpoint_weight_patches at sparse_nccl_engine.py:186 instead.",98dff2a81d747d1dba01a47f939f48c3526d4206
vllm-0067,vllm,A1,torch-op,unknown,global,vllm/model_executor/layers/mamba/gdn/olmo_gdn_linear_attn.py,499,502,_forward_core,True,forward,both,n/a,any,,any,,,high,GDN linear attention: index_copy_ of speculative-token rows at spec_token_indx; the spec and non-spec index sets partition the tokens.,"vllm/model_executor/layers/mamba/gdn/olmo_gdn_linear_attn.py:500: merged_out.index_copy_(1, spec_token_indx, core_attn_out_spec)",,,,False,scanner,vllm-c00398,,False,,"Store with accumulate=False: order-dependent only if indices repeat. Indices shown unique, so A1.",98dff2a81d747d1dba01a47f939f48c3526d4206
vllm-0068,vllm,A1,torch-op,unknown,global,vllm/model_executor/layers/mamba/gdn/olmo_gdn_linear_attn.py,500,503,_forward_core,True,forward,both,n/a,any,,any,,,high,GDN linear attention: index_copy_ of non-speculative rows (disjoint from the previous call).,"vllm/model_executor/layers/mamba/gdn/olmo_gdn_linear_attn.py:501: merged_out.index_copy_(1, non_spec_token_indx, core_attn_out_non_spec)",,,,False,scanner,vllm-c00399,,False,,"Store with accumulate=False: order-dependent only if indices repeat. Indices shown unique, so A1.",98dff2a81d747d1dba01a47f939f48c3526d4206
vllm-0069,vllm,A1,torch-op,unknown,global,vllm/model_executor/layers/mamba/gdn/qwen_gdn_linear_attn.py,1573,1576,_forward_core,True,forward,both,n/a,any,,any,,,high,Qwen GDN linear attention: index_copy_ of speculative rows.,"vllm/model_executor/layers/mamba/gdn/qwen_gdn_linear_attn.py:1574: merged_out.index_copy_(1, spec_token_indx, core_attn_out_spec)",,,,False,scanner,vllm-c00400,,False,,"Store with accumulate=False: order-dependent only if indices repeat. Indices shown unique, so A1.",98dff2a81d747d1dba01a47f939f48c3526d4206
vllm-0070,vllm,A1,torch-op,unknown,global,vllm/model_executor/layers/mamba/gdn/qwen_gdn_linear_attn.py,1574,1577,_forward_core,True,forward,both,n/a,any,,any,,,high,Qwen GDN linear attention: index_copy_ of non-speculative rows.,"vllm/model_executor/layers/mamba/gdn/qwen_gdn_linear_attn.py:1575: merged_out.index_copy_(1, non_spec_token_indx, core_attn_out_non_spec)",,,,False,scanner,vllm-c00401,,False,,"Store with accumulate=False: order-dependent only if indices repeat. Indices shown unique, so A1.",98dff2a81d747d1dba01a47f939f48c3526d4206
vllm-0071,vllm,A1,torch-op,unknown,global,vllm/model_executor/models/diffusion_gemma.py,555,558,_compiled_sample_step,True,forward,both,n/a,any,,any,,,high,Diffusion Gemma: scatter_ through the sort permutation sorted_idx (unique).,"vllm/model_executor/models/diffusion_gemma.py:556: eb_mask.scatter_(1, sorted_idx, sorted_mask)",,,,False,scanner,vllm-c00414,,False,,"Store with accumulate=False: order-dependent only if indices repeat. Indices shown unique, so A1.",98dff2a81d747d1dba01a47f939f48c3526d4206
vllm-0072,vllm,A1,torch-op,unknown,global,vllm/model_executor/models/gemma4_mtp.py,136,139,forward,True,forward,both,n/a,any,,any,,,medium,"Gemma4 MTP: scatter_ of draft logits into the output vocabulary positions; index uniqueness depends on the draft-to-target vocabulary map, which was not read.","vllm/model_executor/models/gemma4_mtp.py:137: scatter_ of float logits with accumulate=False into a full-vocab buffer | vllm/model_executor/models/gemma4_mtp.py:106-115: indices come from torch.topk over centroids (distinct per row) indexed into token_ordering viewed as (num_centroids, vocab_size_per_centroid), so each row's indices are distinct if token_ordering is a permutation of the vocabulary",,,,False,scanner,vllm-c00422,,True,,"Store, not an accumulation. Order-dependent only if indices repeat within a row. topk returns distinct centroid ids and the token_ordering buffer maps each (centroid, slot) to one vocabulary id, described at line 19 as the token-to-centroid mapping; a permutation gives distinct positions. Classed A1 on that reading; the permutation property is a checkpoint invariant and was not verified here.",98dff2a81d747d1dba01a47f939f48c3526d4206
vllm-0073,vllm,A1,torch-op,unknown,global,vllm/model_executor/models/phimoe.py,196,199,sparsemixer,True,forward,both,n/a,any,,any,,,high,"PhiMoE routing: torch.scatter of masked scores at the selected expert indices, which are distinct per row.",vllm/model_executor/models/phimoe.py:197: masked_scores = torch.scatter(,,,,False,scanner,vllm-c00460,,False,,"Store with accumulate=False: order-dependent only if indices repeat. Indices shown unique, so A1.",98dff2a81d747d1dba01a47f939f48c3526d4206
vllm-0074,vllm,A1,torch-op,unknown,global,vllm/v1/attention/backends/flex_attention.py,312,315,unique_static_unsorted,True,forward,both,n/a,any,,any,,,high,"FlexAttention packing: scatter_ to dest_pos = cumsum(keep) - 1, which is strictly increasing over kept positions.","vllm/v1/attention/backends/flex_attention.py:313: packed_flat = packed_extended.scatter_(1, dest_pos, x_flat)[:, :N]",,,,False,scanner,vllm-c00522,,False,,"Store with accumulate=False: order-dependent only if indices repeat. Indices shown unique, so A1.",98dff2a81d747d1dba01a47f939f48c3526d4206
vllm-0075,vllm,A1,torch-op,unknown,global,vllm/v1/sample/logits_processor/builtin.py,281,283,apply,True,forward,both,n/a,any,,any,,,high,"Logits processor: index_put_ with a slice index and accumulate=False (plain store, one writer per element).","vllm/v1/sample/logits_processor/builtin.py:283: logits.index_put_(self.logits_slice, self.neg_inf_tensor)",,,,False,scanner,vllm-c00552,,False,,"Store with accumulate=False: order-dependent only if indices repeat. Indices shown unique, so A1. At this sha the branch is taken only when there are no stop tokens to restore; the other branch calls _mask_stop_token_logits, whose two index_put_ calls (lines 264 and 277) are the same accumulate=False store.",98dff2a81d747d1dba01a47f939f48c3526d4206
vllm-0076,vllm,A1,torch-op,unknown,global,vllm/v1/sample/logits_processor/builtin.py,368,371,apply_with_spec_decode,True,forward,both,n/a,any,,any,,,high,Logits processor: index_put_ with a slice index and accumulate=False.,"vllm/v1/sample/logits_processor/builtin.py:369: logits.index_put_(logits_slice, self.neg_inf_tensor)",,,,False,scanner,vllm-c00554,,False,,"Store with accumulate=False: order-dependent only if indices repeat. Indices shown unique, so A1.",98dff2a81d747d1dba01a47f939f48c3526d4206
vllm-0077,vllm,A1,torch-op,unknown,global,vllm/v1/sample/ops/topk_topp_sampler.py,407,410,apply_top_k_top_p_pytorch,True,forward,both,n/a,any,,any,,,high,"Top-k/top-p sampler: scatter_ back through logits_idx, the sort permutation (unique).","vllm/v1/sample/ops/topk_topp_sampler.py:408: return logits.scatter_(dim=-1, index=logits_idx, src=logits_sort)",,,,False,scanner,vllm-c00556,,False,,"Store with accumulate=False: order-dependent only if indices repeat. Indices shown unique, so A1.",98dff2a81d747d1dba01a47f939f48c3526d4206
vllm-0078,vllm,A1,torch-op,unknown,global,vllm/v1/sample/thinking_budget_state.py,579,582,_apply_forcing_to_logits,True,forward,both,n/a,any,,any,,,high,"Thinking budget: index_put_ at (active request index, forced token) pairs, one per request, accumulate=False.","vllm/v1/sample/thinking_budget_state.py:580: logits.index_put_((active_indices, force_tokens), fill)",,,,False,scanner,vllm-c00558,,False,,"Store with accumulate=False: order-dependent only if indices repeat. Indices shown unique, so A1.",98dff2a81d747d1dba01a47f939f48c3526d4206
vllm-0079,vllm,B,torch-op,int32,global,vllm/v1/spec_decode/ngram_proposer_gpu.py,370,373,propose,True,forward,both,n/a,any,,any,,,medium,N-gram proposer: scatter_ of draft tokens to write_positions; whether positions can repeat within a row was not established.,"vllm/v1/spec_decode/ngram_proposer_gpu.py:371: scatter_ of integer token ids into the token id table | vllm/v1/spec_decode/ngram_proposer_gpu.py:351-352: write positions are num_tokens_no_spec + arange(max_new_tokens), consecutive and distinct within a row | vllm/v1/spec_decode/ngram_proposer_gpu.py:361-363: positions past max_seq_len are clamped to max_seq_len - 1 and their masked write carries the value gathered from that position",,,,False,scanner,vllm-c00563,,True,,"Integer token ids, not floating point, so not order-dependent accumulation. Positions within a row are consecutive and distinct. The clamp at line 361 can fold out-of-bounds positions onto max_seq_len - 1, where the clamped write carries the pre-scatter value and an in-bounds write at the same position carries a new token; that collision is only possible when a request reaches the table's last column. The verifier should treat that boundary as a scheduling invariant rather than an atomics question.",98dff2a81d747d1dba01a47f939f48c3526d4206
vllm-0080,vllm,A1,torch-op,unknown,global,vllm/v1/spec_decode/ngram_proposer_gpu.py,640,643,_sync_num_tokens,True,forward,both,n/a,any,,any,,,medium,N-gram proposer: index_copy_ of per-request counts at distinct request indices.,vllm/v1/spec_decode/ngram_proposer_gpu.py:641: num_tokens_no_spec_gpu.index_copy_(,,,,False,scanner,vllm-c00564,,False,,"Store with accumulate=False: order-dependent only if indices repeat. Indices shown unique, so A1.",98dff2a81d747d1dba01a47f939f48c3526d4206
vllm-0081,vllm,A1,torch-op,unknown,global,vllm/v1/worker/gpu/spec_decode/dspark/speculator.py,132,136,_sample_logits,True,forward,both,n/a,any,,any,,,medium,DSpark speculator: index_copy_ of draft logits through the draft-to-target index; uniqueness of that map was not read.,"vllm/v1/worker/gpu/spec_decode/dspark/speculator.py:135: index_copy_ of float draft logits into the target-vocabulary scratch buffer | vllm/v1/worker/gpu/spec_decode/dspark/speculator.py:100-102: the index is arange(draft_vocab) + draft_id_to_target_id, the draft-to-target vocabulary map; distinct draft ids map to distinct target ids",,,,False,scanner,vllm-c00584,,True,,"Store, not an accumulation. The scatter index is the draft-to-target id map built once at speculator.py:100-102; a reduced draft vocabulary is a subset of the target vocabulary, so the map is injective and the columns written by one row are distinct. Classed A1 on that reading; injectivity is a property of the checkpoint's d2t table and was not verified here. At this sha the scatter moved from _sample_sequential into _sample_logits, which both the sequential and the batched sampling paths call.",98dff2a81d747d1dba01a47f939f48c3526d4206
vllm-0082,vllm,A1,torch-op,unknown,global,vllm/v1/worker/gpu_model_runner.py,1899,1902,_prepare_input_ids,True,forward,both,n/a,any,,any,,,high,Model runner: scatter_ of input token ids at distinct token positions.,vllm/v1/worker/gpu_model_runner.py:1900: self.input_ids.gpu.scatter_(,,,,False,scanner,vllm-c00586,,False,,"Store with accumulate=False: order-dependent only if indices repeat. Indices shown unique, so A1.",98dff2a81d747d1dba01a47f939f48c3526d4206
vllm-0083,vllm,A1,torch-op,unknown,global,vllm/v1/worker/gpu_model_runner.py,1923,1926,_prepare_input_ids,True,forward,both,n/a,any,,any,,,high,Model runner: scatter_ of input token ids at distinct token positions.,vllm/v1/worker/gpu_model_runner.py:1924: self.input_ids.gpu.scatter_(,,,,False,scanner,vllm-c00587,,False,,"Store with accumulate=False: order-dependent only if indices repeat. Indices shown unique, so A1.",98dff2a81d747d1dba01a47f939f48c3526d4206
vllm-0085,vllm,B,torch-op,int64,global,vllm/lora/ops/triton_ops/lora_kernel_metadata.py,164,167,prepare_tensors,True,forward,both,n/a,any,,any,,,high,"Integer prefix sum of lengths, counts or offsets (cu_seqlens style)","vllm/lora/ops/triton_ops/lora_kernel_metadata.py:165: lora_token_start_loc = torch.cumsum(num_tokens_per_lora, dim=0)",,,,False,scanner,vllm-c00374,,False,,Integer cumsum is exact; PyTorch only lists floating-point CUDA cumsum as non-deterministic.,98dff2a81d747d1dba01a47f939f48c3526d4206
vllm-0086,vllm,B,torch-op,int64,global,vllm/lora/punica_wrapper/utils.py,29,32,compute_meta,True,forward,both,n/a,any,,any,,,high,"Integer prefix sum of lengths, counts or offsets (cu_seqlens style)","vllm/lora/punica_wrapper/utils.py:30: cum_result = torch.cumsum(seq_length_tensor, dim=0)",,,,False,scanner,vllm-c00375,,False,,Integer cumsum is exact; PyTorch only lists floating-point CUDA cumsum as non-deterministic.,98dff2a81d747d1dba01a47f939f48c3526d4206
vllm-0089,vllm,B,torch-op,int64,global,vllm/third_party/flash_linear_attention/ops/index.py,29,32,prepare_chunk_indices,True,forward,both,n/a,any,,any,,,high,"Integer prefix sum of lengths, counts or offsets (cu_seqlens style)","vllm/third_party/flash_linear_attention/ops/index.py:29: chunk_indices = torch.stack([indices.eq(0).cumsum(0) - 1, indices], 1)",,,,False,scanner,vllm-c00513,,False,,"Integer cumsum is exact; PyTorch only lists floating-point CUDA cumsum as non-deterministic. The file moved at this sha from vllm/model_executor/layers/fla/ops/index.py to vllm/third_party/flash_linear_attention/ops/index.py, and the cumsum is now built on the host from chunk_counts before the transfer to the device.",98dff2a81d747d1dba01a47f939f48c3526d4206
vllm-0090,vllm,B,torch-op,int64,global,vllm/third_party/flash_linear_attention/ops/index.py,36,39,prepare_chunk_offsets,True,forward,both,n/a,any,,any,,,high,"Integer prefix sum of lengths, counts or offsets (cu_seqlens style)","vllm/third_party/flash_linear_attention/ops/index.py:37-39: torch.cat([cu_seqlens.new_zeros(1), triton.cdiv(prepare_lens(cu_seqlens), chunk_size)]).cumsum(-1)",,,,False,scanner,vllm-c00514,,False,,Integer cumsum is exact; PyTorch only lists floating-point CUDA cumsum as non-deterministic. The file moved at this sha from vllm/model_executor/layers/fla/ops/index.py to vllm/third_party/flash_linear_attention/ops/index.py.,98dff2a81d747d1dba01a47f939f48c3526d4206
vllm-0091,vllm,B,torch-op,int64,global,vllm/model_executor/layers/fused_moe/routed_experts_capturer.py,157,160,capture,True,forward,both,n/a,any,,any,,,high,"Integer prefix sum of lengths, counts or offsets (cu_seqlens style)","vllm/model_executor/layers/fused_moe/routed_experts_capturer.py:158: cumsum = torch.cumsum(num_tokens_dp, dim=0)",,,,False,scanner,vllm-c00389,,False,,Integer cumsum is exact; PyTorch only lists floating-point CUDA cumsum as non-deterministic.,98dff2a81d747d1dba01a47f939f48c3526d4206
vllm-0093,vllm,B,torch-op,int64,global,vllm/model_executor/models/diffusion_gemma.py,1294,1297,__call__,True,forward,both,n/a,any,,any,,,high,"Integer prefix sum of lengths, counts or offsets (cu_seqlens style)",vllm/model_executor/models/diffusion_gemma.py:1295: starts = valid_canvas_len.cumsum(0) - valid_canvas_len  # row offset per req,,,,False,scanner,vllm-c00416,,False,,Integer cumsum is exact; PyTorch only lists floating-point CUDA cumsum as non-deterministic.,98dff2a81d747d1dba01a47f939f48c3526d4206
vllm-0094,vllm,B,torch-op,int64,global,vllm/model_executor/models/dots_ocr.py,561,564,forward,True,forward,both,n/a,any,,any,,,high,"Integer prefix sum of lengths, counts or offsets (cu_seqlens style)","vllm/model_executor/models/dots_ocr.py:562-567: cu_seqlens = torch.repeat_interleave(...).cumsum(dim=0, dtype=grid_thw_tensor.dtype if tracing else torch.int32)",,,,False,scanner,vllm-c00417,,False,,Integer cumsum is exact; PyTorch only lists floating-point CUDA cumsum as non-deterministic.,98dff2a81d747d1dba01a47f939f48c3526d4206
vllm-0095,vllm,B,torch-op,int64,global,vllm/model_executor/models/ernie45_vl.py,507,510,prepare_encoder_metadata,True,forward,both,n/a,any,,any,,,high,"Integer prefix sum of lengths, counts or offsets (cu_seqlens style)",vllm/model_executor/models/ernie45_vl.py:508: cu_seqlens = torch.repeat_interleave(,,,,False,scanner,vllm-c00419,,False,,Integer cumsum is exact; PyTorch only lists floating-point CUDA cumsum as non-deterministic.,98dff2a81d747d1dba01a47f939f48c3526d4206
vllm-0096,vllm,B,torch-op,int64,global,vllm/model_executor/models/ernie45_vl.py,806,809,fwd_placeholder,True,forward,both,n/a,any,,any,,,high,"Integer prefix sum of lengths, counts or offsets (cu_seqlens style)",vllm/model_executor/models/ernie45_vl.py:807: batch_offset[1:] = tokens_per_img_or_vid.cumsum()[:-1],,,,False,scanner,vllm-c00420,,False,,Integer cumsum is exact; PyTorch only lists floating-point CUDA cumsum as non-deterministic.,98dff2a81d747d1dba01a47f939f48c3526d4206
vllm-0097,vllm,B,torch-op,int64,global,vllm/model_executor/models/funaudiochat.py,347,350,forward,True,forward,both,n/a,any,,any,,,high,"Integer prefix sum of lengths, counts or offsets (cu_seqlens style)","vllm/model_executor/models/funaudiochat.py:348: padded_mask_after_cnn.sum(1).cumsum(0),",,,,False,scanner,vllm-c00421,,False,,Integer cumsum is exact; PyTorch only lists floating-point CUDA cumsum as non-deterministic.,98dff2a81d747d1dba01a47f939f48c3526d4206
vllm-0099,vllm,B,torch-op,int64,global,vllm/model_executor/models/glm_ocr.py,343,346,forward,True,forward,both,n/a,any,,any,,,high,"Integer prefix sum of lengths, counts or offsets (cu_seqlens style)",vllm/model_executor/models/glm_ocr.py:344: cu_seqlens = torch.repeat_interleave(,,,,False,scanner,vllm-c00425,,False,,Integer cumsum is exact; PyTorch only lists floating-point CUDA cumsum as non-deterministic.,98dff2a81d747d1dba01a47f939f48c3526d4206
vllm-0101,vllm,B,torch-op,int64,global,vllm/model_executor/models/isaac.py,80,83,create_cumulative_seq_lengths,True,forward,both,n/a,any,,any,,,high,"Integer prefix sum of lengths, counts or offsets (cu_seqlens style)",vllm/model_executor/models/isaac.py:81: cu_seqlens[1:] = seq_sizes.cumsum(0),,,,False,scanner,vllm-c00426,,False,,Integer cumsum is exact; PyTorch only lists floating-point CUDA cumsum as non-deterministic.,98dff2a81d747d1dba01a47f939f48c3526d4206
vllm-0103,vllm,B,torch-op,int64,global,vllm/model_executor/models/keye_vl1_5.py,436,439,_get_prompt_updates,True,forward,both,n/a,any,,any,,,high,"Integer prefix sum of lengths, counts or offsets (cu_seqlens style)","vllm/model_executor/models/keye_vl1_5.py:437: cu_seqlens = torch.cumsum(torch.tensor([0] + num_frames.tolist()), dim=-1)",,,,False,scanner,vllm-c00428,,False,,Integer cumsum is exact; PyTorch only lists floating-point CUDA cumsum as non-deterministic.,98dff2a81d747d1dba01a47f939f48c3526d4206
vllm-0104,vllm,B,torch-op,int64,global,vllm/model_executor/models/keye_vl1_5.py,595,598,_process_video_input,True,forward,both,n/a,any,,any,,,high,"Integer prefix sum of lengths, counts or offsets (cu_seqlens style)",vllm/model_executor/models/keye_vl1_5.py:596: patch_cu_seqlens = torch.cumsum(,,,,False,scanner,vllm-c00429,,False,,Integer cumsum is exact; PyTorch only lists floating-point CUDA cumsum as non-deterministic.,98dff2a81d747d1dba01a47f939f48c3526d4206
vllm-0106,vllm,B,torch-op,int64,global,vllm/model_executor/models/lfm2_vl.py,780,783,image_pixels_to_features,True,forward,both,n/a,any,,any,,,high,"Integer prefix sum of lengths, counts or offsets (cu_seqlens style)","vllm/model_executor/models/lfm2_vl.py:781: cu_seqlens[1:] = torch.cumsum(lengths, dim=0)",,,,False,scanner,vllm-c00431,,False,,Integer cumsum is exact; PyTorch only lists floating-point CUDA cumsum as non-deterministic.,98dff2a81d747d1dba01a47f939f48c3526d4206
vllm-0107,vllm,B,torch-op,int64,global,vllm/model_executor/models/lfm2_vl.py,1029,1032,_get_lfm2vl_cu_seqlens,True,forward,both,n/a,any,,any,,,high,"Integer prefix sum of lengths, counts or offsets (cu_seqlens style)","vllm/model_executor/models/lfm2_vl.py:1030: cu_seqlens[1:] = torch.cumsum(lengths, dim=0)",,,,False,scanner,vllm-c00432,,False,,Integer cumsum is exact; PyTorch only lists floating-point CUDA cumsum as non-deterministic.,98dff2a81d747d1dba01a47f939f48c3526d4206
vllm-0108,vllm,B,torch-op,int64,global,vllm/model_executor/models/llava_onevision2.py,422,425,_field_config,True,forward,both,n/a,any,,any,,,high,"Integer prefix sum of lengths, counts or offsets (cu_seqlens style)",vllm/model_executor/models/llava_onevision2.py:423: offsets = torch.cumsum(,,,,False,scanner,vllm-c00433,,False,,Integer cumsum is exact; PyTorch only lists floating-point CUDA cumsum as non-deterministic.,98dff2a81d747d1dba01a47f939f48c3526d4206
vllm-0110,vllm,B,torch-op,int64,global,vllm/model_executor/models/mimo_audio.py,639,642,get_sequence_mask,True,forward,both,n/a,any,,any,,,high,"Integer prefix sum of lengths, counts or offsets (cu_seqlens style)","vllm/model_executor/models/mimo_audio.py:640: unpacking_index = torch.cumsum(sequence_mask.to(torch.int64).view(-1), dim=0) - 1",,,,False,scanner,vllm-c00440,,False,,Integer cumsum is exact; PyTorch only lists floating-point CUDA cumsum as non-deterministic.,98dff2a81d747d1dba01a47f939f48c3526d4206
vllm-0111,vllm,B,torch-op,int64,global,vllm/model_executor/models/mimo_audio.py,657,660,get_position_ids,True,forward,both,n/a,any,,any,,,high,"Integer prefix sum of lengths, counts or offsets (cu_seqlens style)","vllm/model_executor/models/mimo_audio.py:658: offset = torch.cat([torch.zeros(1).to(lengths), lengths[:-1].cumsum(dim=0)])",,,,False,scanner,vllm-c00441,,False,,Integer cumsum is exact; PyTorch only lists floating-point CUDA cumsum as non-deterministic.,98dff2a81d747d1dba01a47f939f48c3526d4206
vllm-0112,vllm,B,torch-op,int64,global,vllm/model_executor/models/mimo_audio.py,879,882,get_features,True,forward,both,n/a,any,,any,,,high,"Integer prefix sum of lengths, counts or offsets (cu_seqlens style)","vllm/model_executor/models/mimo_audio.py:880: torch.cumsum(output_length, dim=0), (1, 0), ""constant"", 0",,,,False,scanner,vllm-c00442,,False,,Integer cumsum is exact; PyTorch only lists floating-point CUDA cumsum as non-deterministic.,98dff2a81d747d1dba01a47f939f48c3526d4206
vllm-0113,vllm,B,torch-op,int64,global,vllm/model_executor/models/mimo_v2_omni.py,591,594,forward,True,forward,both,n/a,any,,any,,,high,"Integer prefix sum of lengths, counts or offsets (cu_seqlens style)","vllm/model_executor/models/mimo_v2_omni.py:592: seqlens.cumsum(dim=0).to(device=x.device, dtype=torch.int32),",,,,False,scanner,vllm-c00443,,False,,Integer cumsum is exact; PyTorch only lists floating-point CUDA cumsum as non-deterministic.,98dff2a81d747d1dba01a47f939f48c3526d4206
vllm-0114,vllm,B,torch-op,int64,global,vllm/model_executor/models/molmo2.py,2410,2413,_parse_and_validate_image_input,True,forward,both,n/a,any,,any,,,high,"Integer prefix sum of lengths, counts or offsets (cu_seqlens style)",vllm/model_executor/models/molmo2.py:2411: accum_patches = [0] + num_patches.cumsum(dim=0)[:-1].tolist(),,,,False,scanner,vllm-c00444,,False,,Integer cumsum is exact; PyTorch only lists floating-point CUDA cumsum as non-deterministic.,98dff2a81d747d1dba01a47f939f48c3526d4206
vllm-0115,vllm,B,torch-op,int64,global,vllm/model_executor/models/molmo2.py,2445,2448,_parse_and_validate_video_input,True,forward,both,n/a,any,,any,,,high,"Integer prefix sum of lengths, counts or offsets (cu_seqlens style)",vllm/model_executor/models/molmo2.py:2446: accum_patches = [0] + num_patches.cumsum(dim=0)[:-1].tolist(),,,,False,scanner,vllm-c00445,,False,,Integer cumsum is exact; PyTorch only lists floating-point CUDA cumsum as non-deterministic.,98dff2a81d747d1dba01a47f939f48c3526d4206
vllm-0116,vllm,B,torch-op,int64,global,vllm/model_executor/models/moonvit.py,562,565,forward,True,forward,both,n/a,any,,any,,,high,"Integer prefix sum of lengths, counts or offsets (cu_seqlens style)","vllm/model_executor/models/moonvit.py:563: cu_seqlens = lengths.cumsum(dim=0, dtype=torch.int32)",,,,False,scanner,vllm-c00447,,False,,Integer cumsum is exact; PyTorch only lists floating-point CUDA cumsum as non-deterministic.,98dff2a81d747d1dba01a47f939f48c3526d4206
vllm-0118,vllm,B,torch-op,int64,global,vllm/model_executor/models/moss_audio.py,662,665,forward,True,forward,both,n/a,any,,any,,,high,"Integer prefix sum of lengths, counts or offsets (cu_seqlens style)","vllm/model_executor/models/moss_audio.py:663: tail_chunk_index = F.pad(chunk_num, (1, 0), value=-1).cumsum(0)[1:]",,,,False,scanner,vllm-c00449,,False,,Integer cumsum is exact; PyTorch only lists floating-point CUDA cumsum as non-deterministic.,98dff2a81d747d1dba01a47f939f48c3526d4206
vllm-0119,vllm,B,torch-op,int64,global,vllm/model_executor/models/openpangu_vl.py,549,552,get_window_index,True,forward,both,n/a,any,,any,,,high,"Integer prefix sum of lengths, counts or offsets (cu_seqlens style)",vllm/model_executor/models/openpangu_vl.py:550: seqlens.cumsum(0) * self.spatial_merge_unit + cu_window_seqlens[-1],,,,False,scanner,vllm-c00454,,False,,Integer cumsum is exact; PyTorch only lists floating-point CUDA cumsum as non-deterministic.,98dff2a81d747d1dba01a47f939f48c3526d4206
vllm-0120,vllm,B,torch-op,int64,global,vllm/model_executor/models/openpangu_vl.py,567,570,forward,True,forward,both,n/a,any,,any,,,high,"Integer prefix sum of lengths, counts or offsets (cu_seqlens style)","vllm/model_executor/models/openpangu_vl.py:568: cu_seqlens = torch.cumsum(cu_seqlens, dim=0, dtype=torch.int32)",,,,False,scanner,vllm-c00455,,False,,Integer cumsum is exact; PyTorch only lists floating-point CUDA cumsum as non-deterministic.,98dff2a81d747d1dba01a47f939f48c3526d4206
vllm-0121,vllm,B,torch-op,int64,global,vllm/model_executor/models/phi4siglip.py,336,339,_packed_from_padded,True,forward,both,n/a,any,,any,,,high,"Integer prefix sum of lengths, counts or offsets (cu_seqlens style)",vllm/model_executor/models/phi4siglip.py:337: cu_seqlens[1:] = valid_counts.cumsum(0),,,,False,scanner,vllm-c00458,,False,,Integer cumsum is exact; PyTorch only lists floating-point CUDA cumsum as non-deterministic.,98dff2a81d747d1dba01a47f939f48c3526d4206
vllm-0122,vllm,B,torch-op,int64,global,vllm/model_executor/models/qwen2_5_vl.py,793,796,get_window_index_thw,True,forward,both,n/a,any,,any,,,high,"Integer prefix sum of lengths, counts or offsets (cu_seqlens style)",vllm/model_executor/models/qwen2_5_vl.py:794: cu_seqlens_tmp = seqlens.cumsum(0) * self.spatial_merge_unit,,,,False,scanner,vllm-c00462,,False,,Integer cumsum is exact; PyTorch only lists floating-point CUDA cumsum as non-deterministic.,98dff2a81d747d1dba01a47f939f48c3526d4206
vllm-0123,vllm,B,torch-op,int64,global,vllm/model_executor/models/qwen2_5_vl.py,961,964,prepare_encoder_metadata,True,forward,both,n/a,any,,any,,,high,"Integer prefix sum of lengths, counts or offsets (cu_seqlens style)","vllm/model_executor/models/qwen2_5_vl.py:962: cu_seqlens = torch.cumsum(cu_seqlens, dim=0, dtype=torch.int32)",,,,False,scanner,vllm-c00463,,False,,Integer cumsum is exact; PyTorch only lists floating-point CUDA cumsum as non-deterministic.,98dff2a81d747d1dba01a47f939f48c3526d4206
vllm-0125,vllm,B,torch-op,int64,global,vllm/model_executor/models/qwen3_omni_moe_thinker.py,461,464,forward,True,forward,both,n/a,any,,any,,,high,"Integer prefix sum of lengths, counts or offsets (cu_seqlens style)","vllm/model_executor/models/qwen3_omni_moe_thinker.py:462: tail_chunk_index = F.pad(chunk_num, (1, 0), value=-1).cumsum(0)[1:]",,,,False,scanner,vllm-c00466,,False,,Integer cumsum is exact; PyTorch only lists floating-point CUDA cumsum as non-deterministic.,98dff2a81d747d1dba01a47f939f48c3526d4206
vllm-0126,vllm,B,torch-op,int64,global,vllm/model_executor/models/qwen3_omni_moe_thinker.py,532,535,forward,True,forward,both,n/a,any,,any,,,high,"Integer prefix sum of lengths, counts or offsets (cu_seqlens style)",vllm/model_executor/models/qwen3_omni_moe_thinker.py:533: cu_seqlens = async_tensor_h2d(,,,,False,scanner,vllm-c00467,,False,,Integer cumsum is exact; PyTorch only lists floating-point CUDA cumsum as non-deterministic.,98dff2a81d747d1dba01a47f939f48c3526d4206
vllm-0127,vllm,B,torch-op,int64,global,vllm/model_executor/models/qwen3_omni_moe_thinker.py,973,976,forward,True,forward,both,n/a,any,,any,,,high,"Integer prefix sum of lengths, counts or offsets (cu_seqlens style)",vllm/model_executor/models/qwen3_omni_moe_thinker.py:974: cu_seqlens = torch.repeat_interleave(,,,,False,scanner,vllm-c00468,,False,,Integer cumsum is exact; PyTorch only lists floating-point CUDA cumsum as non-deterministic.,98dff2a81d747d1dba01a47f939f48c3526d4206
vllm-0128,vllm,B,torch-op,int64,global,vllm/model_executor/models/qwen3_omni_moe_thinker.py,987,990,forward,True,forward,both,n/a,any,,any,,,high,"Integer prefix sum of lengths, counts or offsets (cu_seqlens style)",vllm/model_executor/models/qwen3_omni_moe_thinker.py:988: repeat_cumsum = repeat_counts.cumsum(0),,,,False,scanner,vllm-c00469,,False,,Integer cumsum is exact; PyTorch only lists floating-point CUDA cumsum as non-deterministic.,98dff2a81d747d1dba01a47f939f48c3526d4206
vllm-0129,vllm,B,torch-op,int64,global,vllm/model_executor/models/qwen3_omni_moe_thinker.py,995,998,forward,True,forward,both,n/a,any,,any,,,high,"Integer prefix sum of lengths, counts or offsets (cu_seqlens style)",vllm/model_executor/models/qwen3_omni_moe_thinker.py:996: cu_seqlens = values[indices].cumsum(,,,,False,scanner,vllm-c00470,,False,,Integer cumsum is exact; PyTorch only lists floating-point CUDA cumsum as non-deterministic.,98dff2a81d747d1dba01a47f939f48c3526d4206
vllm-0132,vllm,B,torch-op,int64,global,vllm/model_executor/models/siglip2navit.py,474,477,get_window_index,True,forward,both,n/a,any,,any,,,high,"Integer prefix sum of lengths, counts or offsets (cu_seqlens style)",vllm/model_executor/models/siglip2navit.py:475: seqlens.cumsum(0) * self.spatial_merge_unit + cu_window_seqlens[-1],,,,False,scanner,vllm-c00473,,False,,Integer cumsum is exact; PyTorch only lists floating-point CUDA cumsum as non-deterministic.,98dff2a81d747d1dba01a47f939f48c3526d4206
vllm-0133,vllm,B,torch-op,int64,global,vllm/model_executor/models/siglip2navit.py,520,523,forward,True,forward,both,n/a,any,,any,,,high,"Integer prefix sum of lengths, counts or offsets (cu_seqlens style)",vllm/model_executor/models/siglip2navit.py:521: cu_seqlens = torch.repeat_interleave(,,,,False,scanner,vllm-c00474,,False,,Integer cumsum is exact; PyTorch only lists floating-point CUDA cumsum as non-deterministic.,98dff2a81d747d1dba01a47f939f48c3526d4206
vllm-0134,vllm,B,torch-op,int64,global,vllm/model_executor/models/ultravox.py,310,313,_get_prompt_updates,True,forward,both,n/a,any,,any,,,high,"Integer prefix sum of lengths, counts or offsets (cu_seqlens style)",vllm/model_executor/models/ultravox.py:311: chunks_start_idx: torch.Tensor = torch.cumsum(,,,,False,scanner,vllm-c00475,,False,,Integer cumsum is exact; PyTorch only lists floating-point CUDA cumsum as non-deterministic.,98dff2a81d747d1dba01a47f939f48c3526d4206
vllm-0135,vllm,B,torch-op,int64,global,vllm/models/deepseek_v4/amd/rocm.py,59,62,_build_indptr_from_lengths,True,forward,both,n/a,any,,any,,,high,"Integer prefix sum of lengths, counts or offsets (cu_seqlens style)","vllm/models/deepseek_v4/amd/rocm.py:60: torch.cumsum(lengths, dim=0, out=indptr[1:])",,,,False,scanner,vllm-c00476,,False,,Integer cumsum is exact; PyTorch only lists floating-point CUDA cumsum as non-deterministic.,98dff2a81d747d1dba01a47f939f48c3526d4206
vllm-0136,vllm,B,torch-op,int64,global,vllm/models/minimax_m3/common/sparse_attention.py,308,311,build,True,forward,both,n/a,any,,any,,,high,"Integer prefix sum of lengths, counts or offsets (cu_seqlens style)","vllm/models/minimax_m3/common/sparse_attention.py:309: torch.cumsum(prefill_kv_lens, dim=0, out=prefill_cu_seqlens_k[1:])",,,,False,scanner,vllm-c00495,,False,,Integer cumsum is exact; PyTorch only lists floating-point CUDA cumsum as non-deterministic.,98dff2a81d747d1dba01a47f939f48c3526d4206
vllm-0138,vllm,B,torch-op,int64,global,vllm/multimodal/video_prune/evs.py,347,350,recompute_mrope_positions,True,forward,both,n/a,any,,any,,,high,"Integer prefix sum of lengths, counts or offsets (cu_seqlens style)","vllm/multimodal/video_prune/evs.py:348: text_pos_sum = torch.cumsum(text_mask[local_end:].long(), dim=0)",,,,False,scanner,vllm-c00511,,False,,Integer cumsum is exact; PyTorch only lists floating-point CUDA cumsum as non-deterministic.,98dff2a81d747d1dba01a47f939f48c3526d4206
vllm-0139,vllm,B,torch-op,int64,global,vllm/multimodal/inputs.py,152,155,embeds_cumsum,True,forward,both,n/a,any,,any,,,high,"Integer prefix sum of lengths, counts or offsets (cu_seqlens style)",vllm/multimodal/inputs.py:153: return None if self.is_embed is None else self.is_embed.cumsum(dim=0).tolist(),,,,False,scanner,vllm-c00510,,False,,Integer cumsum is exact; PyTorch only lists floating-point CUDA cumsum as non-deterministic.,98dff2a81d747d1dba01a47f939f48c3526d4206
vllm-0140,vllm,B,torch-op,int64,global,vllm/v1/attention/backends/cpu_attn.py,226,229,build,True,forward,both,n/a,any,,any,,,high,"Integer prefix sum of lengths, counts or offsets (cu_seqlens style)","vllm/v1/attention/backends/cpu_attn.py:227: torch.cumsum(block_nums[:-1], 0, out=start_block_ids[1:])",,,,False,scanner,vllm-c00515,,False,,Integer cumsum is exact; PyTorch only lists floating-point CUDA cumsum as non-deterministic.,98dff2a81d747d1dba01a47f939f48c3526d4206
vllm-0142,vllm,B,torch-op,int64,global,vllm/v1/attention/backends/flashinfer.py,1542,1545,build,True,forward,both,n/a,any,,any,,,high,"Integer prefix sum of lengths, counts or offsets (cu_seqlens style)",vllm/v1/attention/backends/flashinfer.py:1543: torch.cumsum(,,,,False,scanner,vllm-c00518,,False,,Integer cumsum is exact; PyTorch only lists floating-point CUDA cumsum as non-deterministic.,98dff2a81d747d1dba01a47f939f48c3526d4206
vllm-0143,vllm,B,torch-op,int64,global,vllm/v1/attention/backends/flex_attention.py,309,312,unique_static_unsorted,True,forward,both,n/a,any,,any,,,high,"Integer prefix sum of lengths, counts or offsets (cu_seqlens style)","vllm/v1/attention/backends/flex_attention.py:310: dest_pos = torch.cumsum(keep.to(torch.long), dim=1) - 1  # where to go",,,,False,scanner,vllm-c00521,,False,,Integer cumsum is exact; PyTorch only lists floating-point CUDA cumsum as non-deterministic.,98dff2a81d747d1dba01a47f939f48c3526d4206
vllm-0144,vllm,B,torch-op,int64,global,vllm/v1/attention/backends/gdn_attn.py,339,342,build,True,forward,both,n/a,any,,any,,,high,"Integer prefix sum of lengths, counts or offsets (cu_seqlens style)",vllm/v1/attention/backends/gdn_attn.py:340: torch.cumsum(,,,,False,scanner,vllm-c00523,,False,,Integer cumsum is exact; PyTorch only lists floating-point CUDA cumsum as non-deterministic.,98dff2a81d747d1dba01a47f939f48c3526d4206
vllm-0145,vllm,B,torch-op,int64,global,vllm/v1/attention/backends/gdn_attn.py,349,352,build,True,forward,both,n/a,any,,any,,,high,"Integer prefix sum of lengths, counts or offsets (cu_seqlens style)",vllm/v1/attention/backends/gdn_attn.py:350: torch.cumsum(,,,,False,scanner,vllm-c00524,,False,,Integer cumsum is exact; PyTorch only lists floating-point CUDA cumsum as non-deterministic. At this sha the mask argument is the positive non_spec_sequence_masks_cpu instead of ~spec_sequence_masks_cpu; the operation is unchanged.,98dff2a81d747d1dba01a47f939f48c3526d4206
vllm-0146,vllm,B,torch-op,int64,global,vllm/v1/attention/backends/gdn_attn.py,358,361,build,True,forward,both,n/a,any,,any,,,high,"Integer prefix sum of lengths, counts or offsets (cu_seqlens style)",vllm/v1/attention/backends/gdn_attn.py:359: torch.cumsum(,,,,False,scanner,vllm-c00525,,False,,Integer cumsum is exact; PyTorch only lists floating-point CUDA cumsum as non-deterministic. At this sha the mask argument is the positive non_spec_sequence_masks_cpu instead of ~spec_sequence_masks_cpu; the operation is unchanged.,98dff2a81d747d1dba01a47f939f48c3526d4206
vllm-0148,vllm,B,torch-op,int64,global,vllm/v1/attention/backends/mla/indexer.py,1101,1104,build_prefill_chunk_metadata,True,forward,both,n/a,any,,any,,,high,"Integer prefix sum of lengths, counts or offsets (cu_seqlens style)","vllm/v1/attention/backends/mla/indexer.py:1102: torch.cumsum(compressed_seq_lens[start_idx:end_idx], dim=0, out=cu_seq_lens[1:])",,,,False,scanner,vllm-c00527,,False,,Integer cumsum is exact; PyTorch only lists floating-point CUDA cumsum as non-deterministic.,98dff2a81d747d1dba01a47f939f48c3526d4206
vllm-0149,vllm,B,torch-op,int64,global,vllm/v1/attention/backends/mla/indexer.py,1118,1121,build_prefill_chunk_metadata,True,forward,both,n/a,any,,any,,,high,"Integer prefix sum of lengths, counts or offsets (cu_seqlens style)","vllm/v1/attention/backends/mla/indexer.py:1119: torch.cumsum(this_rank_counts, dim=0, out=local_cu_seq_lens[1:])",,,,False,scanner,vllm-c00528,,False,,Integer cumsum is exact; PyTorch only lists floating-point CUDA cumsum as non-deterministic.,98dff2a81d747d1dba01a47f939f48c3526d4206
vllm-0150,vllm,B,torch-op,int64,global,vllm/v1/attention/backends/mla/rocm_aiter_mla.py,953,956,_build_decode,True,forward,both,n/a,any,,any,,,high,"Integer prefix sum of lengths, counts or offsets (cu_seqlens style)","vllm/v1/attention/backends/mla/rocm_aiter_mla.py:954: seq_lens_for_kernel.cumsum(dim=0, dtype=torch.int32),",,,,False,scanner,vllm-c00529,,False,,Integer cumsum is exact; PyTorch only lists floating-point CUDA cumsum as non-deterministic.,98dff2a81d747d1dba01a47f939f48c3526d4206
vllm-0151,vllm,B,torch-op,int64,global,vllm/v1/attention/backends/mla/rocm_aiter_mla_sparse.py,534,537,build,True,forward,both,n/a,any,,any,,,high,"Integer prefix sum of lengths, counts or offsets (cu_seqlens style)","vllm/v1/attention/backends/mla/rocm_aiter_mla_sparse.py:535: torch.cumsum(sparse_seqlen, dim=0, out=self.paged_kv_indptr[1 : num_tokens + 1])",,,,False,scanner,vllm-c00530,,False,,Integer cumsum is exact; PyTorch only lists floating-point CUDA cumsum as non-deterministic.,98dff2a81d747d1dba01a47f939f48c3526d4206
vllm-0152,vllm,B,torch-op,int64,global,vllm/v1/attention/backends/rocm_aiter_fa.py,596,599,build,True,forward,both,n/a,any,,any,,,high,"Integer prefix sum of lengths, counts or offsets (cu_seqlens style)",vllm/v1/attention/backends/rocm_aiter_fa.py:597: torch.cumsum(,,,,False,scanner,vllm-c00533,,False,,Integer cumsum is exact; PyTorch only lists floating-point CUDA cumsum as non-deterministic.,98dff2a81d747d1dba01a47f939f48c3526d4206
vllm-0153,vllm,B,torch-op,int64,global,vllm/v1/attention/backends/rocm_aiter_fa.py,651,654,build,True,forward,both,n/a,any,,any,,,high,"Integer prefix sum of lengths, counts or offsets (cu_seqlens style)",vllm/v1/attention/backends/rocm_aiter_fa.py:652: torch.cumsum(,,,,False,scanner,vllm-c00534,,False,,Integer cumsum is exact; PyTorch only lists floating-point CUDA cumsum as non-deterministic.,98dff2a81d747d1dba01a47f939f48c3526d4206
vllm-0154,vllm,B,torch-op,int64,global,vllm/v1/attention/backends/rocm_aiter_fa.py,665,668,build,True,forward,both,n/a,any,,any,,,high,"Integer prefix sum of lengths, counts or offsets (cu_seqlens style)","vllm/v1/attention/backends/rocm_aiter_fa.py:666: token_to_batch_tensor = torch.cumsum(idx_to_batch_tensor, dim=1)",,,,False,scanner,vllm-c00535,,False,,Integer cumsum is exact; PyTorch only lists floating-point CUDA cumsum as non-deterministic.,98dff2a81d747d1dba01a47f939f48c3526d4206
vllm-0155,vllm,B,torch-op,int64,global,vllm/v1/attention/backends/rocm_aiter_fa.py,685,688,build,True,forward,both,n/a,any,,any,,,high,"Integer prefix sum of lengths, counts or offsets (cu_seqlens style)",vllm/v1/attention/backends/rocm_aiter_fa.py:686: torch.cumsum(,,,,False,scanner,vllm-c00536,,False,,Integer cumsum is exact; PyTorch only lists floating-point CUDA cumsum as non-deterministic.,98dff2a81d747d1dba01a47f939f48c3526d4206
vllm-0158,vllm,B,torch-op,int64,global,vllm/v1/attention/backends/utils.py,667,670,make_kv_sharing_fast_prefill_common_attn_metadata,True,forward,both,n/a,any,,any,,,high,"Integer prefix sum of lengths, counts or offsets (cu_seqlens style)","vllm/v1/attention/backends/utils.py:668: decode_query_start_loc[1:] = torch.cumsum(num_decode_tokens, dim=0)",,,,False,scanner,vllm-c00543,,False,,Integer cumsum is exact; PyTorch only lists floating-point CUDA cumsum as non-deterministic.,98dff2a81d747d1dba01a47f939f48c3526d4206
vllm-0159,vllm,B,torch-op,int64,global,vllm/v1/attention/ops/rocm_aiter_mla_sparse.py,1319,1322,build_ragged_indices_from_dense,True,forward,both,n/a,any,,any,,,high,"Integer prefix sum of lengths, counts or offsets (cu_seqlens style)","vllm/v1/attention/ops/rocm_aiter_mla_sparse.py:1320: torch.cumsum(lengths, dim=0, out=indptr[1:])",,,,False,scanner,vllm-c00545,,False,,Integer cumsum is exact; PyTorch only lists floating-point CUDA cumsum as non-deterministic.,98dff2a81d747d1dba01a47f939f48c3526d4206
vllm-0162,vllm,B,torch-op,int64,global,vllm/v1/sample/rejection_sampler.py,277,280,parse_output,True,forward,both,n/a,any,,any,,,high,"Integer prefix sum of lengths, counts or offsets (cu_seqlens style)",vllm/v1/sample/rejection_sampler.py:278: cu_num_tokens = [0] + valid_mask.sum(axis=1).cumsum().tolist(),,,,False,scanner,vllm-c00557,,False,,Integer cumsum is exact; PyTorch only lists floating-point CUDA cumsum as non-deterministic.,98dff2a81d747d1dba01a47f939f48c3526d4206
vllm-0166,vllm,B,torch-op,int64,global,vllm/v1/spec_decode/ngram_proposer_gpu.py,205,208,forward,True,forward,both,n/a,any,,any,,,high,"Integer prefix sum of lengths, counts or offsets (cu_seqlens style)","vllm/v1/spec_decode/ngram_proposer_gpu.py:206: cum_valid = is_valid.int().cumsum(dim=1)  # [batch, k]",,,,False,scanner,vllm-c00562,,False,,Integer cumsum is exact; PyTorch only lists floating-point CUDA cumsum as non-deterministic.,98dff2a81d747d1dba01a47f939f48c3526d4206
vllm-0168,vllm,B,torch-op,int64,global,vllm/v1/worker/gpu/input_batch.py,154,157,make_dummy,True,forward,both,n/a,any,,any,,,high,"Integer prefix sum of lengths, counts or offsets (cu_seqlens style)",vllm/v1/worker/gpu/input_batch.py:155: torch.cumsum(,,,,False,scanner,vllm-c00568,,False,,Integer cumsum is exact; PyTorch only lists floating-point CUDA cumsum as non-deterministic.,98dff2a81d747d1dba01a47f939f48c3526d4206
vllm-0174,vllm,B-indirect,other,int32,shared,vllm/model_executor/kernels/attention/dsa/dcp_indexer_cutedsl.py,327,330,_radix_pass,True,forward,both,n/a,any,FlashMLA sparse (DSA),any,,,medium,"DSA top-k selection (DCP indexer, CuTe DSL): each key that survives the radix pass takes a slot dst = atomic_add(committed_count_smem, 1) and is written to output[dst] when dst < topk, so the order of selected keys is arrival order.","vllm/model_executor/kernels/attention/dsa/dcp_indexer_cutedsl.py:326-334: dst = cute.arch.atomic_add(committed_count_smem, 1); if dst < topk: output[dst] = key",unknown,,,False,scanner,vllm-c00377,,False,,"Slot order is arrival order. An earlier version of this row carried the description of the DeepGEMM expert scatter, which is now vllm-0188.",98dff2a81d747d1dba01a47f939f48c3526d4206
vllm-0175,vllm,B,library-call,int32,global,vllm/model_executor/kernels/linear/scaled_mm/pytorch.py,177,180,apply_scaled_mm,True,forward,both,n/a,any,,any,,,high,EPLB router: integer count per physical expert.,vllm/model_executor/kernels/linear/scaled_mm/pytorch.py:178: output = torch._scaled_mm(,,,,False,scanner,vllm-c00379,,False,,Exact counts.,98dff2a81d747d1dba01a47f939f48c3526d4206
vllm-0176,vllm,B,torch-op,int32,global,vllm/v1/attention/backends/rocm_aiter_fa.py,685,688,build,True,forward,both,n/a,any,,any,,,high,Sparse MLA: per-token count of valid top-k entries (tile_valid_count summed across tiles).,vllm/v1/attention/backends/rocm_aiter_fa.py:686: torch.cumsum(,,,,False,scanner,vllm-c00536,,False,,"Exact integer sum; the count, not an order, feeds the attention kernel.",98dff2a81d747d1dba01a47f939f48c3526d4206
vllm-0177,vllm,B,torch-op,int32,global,vllm/v1/attention/backends/utils.py,513,516,make_local_attention_virtual_batches,True,forward,both,n/a,any,,any,,,high,"Sparse MLA: same counter, second branch.",vllm/v1/attention/backends/utils.py:514: cu_num_blocks = np.cumsum(local_blocks),,,,False,scanner,vllm-c00540,,False,,Exact.,98dff2a81d747d1dba01a47f939f48c3526d4206
vllm-0178,vllm,B,tl.atomic_or,int32,global,vllm/v1/worker/gpu/sample/penalties.py,248,251,_bincount_kernel,True,forward,both,n/a,any,,any,,,high,Penalty bincount kernel: tl.atomic_or of a bit into the prompt mask.,vllm/v1/worker/gpu/sample/penalties.py:249: tl.atomic_or(,,,,False,scanner,vllm-c00579,,False,,Exact (bitwise or).,98dff2a81d747d1dba01a47f939f48c3526d4206
vllm-0179,vllm,B,tl.atomic_add,int32,global,vllm/v1/worker/gpu/sample/penalties.py,260,263,_bincount_kernel,True,forward,both,n/a,any,,any,,,high,Penalty bincount kernel: integer count per output token.,vllm/v1/worker/gpu/sample/penalties.py:261: tl.atomic_add(,,,,False,scanner,vllm-c00580,,False,,Exact.,98dff2a81d747d1dba01a47f939f48c3526d4206
vllm-0180,vllm,C,library-call,n/a,n/a,vllm/model_executor/layers/utils.py,92,98,default_unquantized_gemm,True,forward,both,both,any,,any,,,high,"Every unquantised linear layer on CUDA: torch.nn.functional.linear, which dispatches to cuBLAS/cuBLASLt through ATen. Under VLLM_BATCH_INVARIANT the aten::linear override replaces it on Ampere, and CUBLAS_WORKSPACE_CONFIG/CUBLASLT_WORKSPACE_SIZE are pinned on Hopper/Blackwell. The batch-invariant module moved to vllm/model_executor/determinism/batch_invariant.py at this sha.","vllm/model_executor/layers/utils.py:98: return torch.nn.functional.linear(x, weight, bias) | vllm/model_executor/determinism/batch_invariant.py:920-933: batch-invariant mode overrides aten::mm/addmm/matmul/linear on sm80 and, on sm90/sm100, sets CUBLAS_WORKSPACE_CONFIG=:16:8 and CUBLASLT_WORKSPACE_SIZE=1 instead",,cuBLASLt,,False,manual,,,False,cuBLASLt linear bf16: identical/identical (NVIDIA-B200-580.167.08-torch2.13.0+cu130; relation=operator_example; evaluations=240; kernel_identity_verified=False) | cuBLASLt mm bf16: identical/identical (NVIDIA-B200-580.167.08-torch2.13.0+cu130; relation=operator_example; evaluations=240; kernel_identity_verified=False) | vllm_qwen3_8b_bf16_x12: DIFFERS/identical (NVIDIA-B200-580.167.08-torch2.13.0+cu130; relation=end_to_end_configuration; evaluations=26; kernel_identity_verified=False) | cuBLASLt linear bf16: identical/identical (NVIDIA-H100-80GB-HBM3-580.126.09-torch2.13.0+cu130; relation=operator_example; evaluations=480; kernel_identity_verified=False) | cuBLASLt linear fp16: identical/identical (NVIDIA-H100-80GB-HBM3-580.126.09-torch2.13.0+cu130; relation=operator_example; evaluations=240; kernel_identity_verified=False) | cuBLASLt mm bf16: identical/identical (NVIDIA-H100-80GB-HBM3-580.126.09-torch2.13.0+cu130; relation=operator_example; evaluations=480; kernel_identity_verified=False) | cuBLASLt mm fp16: identical/identical (NVIDIA-H100-80GB-HBM3-580.126.09-torch2.13.0+cu130; relation=operator_example; evaluations=240; kernel_identity_verified=False) | vllm_qwen2.5_7b_dense_bf16_one_seq_per_batch_x6: identical/identical (NVIDIA-H100-80GB-HBM3-580.126.09-torch2.13.0+cu130; relation=end_to_end_configuration; evaluations=14; kernel_identity_verified=False) | vllm_qwen3_8b_bf16_batch_invariant_x12: identical/identical (NVIDIA-H100-80GB-HBM3-580.126.09-torch2.13.0+cu130; relation=end_to_end_configuration; evaluations=26; kernel_identity_verified=False) | vllm_qwen3_8b_bf16_x12: DIFFERS/identical (NVIDIA-H100-80GB-HBM3-580.126.09-torch2.13.0+cu130; relation=end_to_end_configuration; evaluations=26; kernel_identity_verified=False) | batch_composition_qwen2.5_7b_bf16: identical/identical (NVIDIA-H100-80GB-HBM3-580.159.04-torch2.13.0+cu130; relation=end_to_end_configuration; evaluations=48; kernel_identity_verified=False) | batch_composition_qwen3_8b_bf16: identical/identical (NVIDIA-H100-80GB-HBM3-580.159.04-torch2.13.0+cu130; relation=end_to_end_configuration; evaluations=48; kernel_identity_verified=False) | cuBLASLt linear bf16: identical/identical (NVIDIA-RTX-PRO-6000-Blackwell-Server-Edition-595.91.07-torch2.14.0+cu130; relation=operator_example; evaluations=240; kernel_identity_verified=False) | cuBLASLt mm bf16: identical/identical (NVIDIA-RTX-PRO-6000-Blackwell-Server-Edition-595.91.07-torch2.14.0+cu130; relation=operator_example; evaluations=240; kernel_identity_verified=False),,98dff2a81d747d1dba01a47f939f48c3526d4206
vllm-0181,vllm,C,library-call,n/a,n/a,vllm/model_executor/kernels/linear/scaled_mm/pytorch.py,106,110,PyTorch scaled-mm kernel,True,forward,both,both,any,,any,,,high,"FP8 linear layers on the PyTorch scaled_mm backend: torch._scaled_mm, which is a cuBLASLt matmul.",vllm/model_executor/kernels/linear/scaled_mm/pytorch.py:108: output = torch._scaled_mm(...),,cuBLASLt,,False,scanner,vllm-c00378,,False,,,98dff2a81d747d1dba01a47f939f48c3526d4206
vllm-0182,vllm,C,library-call,n/a,n/a,vllm/distributed/device_communicators/cuda_communicator.py,278,284,CudaCommunicator.all_reduce,True,forward,both,both,any,,any,,,high,"Tensor-parallel all-reduce when the custom all-reduce is not used: PyNccl (NCCL) collectives. Batch-invariant mode pins NCCL_ALGO=allreduce:tree, one channel and the Simple protocol. At this sha the method first considers a FlashInfer all-reduce communicator before the NCCL symmetric-memory branch. The batch-invariant module moved to vllm/model_executor/determinism/batch_invariant.py.","vllm/distributed/device_communicators/cuda_communicator.py:278: def all_reduce(self, input_) | vllm/model_executor/determinism/batch_invariant.py:980-995: NCCL environment pinned under VLLM_BATCH_INVARIANT (NCCL_ALGO=allreduce:tree, NCCL_PROTO=Simple, one channel, NVLS and CollNet off)",,NCCL,,False,manual,,,False,nccl_allreduce_rank0_Tree: identical/identical (NVIDIA-H100-80GB-HBM3-580.126.09-torch2.13.0+cu130; relation=operator_example; evaluations=8; kernel_identity_verified=False) | nccl_allreduce_rank0_default: identical/identical (NVIDIA-H100-80GB-HBM3-580.126.09-torch2.13.0+cu130; relation=operator_example; evaluations=8; kernel_identity_verified=False) | nccl_allreduce_rank1_Tree: identical/identical (NVIDIA-H100-80GB-HBM3-580.126.09-torch2.13.0+cu130; relation=operator_example; evaluations=8; kernel_identity_verified=False) | nccl_allreduce_rank1_default: identical/identical (NVIDIA-H100-80GB-HBM3-580.126.09-torch2.13.0+cu130; relation=operator_example; evaluations=8; kernel_identity_verified=False) | vllm_qwen3_8b_bf16_tp2_batch_invariant_x6: identical/identical (NVIDIA-H100-80GB-HBM3-580.126.09-torch2.13.0+cu130; relation=end_to_end_configuration; evaluations=14; kernel_identity_verified=False) | vllm_qwen3_8b_bf16_tp2_nccl_one_seq_x6: identical/identical (NVIDIA-H100-80GB-HBM3-580.126.09-torch2.13.0+cu130; relation=end_to_end_configuration; evaluations=14; kernel_identity_verified=False) | vllm_qwen3_8b_bf16_tp2_nccl_x6: DIFFERS/identical (NVIDIA-H100-80GB-HBM3-580.126.09-torch2.13.0+cu130; relation=end_to_end_configuration; evaluations=14; kernel_identity_verified=False) | nccl_allreduce_rank0_Tree_cancellation: identical/identical (NVIDIA-L40S-580.178.04-torch2.9.1+cu130; relation=operator_example; evaluations=8; kernel_identity_verified=False) | nccl_allreduce_rank0_Tree_random: identical/identical (NVIDIA-L40S-580.178.04-torch2.9.1+cu130; relation=operator_example; evaluations=8; kernel_identity_verified=False) | nccl_allreduce_rank0_default_cancellation: identical/identical (NVIDIA-L40S-580.178.04-torch2.9.1+cu130; relation=operator_example; evaluations=8; kernel_identity_verified=False) | nccl_allreduce_rank0_default_random: identical/identical (NVIDIA-L40S-580.178.04-torch2.9.1+cu130; relation=operator_example; evaluations=8; kernel_identity_verified=False) | nccl_allreduce_rank1_Tree_cancellation: identical/identical (NVIDIA-L40S-580.178.04-torch2.9.1+cu130; relation=operator_example; evaluations=8; kernel_identity_verified=False) | nccl_allreduce_rank1_Tree_random: identical/identical (NVIDIA-L40S-580.178.04-torch2.9.1+cu130; relation=operator_example; evaluations=8; kernel_identity_verified=False) | nccl_allreduce_rank1_default_cancellation: identical/identical (NVIDIA-L40S-580.178.04-torch2.9.1+cu130; relation=operator_example; evaluations=8; kernel_identity_verified=False) | nccl_allreduce_rank1_default_random: identical/identical (NVIDIA-L40S-580.178.04-torch2.9.1+cu130; relation=operator_example; evaluations=8; kernel_identity_verified=False) | nccl_allreduce_rank2_Tree_cancellation: identical/identical (NVIDIA-L40S-580.178.04-torch2.9.1+cu130; relation=operator_example; evaluations=8; kernel_identity_verified=False) | nccl_allreduce_rank2_Tree_random: identical/identical (NVIDIA-L40S-580.178.04-torch2.9.1+cu130; relation=operator_example; evaluations=8; kernel_identity_verified=False) | nccl_allreduce_rank2_default_cancellation: identical/identical (NVIDIA-L40S-580.178.04-torch2.9.1+cu130; relation=operator_example; evaluations=8; kernel_identity_verified=False) | nccl_allreduce_rank2_default_random: identical/identical (NVIDIA-L40S-580.178.04-torch2.9.1+cu130; relation=operator_example; evaluations=8; kernel_identity_verified=False),The custom all-reduce (csrc/custom_all_reduce.cuh) is source-visible and fixed order; see the allowlist.,98dff2a81d747d1dba01a47f939f48c3526d4206
vllm-0183,vllm,C,library-call,n/a,n/a,vllm/utils/flashinfer.py,517,523,use_trtllm_attention,True,forward,both,both,any,,any,,,high,FlashInfer's TensorRT-LLM attention kernels (pre-compiled cubins) are selected for the FlashInfer backend on sm100+ (prefill and decode) and sm90 decode (XQA) unless VLLM_USE_TRTLLM_ATTENTION disables them or batch-invariant mode is on.,vllm/utils/flashinfer.py:474-476: Batch-invariant mode disables TRTLLM attention | vllm/utils/flashinfer.py:517: def use_trtllm_attention(...),,TensorRT-LLM cubin,,False,manual,,,False,fi_decode_trtllm-gen: identical/identical (NVIDIA-B200-580.167.08-torch2.13.0+cu130; relation=operator_example; evaluations=8; kernel_identity_verified=False),The cubin surface itself is recorded in the FlashInfer inventory.,98dff2a81d747d1dba01a47f939f48c3526d4206
vllm-0184,vllm,C,library-call,n/a,n/a,vllm/v1/attention/ops/vit_attn_wrappers.py,356,361,vit cuDNN attention wrapper,unknown,forward,both,both,any,,any,,,high,Vision-encoder attention through FlashInfer's cudnn_batch_prefill_with_kv_cache (cuDNN fused attention).,"vllm/v1/attention/ops/vit_attn_wrappers.py:358: output, _ = cudnn_batch_prefill_with_kv_cache(...)",,cuDNN,,False,scanner,vllm-c00546,,False,,,98dff2a81d747d1dba01a47f939f48c3526d4206
vllm-0185,vllm,C,library-call,n/a,n/a,vllm/v1/attention/backends/mla/flashmla_sparse.py,918,923,FlashMLASparse (sparse attention call),True,forward,both,both,any,,any,,,high,DeepSeek sparse attention: flash_mla_sparse_fwd from the external FlashMLA package consumes the top-k indices produced by the kernels above (vllm-0038 to vllm-0044).,"vllm/v1/attention/backends/mla/flashmla_sparse.py:919-925: output, _, lse = flash_mla_sparse_fwd(q, kv_c_and_k_pe_cache, topk_indices, self.softmax_scale, topk_length=topk_length) | vllm/v1/attention/backends/mla/flashmla_sparse.py:39-44: imported from vllm.v1.attention.ops.flashmla (the FlashMLA package)",,other,,False,manual,,,False,,deepseek-ai/FlashMLA is not one of the scanned repositories. At this sha the call also returns a log-sum-exp tensor and takes a topk_length argument; the reduction remains inside the library.,98dff2a81d747d1dba01a47f939f48c3526d4206
vllm-0186,vllm,A3,other,float32,global,csrc/libtorch_stable/quantization/w8a8/cutlass/scaled_mm_c2x.cuh,133,137,cutlass_gemm_caller (sm75-sm89 scaled_mm),True,forward,both,dense,int8 w8a8;fp8 w8a8 (sm89),,any,cutlass::gemm::GemmUniversalMode (constant kGemmSplitKParallel),kGemmSplitKParallel,medium,INT8/FP8 scaled matmul on sm75-sm89 through CUTLASS 2.x GemmUniversal in kGemmSplitKParallel mode with the stream-K threadblock swizzle: partial tiles go to a workspace and are combined by CUTLASS's reduction path rather than by atomics.,csrc/libtorch_stable/quantization/w8a8/cutlass/scaled_mm_c2x.cuh:134: cutlass::gemm::GemmUniversalMode::kGemmSplitKParallel | csrc/libtorch_stable/quantization/w8a8/cutlass/scaled_mm_c2x.cuh:89: cutlass::gemm::threadblock::ThreadblockSwizzleStreamK,,,"INT8 or FP8 scaled_mm on sm75 to sm89 through the CUTLASS 2.x path; parallel split-K with a separate reduction, so deterministic",False,manual,,csrc/libtorch_stable/quantization/w8a8/cutlass/scaled_mm_c2x.cu:41,False,,"Class A3 by design (workspace plus reduce); confidence medium pending the CUTLASS phase. sm90+ scaled_mm (c3x) uses PersistentScheduler with no split-K (scaled_mm.cuh:82, scaled_mm_sm90_fp8_dispatch.cuh:97).",98dff2a81d747d1dba01a47f939f48c3526d4206
vllm-0187,vllm,A3,other,float32,global,csrc/libtorch_stable/quantization/machete/generate.py,503,507,Machete kernel generation (stream-K scheduler),True,forward,both,dense,gptq/awq/compressed-tensors wNa16 on sm90 (Machete),,any,CUTLASS PersistentTileSchedulerSm90StreamKParams::ReductionMode,not set by Machete (CUTLASS default applies),low,Machete (sm90 mixed-precision GEMM) instantiates CUTLASS 3.x kernels with TileSchedulerType.StreamK. CUTLASS 3.x stream-K carries a ReductionMode; the mode Machete uses and whether it is the deterministic one is settled in the CUTLASS inventory.,csrc/libtorch_stable/quantization/machete/generate.py:506: tile_scheduler=TileSchedulerType.StreamK,,,"Machete mixed-precision kernel on sm90, the first choice for GPTQ and AWQ there; CUTLASS default reduction mode, so deterministic",False,manual,,vllm/model_executor/kernels/linear/mixed_precision/machete.py:147;vllm/_custom_ops.py:1363,False,vllm_qwen2.5_1.5b_gptq_machete_one_seq_x6: identical/identical (NVIDIA-H100-80GB-HBM3-580.126.09-torch2.13.0+cu130; relation=end_to_end_configuration; evaluations=14; kernel_identity_verified=False) | vllm_qwen2.5_1.5b_gptq_x6: DIFFERS/DIFFERS (NVIDIA-H100-80GB-HBM3-580.126.09-torch2.13.0+cu130; relation=end_to_end_configuration; evaluations=14; kernel_identity_verified=False) | vllm_qwen2.5_7b_gptq_machete_fp16_x6: identical/identical (NVIDIA-H100-80GB-HBM3-580.126.09-torch2.13.0+cu130; relation=end_to_end_configuration; evaluations=14; kernel_identity_verified=False),Pending the CUTLASS phase.,98dff2a81d747d1dba01a47f939f48c3526d4206
vllm-0188,vllm,B-indirect,tl.atomic_add,int32,global,vllm/model_executor/layers/fused_moe/deep_gemm_utils.py,248,253,_fwd_kernel_ep_scatter_2,True,forward,both,moe,any,,EP,,,high,"DeepGEMM expert scatter: ticket dest_token_index = tl.atomic_add(expert_start_loc + expert_id, 1) places each token in its expert's contiguous range.","vllm/model_executor/layers/fused_moe/deep_gemm_utils.py:248: dest_token_index = tl.atomic_add(expert_start_loc + expert_id, 1) | vllm/model_executor/layers/fused_moe/deep_gemm_utils.py:250-257: the ticket is stored in output_index and selects the row of output_tensor",True,,DeepGEMM MoE backend with expert parallelism,False,scanner,vllm-c00386,,False,,Slot order within an expert is arrival order.,98dff2a81d747d1dba01a47f939f48c3526d4206
vllm-0189,vllm,B-indirect,tl.atomic_add,int32,global,vllm/v1/attention/backends/mla/sparse_utils.py,132,139,_convert_req_index_to_global_index_kernel,unknown,forward,both,n/a,any,FlashMLA sparse (DSA),any,,,medium,DSA index compaction (COMPACT_TO_FRONT): one atomic add of a tile's valid count reserves a contiguous base for that tile's slots in the compacted top-k index list.,"vllm/v1/attention/backends/mla/sparse_utils.py:136: base = tl.atomic_add(valid_count_ptr + token_id, tile_valid_count) in the non-SINGLE_TILE branch | vllm/v1/attention/backends/mla/sparse_utils.py:123-128: comment: one atomic add of the tile's valid count reserves a contiguous base across racing tiles; with no racing tiles the base is 0 and the allocator becomes a store | vllm/v1/attention/backends/mla/sparse_utils.py:147-152: the COUNT_VALID branch is a plain count (class B) | vllm/v1/attention/backends/mla/sparse_utils.py:169-174: _remap_tiling sets single_tile only when count_valid and the top-k width is a power of two, in which case one program owns the whole row and no atomic runs; other widths stay tiled and atomic",unknown,,,False,scanner,vllm-c00531,,False,,"The order of index blocks in the compacted list follows tile arrival. Whether COMPACT_TO_FRONT is set on the default DSA path was not read. New at this sha: a SINGLE_TILE branch replaces the atomic with a plain store when one program covers the whole row, which _remap_tiling selects only for the counting mode at power-of-two top-k widths, so the compaction path here still takes the atomic.",98dff2a81d747d1dba01a47f939f48c3526d4206
vllm-0190,vllm,B,tl.atomic_add,int32,global,vllm/model_executor/layers/fused_moe/router/base_router.py,92,93,_eplb_map_and_record_i32_kernel,unknown,forward,both,moe,any,,any,,,high,EPLB expert-load counter incremented per routed token.,"vllm/model_executor/layers/fused_moe/router/base_router.py:93: tl.atomic_add(out_ptr + safe_physical_id, 1, mask=valid)",,,,False,scanner,vllm-c00390,,False,,Exact integer count.,98dff2a81d747d1dba01a47f939f48c3526d4206
vllm-0191,vllm,A,torch-op,unknown,global,vllm/model_executor/layers/fused_moe/topk_weight_and_reduce.py,177,181,TopKWeightAndReduceNaiveBatched.apply,False,forward,both,moe,any,,EP;DP,torch.use_deterministic_algorithms,False,medium,"Batched MoE combine: the batched prepare/finalize pair reduces an (E_local, T, K) expert output back to (T, K) with one vectorised output.index_add_(0, t_idx, gathered). t_idx lists every (local expert, token) hit, so a token routed to more than one local expert appears several times and its expert outputs accumulate into the same row through the operator's atomic path. New at this sha: at the July pin the same class summed expert by expert with output[topks] = output[topks] + rhs, one writer per destination per step. The batched prepare/finalize is built only for the opt-in XPU batched_triton MoE backend, so a stock CUDA deployment does not reach it.","vllm/model_executor/layers/fused_moe/topk_weight_and_reduce.py:181: output.index_add_(0, t_idx, gathered.to(output.dtype)) | vllm/model_executor/layers/fused_moe/topk_weight_and_reduce.py:172-175: matching = topk_ids.unsqueeze(0) == local_ids; hits = matching.any(dim=2); e_idx, t_idx = hits.nonzero(as_tuple=True): one entry per (local expert, token) pair, so t repeats once per local expert that token routes to | vllm/model_executor/layers/fused_moe/topk_weight_and_reduce.py:151-158: output is zeroed first, so the stored value is exactly the sum of the token's per-expert contributions | vllm/model_executor/layers/fused_moe/prepare_finalize/batched.py:174-182: BatchedPrepareAndFinalize.finalize substitutes TopKWeightAndReduceNaiveBatched when the experts leave the reduction to the prepare/finalize pair | vllm/model_executor/layers/fused_moe/all2all_utils.py:179-185: the only construction of BatchedPrepareAndFinalize: current_platform.is_xpu() and moe.moe_backend == ""batched_triton""",,,,False,scanner,vllm-c00393,vllm/model_executor/layers/fused_moe/prepare_finalize/batched.py:174-182;vllm/model_executor/layers/fused_moe/all2all_utils.py:179-185,False,,"Library operator; whether the installed PyTorch build uses an atomic scatter for index_add_ on the device in use is not visible from this source. Only reachable with the XPU batched_triton MoE backend at this sha, so default_path is false; if another prepare/finalize pair starts to use TopKWeightAndReduceNaiveBatched the reachability has to be re-read. Replaces no earlier row: the July pin's per-expert loop had one writer per destination.",98dff2a81d747d1dba01a47f939f48c3526d4206
